-- phpMyAdmin SQL Dump
-- version 5.0.2
-- https://www.phpmyadmin.net/
--
-- Servidor: 127.0.0.1
-- Tiempo de generación: 16-11-2020 a las 14:25:05
-- Versión del servidor: 10.4.13-MariaDB
-- Versión de PHP: 7.2.31

SET SQL_MODE = "NO_AUTO_VALUE_ON_ZERO";
START TRANSACTION;
SET time_zone = "+00:00";


/*!40101 SET @OLD_CHARACTER_SET_CLIENT=@@CHARACTER_SET_CLIENT */;
/*!40101 SET @OLD_CHARACTER_SET_RESULTS=@@CHARACTER_SET_RESULTS */;
/*!40101 SET @OLD_COLLATION_CONNECTION=@@COLLATION_CONNECTION */;
/*!40101 SET NAMES utf8mb4 */;

--
-- Base de datos: `sistemaproyectos`
--

-- --------------------------------------------------------

--
-- Estructura de tabla para la tabla `agrupacion`
--

CREATE TABLE `agrupacion` (
  `ID_AGRUP` int(11) NOT NULL,
  `NOM_AGRUP` char(100) COLLATE utf8_spanish_ci DEFAULT NULL
) ENGINE=InnoDB DEFAULT CHARSET=utf8 COLLATE=utf8_spanish_ci;

--
-- Volcado de datos para la tabla `agrupacion`
--

INSERT INTO `agrupacion` (`ID_AGRUP`, `NOM_AGRUP`) VALUES
(1, 'Administración'),
(2, 'Adm - Instalaciones'),
(3, 'Cotizaciones'),
(4, 'Proyecto F.O.'),
(5, 'Inst - Piloto AT'),
(6, 'Inst - Team UM'),
(7, 'Inst TX VIII CRM'),
(8, 'Servicios RAN'),
(9, 'Retiros E Zapata'),
(10, 'Huawei'),
(11, 'Adm - Ranco'),
(12, 'Adm - Serv'),
(13, 'Adm - TX'),
(14, 'CCO'),
(15, 'Cierres Contables'),
(16, 'Ingeniería'),
(17, 'Servicio HH'),
(18, 'Soporte O&M Backhaul'),
(19, 'Gestores de Calidad'),
(20, 'Switch Microsens'),
(21, 'Arriendo Oficina'),
(22, 'Spirent'),
(23, 'Fijo Electrotel'),
(24, 'Mesa de compra'),
(25, 'Inst Otros'),
(26, 'Bodega Temuco'),
(27, 'Inst - Team FG'),
(28, 'Control de Accesos');

-- --------------------------------------------------------

--
-- Estructura de tabla para la tabla `cargo`
--

CREATE TABLE `cargo` (
  `ID_CARGO` int(11) NOT NULL,
  `NOM_CARGO` char(20) COLLATE utf8_spanish_ci NOT NULL
) ENGINE=InnoDB DEFAULT CHARSET=utf8 COLLATE=utf8_spanish_ci;

--
-- Volcado de datos para la tabla `cargo`
--

INSERT INTO `cargo` (`ID_CARGO`, `NOM_CARGO`) VALUES
(1, 'Supervisor'),
(2, 'Coordinador'),
(3, 'Responsable');

-- --------------------------------------------------------

--
-- Estructura de tabla para la tabla `cargo_de_persona`
--

CREATE TABLE `cargo_de_persona` (
  `ID_CARGO` int(11) NOT NULL,
  `ID_PERSONAS` int(11) NOT NULL
) ENGINE=InnoDB DEFAULT CHARSET=utf8 COLLATE=utf8_spanish_ci;

--
-- Volcado de datos para la tabla `cargo_de_persona`
--

INSERT INTO `cargo_de_persona` (`ID_CARGO`, `ID_PERSONAS`) VALUES
(1, 1),
(1, 2),
(1, 3),
(1, 4),
(1, 5),
(1, 6),
(1, 7),
(1, 8),
(1, 9),
(1, 10),
(1, 12),
(1, 13),
(1, 14),
(1, 15),
(1, 16),
(1, 17),
(1, 18),
(1, 19),
(1, 20),
(1, 21),
(1, 22),
(1, 23),
(1, 24),
(1, 25),
(1, 26),
(1, 27),
(1, 28),
(1, 29),
(1, 30),
(1, 31),
(1, 32),
(1, 33),
(1, 34),
(1, 36),
(1, 37),
(1, 38),
(1, 39),
(1, 40),
(1, 41),
(1, 43),
(1, 44),
(1, 45),
(1, 46),
(1, 47),
(1, 48),
(1, 49),
(1, 50),
(1, 51),
(1, 52),
(1, 53),
(1, 54),
(1, 55),
(1, 56),
(1, 57),
(1, 58),
(1, 59),
(1, 60),
(1, 61),
(1, 62),
(1, 63),
(1, 64),
(1, 65),
(1, 66),
(1, 67),
(1, 68),
(1, 69),
(1, 70),
(1, 71),
(1, 72),
(1, 73),
(1, 74),
(1, 76),
(1, 77),
(2, 1),
(2, 2),
(2, 3),
(2, 4),
(2, 5),
(2, 6),
(2, 7),
(2, 8),
(2, 9),
(2, 10),
(2, 12),
(2, 13),
(2, 14),
(2, 15),
(2, 16),
(2, 17),
(2, 18),
(2, 19),
(2, 20),
(2, 21),
(2, 22),
(2, 23),
(2, 24),
(2, 25),
(2, 26),
(2, 27),
(2, 28),
(2, 29),
(2, 30),
(2, 31),
(2, 32),
(2, 33),
(2, 34),
(2, 36),
(2, 37),
(2, 38),
(2, 39),
(2, 40),
(2, 41),
(2, 43),
(2, 44),
(2, 45),
(2, 46),
(2, 47),
(2, 48),
(2, 49),
(2, 50),
(2, 51),
(2, 52),
(2, 53),
(2, 54),
(2, 55),
(2, 56),
(2, 57),
(2, 58),
(2, 59),
(2, 60),
(2, 61),
(2, 62),
(2, 63),
(2, 64),
(2, 65),
(2, 66),
(2, 67),
(2, 68),
(2, 69),
(2, 70),
(2, 71),
(2, 72),
(2, 73),
(2, 74),
(2, 76),
(2, 77);

-- --------------------------------------------------------

--
-- Estructura de tabla para la tabla `centro_de_costo`
--

CREATE TABLE `centro_de_costo` (
  `NOM_CC` char(30) COLLATE utf8_spanish_ci NOT NULL,
  `ID_CC` int(11) NOT NULL,
  `ID_LINEA` int(11) NOT NULL,
  `ID_AGRUP` int(11) NOT NULL,
  `ID_DETALLE` int(11) NOT NULL,
  `ESTADO` char(10) COLLATE utf8_spanish_ci NOT NULL
) ENGINE=InnoDB DEFAULT CHARSET=utf8 COLLATE=utf8_spanish_ci;

--
-- Volcado de datos para la tabla `centro_de_costo`
--

INSERT INTO `centro_de_costo` (`NOM_CC`, `ID_CC`, `ID_LINEA`, `ID_AGRUP`, `ID_DETALLE`, `ESTADO`) VALUES
('Administración', 1, 1, 1, 1, 'ACTIVO'),
('Área Comercial', 2, 1, 1, 1, 'ACTIVO'),
('Informática', 3, 1, 1, 1, 'ACTIVO'),
('Adm Instalaciones', 4, 2, 2, 2, 'ACTIVO'),
('Inst Crm', 5, 2, 3, 3, 'ACTIVO'),
('Inst Infra', 6, 2, 3, 3, 'ACTIVO'),
('Inst Mac', 7, 2, 3, 3, 'ACTIVO'),
('Inst UM', 8, 2, 3, 3, 'ACTIVO'),
('Ins FO RM', 9, 2, 4, 3, 'ACTIVO'),
('Ampliaciones Cra', 10, 2, 4, 3, 'ACTIVO'),
('Gpon Cluster Stgo', 11, 2, 4, 3, 'ACTIVO'),
('Gpon Cluster Alvarez De Toledo', 12, 2, 4, 3, 'ACTIVO'),
('Inst Piloto AT', 13, 2, 5, 4, 'ACTIVO'),
('Inst TX IV', 14, 2, 6, 4, 'ACTIVO'),
('Inst TX IX', 15, 2, 6, 4, 'ACTIVO'),
('Inst TX RM', 16, 2, 6, 4, 'ACTIVO'),
('Inst TX VI', 17, 2, 6, 4, 'ACTIVO'),
('Inst TX VII', 18, 2, 6, 4, 'ACTIVO'),
('Inst TX VIII', 19, 2, 6, 4, 'ACTIVO'),
('Inst TX VIII CRM', 20, 2, 7, 4, 'ACTIVO'),
('Integraciones Ranco', 21, 2, 8, 3, 'ACTIVO'),
('Integraciones Miguel Rivera', 22, 2, 8, 3, 'ACTIVO'),
('Integraciones UM', 23, 2, 8, 3, 'ACTIVO'),
('Inst Ranco Ag', 24, 2, 8, 3, 'ACTIVO'),
('Retiros E Zapata', 25, 2, 9, 3, 'ACTIVO'),
('Inst Huawei 100 Links', 26, 2, 10, 3, 'ACTIVO'),
('Inst Huawei Movistar Ran', 27, 2, 8, 3, 'ACTIVO'),
('Inst Huawei Wom', 28, 2, 10, 3, 'ACTIVO'),
('Bodega Huawei', 29, 2, 10, 6, 'ACTIVO'),
('Adm Ranco', 30, 3, 11, 6, 'ACTIVO'),
('Adm Serv', 31, 3, 12, 6, 'ACTIVO'),
('Adm Tx', 32, 3, 13, 6, 'ACTIVO'),
('CCO', 33, 3, 14, 6, 'ACTIVO'),
('CCO PE', 34, 3, 14, 6, 'ACTIVO'),
('Cierres Contables', 35, 3, 15, 6, 'ACTIVO'),
('Ingenieria', 36, 3, 16, 6, 'ACTIVO'),
('Servicio HH', 37, 3, 17, 6, 'ACTIVO'),
('Servicio técnico', 38, 3, 14, 6, 'ACTIVO'),
('Soporte OM Backhaul', 39, 3, 18, 6, 'ACTIVO'),
('Gestores De Calidad', 40, 3, 19, 6, 'ACTIVO'),
('Swicth Microsens', 41, 4, 20, 5, 'ACTIVO'),
('Arriendo Oficina', 42, 3, 21, 6, 'ACTIVO'),
('Spirent', 43, 3, 22, 7, 'ACTIVO'),
('Sin información', 44, 1, 1, 1, 'Activo'),
('Mesa de Compra', 45, 3, 24, 6, 'Activo'),
('Inst Electrotel TX', 46, 2, 23, 4, 'Activo'),
('Inst Otros', 47, 2, 25, 3, 'Activo'),
('Bodega Temuco', 48, 3, 26, 6, 'Activo'),
('Inst TX V', 49, 2, 27, 4, 'Activo'),
('Inst Calidad', 50, 2, 27, 4, 'Activo'),
('INST TX RM G2 2020', 51, 2, 6, 4, 'ACTIVO'),
('INST TX VI 2020', 52, 2, 6, 4, 'ACTIVO'),
('INST TX VIII  2020', 53, 2, 6, 4, 'ACTIVO'),
('Control de Accesos', 55, 2, 28, 8, 'ACTIVO');

-- --------------------------------------------------------

--
-- Estructura de tabla para la tabla `ciudad`
--

CREATE TABLE `ciudad` (
  `ID_CIUDAD` int(11) NOT NULL,
  `ID_REGION` int(11) DEFAULT NULL,
  `NOM_CIUDAD` char(30) COLLATE utf8_spanish_ci NOT NULL
) ENGINE=InnoDB DEFAULT CHARSET=utf8 COLLATE=utf8_spanish_ci;

--
-- Volcado de datos para la tabla `ciudad`
--

INSERT INTO `ciudad` (`ID_CIUDAD`, `ID_REGION`, `NOM_CIUDAD`) VALUES
(1, 1, 'Arica'),
(2, 1, 'Parinacota'),
(3, 2, 'Iquique'),
(4, 2, 'El Tamarugal'),
(5, 3, 'Antofagasta'),
(6, 3, 'El Loa'),
(7, 3, 'Tocopilla'),
(8, 4, 'Chañaral'),
(9, 4, 'Copiapó'),
(10, 4, 'Huasco'),
(11, 5, 'Choapa'),
(12, 5, 'Elqui'),
(13, 5, 'Limarí'),
(14, 6, 'Isla de Pascua'),
(15, 6, 'Los Andes'),
(16, 6, 'Petorca'),
(17, 6, 'Quillota'),
(18, 6, 'San Antonio'),
(19, 6, 'San Felipe de Aconcagua'),
(20, 6, 'Valparaiso'),
(21, 7, 'Chacabuco'),
(22, 7, 'Cordillera'),
(23, 7, 'Maipo'),
(24, 7, 'Melipilla'),
(25, 7, 'Santiago'),
(26, 7, 'Talagante'),
(27, 7, 'Cachapoal'),
(28, 8, 'Cardenal Caro'),
(29, 8, 'Colchagua'),
(30, 9, 'Cauquenes'),
(31, 9, 'Curicó'),
(32, 9, 'Linares'),
(33, 9, 'Talca'),
(34, 10, 'Arauco'),
(35, 10, 'Bio Bío'),
(36, 10, 'Concepción'),
(37, 10, 'Ñuble'),
(38, 11, 'Cautín'),
(39, 11, 'Malleco'),
(40, 12, 'Valdivia'),
(41, 12, 'Ranco'),
(42, 13, 'Chiloé'),
(43, 13, 'Llanquihue'),
(44, 13, 'Osorno'),
(45, 13, 'Palena'),
(46, 14, 'Aysén'),
(47, 14, 'Capitán Prat'),
(48, 14, 'Coihaique'),
(49, 14, 'General Carrera'),
(50, 15, 'Antártica Chilena'),
(51, 15, 'Magallanes'),
(52, 15, 'Tierra del Fuego'),
(53, 15, 'Última Esperanza'),
(1000, 1000, 'Sin información');

-- --------------------------------------------------------

--
-- Estructura de tabla para la tabla `cliente`
--

CREATE TABLE `cliente` (
  `RUT_CL` char(9) COLLATE utf8_spanish_ci NOT NULL,
  `NOM_CL` char(50) COLLATE utf8_spanish_ci NOT NULL,
  `ID_CL` int(11) NOT NULL
) ENGINE=InnoDB DEFAULT CHARSET=utf8 COLLATE=utf8_spanish_ci;

--
-- Volcado de datos para la tabla `cliente`
--

INSERT INTO `cliente` (`RUT_CL`, `NOM_CL`, `ID_CL`) VALUES
('111111111', 'Sin información', 1),
('111111111', 'Entel S.A', 2);

-- --------------------------------------------------------

--
-- Estructura de tabla para la tabla `comprometidos`
--

CREATE TABLE `comprometidos` (
  `CP` int(11) NOT NULL,
  `ID_CARGO` int(11) NOT NULL,
  `ID_PERSONAS` int(11) NOT NULL
) ENGINE=InnoDB DEFAULT CHARSET=utf8 COLLATE=utf8_spanish_ci;

--
-- Volcado de datos para la tabla `comprometidos`
--

INSERT INTO `comprometidos` (`CP`, `ID_CARGO`, `ID_PERSONAS`) VALUES
(10001, 1, 53),
(10001, 2, 1),
(10002, 1, 70),
(10002, 2, 2),
(10003, 1, 16),
(10003, 2, 2),
(10004, 1, 44),
(10004, 2, 1),
(10005, 1, 26),
(10005, 2, 2),
(12000, 1, 59),
(12000, 2, 3),
(19999, 1, 41),
(19999, 2, 4),
(20000, 1, 33),
(20000, 2, 4),
(20001, 1, 20),
(20001, 1, 56),
(20001, 2, 3),
(20002, 1, 56),
(20002, 2, 5),
(20003, 1, 26),
(20003, 2, 5),
(20005, 1, 26),
(20005, 2, 3),
(20006, 1, 24),
(20006, 2, 5),
(20007, 1, 26),
(20007, 2, 3),
(20008, 1, 56),
(20008, 2, 5),
(20009, 1, 56),
(20009, 2, 5),
(20010, 1, 56),
(20010, 2, 5),
(20011, 1, 56),
(20011, 2, 3),
(20012, 1, 66),
(20012, 2, 3),
(20013, 1, 66),
(20013, 2, 3),
(20014, 1, 73),
(20014, 2, 3),
(20015, 1, 32),
(20015, 2, 3),
(20016, 1, 39),
(20016, 2, 3),
(20017, 1, 61),
(20017, 2, 3),
(20018, 1, 39),
(20018, 2, 3),
(20019, 1, 62),
(20019, 2, 3),
(20020, 1, 62),
(20020, 2, 3),
(20021, 1, 31),
(20021, 2, 3),
(20023, 1, 22),
(20023, 2, 3),
(20024, 1, 22),
(20024, 2, 3),
(20025, 2, 4),
(20026, 2, 4),
(20027, 2, 4),
(20028, 2, 4),
(20029, 1, 27),
(20029, 2, 4),
(20030, 2, 4),
(20031, 2, 4),
(20032, 2, 4),
(20033, 2, 4),
(20034, 1, 41),
(20034, 2, 4),
(20035, 2, 4),
(20039, 2, 4),
(20040, 2, 4),
(21001, 1, 24),
(21001, 1, 55),
(21001, 2, 8),
(21002, 1, 26),
(21002, 1, 46),
(21002, 2, 8),
(21003, 2, 8),
(21004, 1, 12),
(21004, 2, 8),
(21005, 1, 49),
(21005, 2, 2),
(21006, 1, 26),
(21006, 1, 46),
(21006, 2, 8),
(21007, 1, 16),
(21007, 2, 9),
(21008, 1, 16),
(21008, 2, 9),
(21009, 1, 16),
(21009, 2, 9),
(21010, 1, 16),
(21010, 2, 9),
(21011, 1, 16),
(21011, 2, 9),
(21012, 1, 16),
(21012, 2, 9),
(21013, 1, 73),
(21013, 2, 3),
(30000, 2, 8),
(31001, 1, 47),
(31001, 2, 9),
(31002, 1, 47),
(31002, 2, 9),
(31003, 1, 47),
(31003, 2, 9),
(31004, 1, 47),
(31005, 1, 26),
(31005, 2, 9),
(31006, 1, 26),
(31006, 2, 9),
(31007, 1, 26),
(31007, 2, 9),
(31008, 1, 47),
(31008, 2, 9),
(31009, 1, 47),
(31009, 2, 9),
(31010, 1, 47),
(31010, 2, 9),
(31011, 1, 47),
(31011, 2, 9),
(31012, 1, 47),
(31012, 2, 9),
(31013, 1, 43),
(31013, 2, 9),
(31014, 1, 47),
(31014, 2, 9),
(31015, 1, 47),
(31015, 2, 9),
(31016, 1, 47),
(31016, 2, 9),
(31017, 1, 47),
(31017, 2, 9),
(31018, 1, 47),
(31018, 2, 9),
(31019, 1, 43),
(31019, 2, 9),
(31020, 1, 43),
(31020, 2, 9),
(31021, 1, 43),
(31021, 2, 9),
(31022, 1, 43),
(31022, 2, 9),
(32001, 1, 47),
(32001, 2, 9),
(32002, 1, 47),
(32002, 2, 9),
(33012, 1, 47),
(33012, 2, 9),
(33013, 1, 47),
(33013, 2, 9),
(33014, 2, 10),
(33015, 2, 9),
(33016, 2, 9),
(33017, 2, 9),
(33051, 2, 9),
(33052, 2, 9),
(33101, 2, 1),
(40001, 2, 2),
(40002, 1, 12),
(40002, 2, 2),
(40003, 1, 12),
(40003, 2, 2),
(40004, 1, 12),
(40004, 2, 2),
(40005, 1, 12),
(40005, 2, 2),
(40006, 1, 12),
(40006, 2, 2),
(40007, 1, 12),
(40007, 2, 2),
(40008, 1, 12),
(40008, 2, 2),
(40009, 1, 12),
(40009, 2, 2),
(40010, 1, 12),
(40010, 2, 2),
(40011, 1, 12),
(40011, 2, 2),
(40012, 1, 12),
(40012, 2, 2),
(40013, 1, 12),
(40013, 2, 2),
(40014, 1, 12),
(40014, 2, 2),
(40015, 1, 12),
(40015, 2, 2),
(40016, 1, 12),
(40016, 2, 2),
(40017, 1, 12),
(40017, 2, 2),
(40018, 1, 12),
(40018, 2, 2),
(40019, 1, 12),
(40019, 2, 2),
(40020, 1, 12),
(40020, 2, 2),
(40021, 1, 12),
(40021, 2, 2),
(40022, 1, 12),
(40022, 2, 2),
(40023, 1, 12),
(40023, 2, 2),
(40024, 1, 12),
(40024, 2, 2),
(40025, 1, 12),
(40025, 2, 2),
(40026, 1, 12),
(40026, 2, 12),
(40027, 1, 12),
(40027, 2, 12),
(40028, 1, 12),
(40028, 2, 12),
(40029, 1, 12),
(40029, 2, 12),
(40030, 1, 12),
(40030, 2, 12),
(40031, 1, 12),
(40031, 2, 12),
(40032, 1, 12),
(40032, 2, 12),
(40033, 1, 12),
(40033, 2, 12),
(40034, 1, 12),
(40034, 2, 12),
(40035, 1, 12),
(40035, 2, 12),
(40036, 1, 12),
(40036, 2, 12),
(40037, 1, 12),
(40037, 2, 12),
(40038, 1, 12),
(40038, 2, 12),
(40039, 1, 12),
(40039, 2, 12),
(40044, 1, 27),
(40044, 2, 4),
(50001, 1, 52),
(50001, 1, 57),
(50001, 2, 13),
(50003, 1, 16),
(50003, 2, 9),
(50004, 1, 61),
(50004, 2, 3),
(50005, 1, 5),
(50005, 2, 10),
(50006, 1, 5),
(50006, 2, 10),
(50007, 2, 14),
(50008, 2, 14),
(50009, 2, 10),
(60000, 2, 9),
(60320, 1, 60),
(60320, 2, 4),
(60344, 1, 60),
(60344, 2, 4),
(60349, 1, 27),
(60349, 2, 4),
(60355, 2, 4),
(60358, 1, 27),
(60358, 2, 4),
(60360, 1, 30),
(60360, 2, 4),
(60365, 1, 24),
(60365, 2, 4),
(60373, 2, 4),
(60374, 2, 4),
(60375, 1, 21),
(60375, 2, 4),
(70008, 2, 9),
(70010, 1, 16),
(70010, 2, 15),
(70011, 2, 9),
(70013, 1, 12),
(70013, 2, 9),
(70014, 2, 9),
(70015, 2, 9),
(70016, 2, 9),
(70017, 2, 9),
(70018, 2, 9),
(70019, 2, 9),
(70020, 2, 9),
(70021, 2, 9),
(70022, 2, 9),
(70023, 2, 9),
(70024, 2, 9),
(70025, 2, 9),
(70026, 2, 9),
(70027, 2, 9),
(70028, 2, 9),
(70029, 2, 9),
(70030, 2, 9),
(70031, 2, 9),
(70032, 2, 9),
(70033, 2, 9),
(80000, 1, 40),
(80000, 2, 3),
(80001, 1, 40),
(80001, 2, 3),
(80002, 1, 40),
(80002, 2, 3),
(80003, 1, 40),
(80003, 2, 3),
(80004, 1, 67),
(80004, 2, 3),
(80005, 1, 40),
(80005, 2, 3),
(80006, 1, 69),
(80006, 2, 3),
(80007, 1, 43),
(80007, 2, 4),
(80008, 1, 60),
(80008, 2, 4),
(80009, 1, 49),
(80009, 2, 4),
(80010, 1, 12),
(80010, 2, 4),
(80011, 1, 40),
(80011, 2, 3),
(90100, 1, 30),
(90100, 2, 4),
(90101, 1, 56),
(90101, 2, 4),
(90103, 1, 24),
(90103, 2, 4),
(90105, 1, 24),
(90105, 2, 4),
(90107, 1, 30),
(90107, 2, 4),
(90108, 1, 27),
(90108, 2, 4),
(90109, 1, 24),
(90109, 2, 4),
(90110, 1, 24),
(90110, 2, 4),
(90111, 1, 24),
(90111, 2, 4),
(90112, 1, 30),
(90112, 2, 4),
(90113, 1, 30),
(90113, 2, 4),
(90114, 1, 27),
(90114, 2, 4),
(90115, 1, 60),
(90115, 2, 4),
(90116, 1, 27),
(90116, 2, 4),
(90117, 2, 4),
(90118, 2, 4),
(90119, 2, 4),
(90120, 2, 4),
(90121, 1, 56),
(90121, 2, 4),
(90122, 2, 4),
(90123, 2, 4),
(90124, 1, 4),
(90124, 2, 4),
(90126, 2, 4),
(90127, 1, 56),
(90127, 2, 4),
(90128, 1, 60),
(90128, 2, 4),
(90129, 1, 60),
(90129, 2, 4),
(90130, 1, 60),
(90130, 2, 4),
(90131, 1, 60),
(90131, 2, 4),
(90132, 1, 56),
(90132, 1, 60),
(90132, 2, 4),
(90133, 1, 56),
(90133, 2, 4),
(90134, 1, 30),
(90134, 2, 4),
(90135, 1, 30),
(90135, 2, 4),
(90136, 1, 24),
(90136, 2, 4),
(90137, 1, 56),
(90137, 2, 4),
(90139, 1, 36),
(90140, 1, 56),
(90140, 2, 4),
(90141, 1, 16),
(90141, 2, 4),
(90142, 1, 30),
(90142, 2, 4),
(90143, 1, 56),
(90143, 2, 4),
(90144, 1, 21),
(90144, 2, 4),
(90145, 1, 56),
(90145, 2, 4),
(90146, 1, 60),
(90146, 2, 13),
(90147, 1, 36),
(90147, 2, 2),
(90148, 1, 21),
(90148, 2, 4),
(90149, 1, 56),
(90149, 2, 4),
(90150, 1, 30),
(90150, 2, 4),
(90151, 1, 21),
(90151, 2, 4),
(90152, 1, 30),
(90152, 2, 4),
(90153, 1, 36),
(90156, 1, 18),
(90156, 2, 4),
(90157, 1, 24),
(90157, 2, 4),
(90158, 1, 30),
(90158, 2, 4),
(90159, 1, 16),
(90159, 2, 4),
(90160, 1, 16),
(90160, 2, 4),
(90161, 1, 21),
(90161, 2, 4),
(90162, 1, 36),
(90163, 1, 30),
(90163, 2, 16),
(90164, 1, 56),
(90164, 2, 16),
(90165, 1, 21),
(90165, 1, 56),
(90165, 2, 4),
(90166, 1, 16),
(90166, 2, 4),
(90167, 2, 4),
(90168, 1, 45),
(90168, 2, 4),
(90169, 1, 45),
(90169, 2, 4),
(90170, 1, 36),
(90170, 2, 4),
(90171, 1, 27),
(90171, 2, 4),
(90172, 1, 18),
(90172, 2, 4),
(90173, 1, 18),
(90173, 2, 4),
(90174, 1, 21),
(90174, 2, 4),
(90175, 1, 30),
(90175, 2, 4),
(90176, 1, 24),
(90176, 2, 2),
(90177, 1, 45),
(90177, 2, 17),
(90179, 1, 72),
(90179, 2, 4),
(90180, 1, 72),
(90180, 2, 4),
(90181, 1, 45),
(90181, 2, 17),
(90182, 1, 56),
(90182, 2, 4),
(90183, 1, 45),
(90183, 2, 4),
(90184, 2, 4),
(90185, 1, 18),
(90185, 2, 18),
(90187, 1, 30),
(90187, 2, 4),
(90188, 1, 45),
(90188, 2, 4),
(90189, 1, 45),
(90189, 2, 4),
(90190, 1, 45),
(90190, 2, 4),
(90191, 1, 28),
(90191, 2, 18),
(90192, 1, 72),
(90192, 2, 4),
(90193, 2, 4),
(90194, 2, 4),
(90195, 2, 4),
(90196, 2, 4),
(90197, 2, 4),
(90198, 2, 4),
(90199, 2, 19),
(90201, 2, 4),
(90202, 1, 30),
(90202, 2, 19),
(90203, 2, 4),
(90205, 2, 4),
(90206, 2, 4),
(90207, 2, 4),
(90208, 2, 4),
(90209, 2, 4),
(90210, 2, 4),
(90211, 2, 4),
(90213, 2, 4),
(90214, 2, 4),
(90215, 2, 4),
(90216, 2, 4),
(90217, 2, 4),
(90218, 1, 30),
(90218, 2, 4),
(90219, 1, 30),
(90219, 2, 19),
(90220, 2, 4),
(90221, 1, 30),
(90221, 2, 4),
(90222, 2, 4),
(90224, 1, 37),
(90224, 2, 4),
(90225, 1, 29),
(90225, 2, 4),
(90226, 1, 23),
(90226, 2, 4),
(90227, 2, 4),
(90228, 1, 30),
(90228, 2, 19),
(90229, 1, 30),
(90229, 2, 19),
(90231, 2, 4),
(90232, 2, 4),
(90233, 2, 4),
(90234, 2, 4),
(90236, 1, 29),
(90236, 2, 19),
(90237, 1, 8),
(90237, 2, 4),
(90238, 1, 23),
(90238, 2, 4),
(90239, 1, 23),
(90239, 2, 4),
(90240, 2, 4),
(90241, 2, 4),
(90242, 2, 4),
(90243, 2, 4),
(90244, 2, 4),
(90245, 2, 4),
(90246, 2, 4),
(90247, 2, 4),
(90248, 1, 56),
(90248, 2, 19),
(90249, 1, 8),
(90249, 2, 4),
(90250, 1, 30),
(90250, 2, 4),
(90251, 1, 23),
(90251, 2, 4),
(90252, 1, 23),
(90252, 2, 4),
(90254, 1, 23),
(90254, 2, 4),
(90255, 1, 23),
(90255, 2, 4),
(90256, 1, 56),
(90256, 2, 4),
(90257, 1, 60),
(90257, 2, 19),
(90258, 1, 56),
(90258, 2, 19),
(90259, 1, 56),
(90259, 2, 19),
(90260, 1, 56),
(90260, 2, 19),
(90261, 1, 56),
(90261, 2, 19),
(90264, 1, 50),
(90264, 2, 4),
(90266, 1, 56),
(90266, 2, 4),
(90267, 1, 43),
(90267, 2, 19),
(90268, 1, 68),
(90268, 2, 19),
(90269, 2, 4),
(90270, 1, 56),
(90270, 2, 19),
(90271, 1, 68),
(90271, 2, 19),
(90272, 1, 68),
(90272, 2, 19),
(90273, 1, 56),
(90273, 2, 4),
(90274, 2, 4),
(90275, 1, 56),
(90275, 2, 19),
(90277, 1, 40),
(90277, 2, 3),
(90278, 1, 34),
(90278, 2, 19),
(90279, 2, 4),
(90280, 1, 12),
(90280, 1, 60),
(90280, 2, 4),
(90281, 1, 56),
(90282, 1, 39),
(90282, 2, 3),
(90283, 1, 71),
(90283, 2, 3),
(90284, 1, 51),
(90284, 2, 3),
(90285, 1, 67),
(90285, 2, 3),
(90286, 1, 31),
(90286, 2, 3),
(90287, 1, 58),
(90287, 2, 3),
(90288, 1, 48),
(90288, 2, 3),
(90289, 1, 62),
(90289, 2, 3),
(90293, 1, 62),
(90293, 2, 3),
(90294, 1, 39),
(90294, 2, 3),
(90295, 1, 62),
(90295, 2, 3),
(90800, 1, 51),
(90800, 2, 3),
(90801, 1, 51),
(90801, 2, 3),
(90802, 1, 51),
(90802, 2, 3),
(90803, 1, 51),
(90803, 2, 3),
(90804, 1, 65),
(90804, 2, 3),
(90805, 1, 51),
(90805, 2, 3),
(90806, 1, 51),
(90806, 2, 3),
(90807, 1, 51),
(90807, 2, 3),
(90808, 1, 51),
(90808, 2, 3),
(90809, 1, 51),
(90809, 2, 3),
(90810, 1, 51),
(90810, 2, 3),
(90811, 2, 9),
(90812, 2, 9),
(90813, 2, 9),
(90814, 1, 25),
(90814, 2, 3),
(90815, 2, 3),
(90816, 2, 3),
(90817, 1, 24),
(90817, 2, 4),
(90818, 1, 48),
(90818, 2, 3),
(90819, 1, 48),
(90819, 2, 3),
(90820, 1, 43),
(90820, 2, 9),
(90821, 1, 4),
(90821, 2, 4),
(90822, 1, 32),
(90822, 2, 3),
(90823, 1, 54),
(90823, 2, 4),
(90824, 1, 54),
(90824, 2, 4),
(90825, 2, 4),
(90826, 2, 9),
(90827, 1, 54),
(90827, 2, 4),
(90828, 1, 54),
(90828, 2, 4),
(90829, 1, 32),
(90829, 2, 3),
(90830, 1, 3),
(90830, 2, 3),
(90831, 1, 3),
(90831, 2, 3),
(90832, 1, 38),
(90832, 2, 3),
(90833, 1, 34),
(90833, 2, 3),
(90834, 1, 71),
(90834, 2, 3),
(90835, 1, 63),
(90835, 2, 3),
(90836, 1, 73),
(90836, 2, 3),
(90837, 1, 56),
(90837, 2, 3),
(90838, 2, 14),
(90839, 1, 73),
(90839, 2, 3),
(90840, 1, 56),
(90840, 2, 3),
(90841, 1, 73),
(90841, 2, 3),
(90842, 1, 34),
(90842, 2, 3),
(90843, 1, 34),
(90843, 2, 3),
(90844, 2, 3),
(200004, 1, 24),
(200004, 2, 5),
(200010, 1, 20),
(200010, 1, 58),
(200010, 2, 3),
(200120, 1, 66),
(200120, 2, 3),
(200190, 1, 62),
(200190, 2, 3),
(200191, 2, 4),
(200201, 1, 27),
(200201, 2, 4),
(200240, 1, 22),
(200240, 2, 4),
(310010, 1, 47),
(310010, 2, 9),
(310020, 1, 47),
(310020, 2, 9),
(310030, 1, 47),
(310030, 2, 9),
(310050, 1, 26),
(310050, 2, 9),
(310060, 1, 26),
(310060, 2, 9),
(310070, 1, 26),
(310070, 2, 9),
(310080, 1, 47),
(310080, 2, 9),
(310090, 1, 47),
(310090, 2, 9),
(310100, 1, 47),
(310100, 2, 9),
(310110, 1, 47),
(310110, 2, 9),
(310120, 1, 47),
(310120, 2, 9),
(310130, 1, 47),
(310130, 2, 9),
(310140, 1, 47),
(310140, 2, 9),
(310150, 1, 47),
(310150, 2, 9),
(310160, 1, 47),
(310160, 2, 9),
(310170, 1, 47),
(310170, 2, 9),
(310180, 1, 47),
(310180, 2, 9),
(310210, 1, 43),
(310210, 2, 9),
(310220, 1, 43),
(310220, 2, 9),
(320010, 1, 47),
(320010, 2, 9),
(320020, 1, 47),
(320020, 2, 9),
(400001, 2, 12),
(500010, 1, 64),
(500010, 2, 3),
(500017, 2, 10),
(500018, 2, 10),
(500019, 2, 10),
(500020, 2, 10),
(500051, 1, 5),
(500051, 2, 10),
(500052, 1, 5),
(500052, 2, 10),
(500053, 1, 5),
(500053, 2, 10),
(500054, 1, 5),
(500054, 2, 10),
(500055, 1, 5),
(500055, 2, 10),
(500056, 1, 5),
(500056, 2, 10),
(500057, 1, 5),
(500057, 2, 10),
(500058, 1, 5),
(500058, 2, 10),
(500059, 1, 5),
(500059, 2, 10),
(500061, 1, 5),
(500061, 2, 10),
(500062, 1, 5),
(500062, 2, 10),
(500063, 1, 5),
(500063, 2, 10),
(500064, 1, 5),
(500064, 2, 10),
(500065, 1, 5),
(500065, 2, 10),
(500066, 1, 5),
(500066, 2, 10),
(500067, 1, 5),
(500067, 2, 10),
(500068, 1, 5),
(500068, 2, 10),
(500069, 1, 5),
(500069, 2, 10),
(500091, 2, 10),
(500092, 2, 10),
(902870, 1, 58),
(902870, 2, 3),
(902890, 1, 62),
(902890, 2, 3),
(902930, 1, 62),
(902930, 2, 3),
(902950, 1, 62),
(902950, 2, 3),
(908031, 1, 51),
(908031, 2, 3),
(908041, 1, 65),
(908041, 2, 3),
(908200, 1, 43),
(908200, 2, 9),
(908261, 2, 9),
(908262, 2, 9),
(3101101, 1, 47),
(3101101, 2, 9),
(5000510, 1, 5),
(5000510, 2, 10),
(5000511, 1, 5),
(5000511, 2, 10),
(5000512, 1, 5),
(5000512, 2, 10),
(5000513, 1, 5),
(5000513, 2, 10),
(5000514, 1, 5),
(5000514, 2, 10),
(5000515, 1, 5),
(5000515, 2, 10),
(5000516, 1, 5),
(5000516, 2, 10),
(5000517, 1, 5),
(5000517, 2, 10),
(5000610, 1, 5),
(5000610, 2, 10),
(5000611, 1, 5),
(5000611, 2, 10),
(5000612, 1, 5),
(5000612, 2, 10),
(5000613, 1, 5),
(5000613, 2, 10),
(5000614, 1, 5),
(5000614, 2, 10),
(5000615, 1, 5),
(5000615, 2, 10),
(5000616, 1, 5),
(5000616, 2, 10),
(5000617, 1, 5),
(5000617, 2, 10),
(5000618, 1, 5),
(5000618, 2, 10),
(5000619, 1, 5),
(5000619, 2, 10),
(5000620, 1, 5),
(5000620, 2, 10),
(5000621, 1, 5),
(5000621, 2, 10),
(5000622, 1, 5),
(5000622, 2, 10),
(5000623, 1, 5),
(5000623, 2, 10),
(5000624, 1, 5),
(5000624, 2, 10),
(5000625, 1, 5),
(5000625, 2, 10),
(5000626, 1, 5),
(5000626, 2, 10),
(5000627, 1, 5),
(5000627, 2, 10),
(5000628, 1, 5),
(5000628, 2, 10),
(5000629, 1, 5),
(5000629, 2, 10),
(5000630, 1, 5),
(5000630, 2, 10),
(5000631, 1, 5),
(5000631, 2, 10),
(5000632, 1, 5),
(5000632, 2, 10),
(5000633, 1, 5),
(5000633, 2, 10),
(5000634, 1, 5),
(5000634, 2, 10),
(5000635, 1, 5),
(5000635, 2, 10),
(5000636, 1, 5),
(5000636, 2, 10),
(5000637, 1, 5),
(5000637, 2, 10),
(5000664, 1, 43),
(5000664, 2, 9),
(5000668, 2, 3);

-- --------------------------------------------------------

--
-- Estructura de tabla para la tabla `concepto`
--

CREATE TABLE `concepto` (
  `CP` int(11) NOT NULL,
  `ID_CC` int(11) NOT NULL,
  `ID_TIPO` int(11) NOT NULL,
  `ID_SUPENTEL` int(11) DEFAULT NULL,
  `ID_JDE` int(11) DEFAULT NULL,
  `ID_CIUDAD` int(11) DEFAULT NULL,
  `ID_EO_COB` int(11) DEFAULT NULL,
  `NOMBRE` char(100) COLLATE utf8_spanish_ci DEFAULT NULL,
  `FECHA_CREACION` date DEFAULT NULL,
  `CIUDAD` char(100) COLLATE utf8_spanish_ci DEFAULT NULL,
  `SITIO` char(100) COLLATE utf8_spanish_ci DEFAULT NULL,
  `ESTADO` char(20) COLLATE utf8_spanish_ci DEFAULT NULL,
  `AVANCE` int(11) DEFAULT NULL,
  `DESCRIPCION` char(200) COLLATE utf8_spanish_ci DEFAULT NULL,
  `OTT` char(200) COLLATE utf8_spanish_ci DEFAULT NULL,
  `INI_ASIG` date DEFAULT NULL,
  `INI_REAL` date DEFAULT NULL,
  `TER_ASIG` date DEFAULT NULL,
  `TER_REAL` date DEFAULT NULL,
  `FEC_INF` date DEFAULT NULL,
  `FECHADEASIGNACION` date DEFAULT NULL,
  `CREADOPOR` char(15) COLLATE utf8_spanish_ci DEFAULT NULL,
  `VALORPROYECTO` bigint(20) DEFAULT NULL
) ENGINE=InnoDB DEFAULT CHARSET=utf8 COLLATE=utf8_spanish_ci;

--
-- Volcado de datos para la tabla `concepto`
--

INSERT INTO `concepto` (`CP`, `ID_CC`, `ID_TIPO`, `ID_SUPENTEL`, `ID_JDE`, `ID_CIUDAD`, `ID_EO_COB`, `NOMBRE`, `FECHA_CREACION`, `CIUDAD`, `SITIO`, `ESTADO`, `AVANCE`, `DESCRIPCION`, `OTT`, `INI_ASIG`, `INI_REAL`, `TER_ASIG`, `TER_REAL`, `FEC_INF`, `FECHADEASIGNACION`, `CREADOPOR`, `VALORPROYECTO`) VALUES
(1, 30, 2, 1000, 1000, 1, 9, 'ADM Ranco', NULL, NULL, '', 'Activo', 0, '', '', NULL, NULL, NULL, '1970-01-01', '1970-01-01', NULL, NULL, NULL),
(2, 32, 2, 1000, 1000, 1, 9, 'Adm TX', NULL, NULL, '', 'Activo', 0, '', '', NULL, NULL, NULL, '1970-01-01', '1970-01-01', NULL, NULL, NULL),
(3, 42, 2, 1000, 1000, 1, 9, 'Arriendo de Oficina', NULL, NULL, '', 'Activo', 0, '', '', NULL, NULL, NULL, '1970-01-01', '1970-01-01', NULL, NULL, NULL),
(4, 44, 2, 1000, 1000, 1, 9, 'Bodega temuco', NULL, NULL, '', 'Activo', 0, '', '', NULL, NULL, NULL, '1970-01-01', '1970-01-01', NULL, NULL, NULL),
(5, 33, 2, 1000, 1000, 1, 9, 'CCO', NULL, NULL, '', 'Activo', 0, '', '', NULL, NULL, NULL, '1970-01-01', '1970-01-01', NULL, NULL, NULL),
(6, 34, 2, 1000, 1000, 1, 9, 'CCO PE', NULL, NULL, '', 'Activo', 0, '', '', NULL, NULL, NULL, '1970-01-01', '1970-01-01', NULL, NULL, NULL),
(7, 35, 2, 1000, 1000, 1, 9, 'Cierres Contables', NULL, NULL, '', 'Activo', 0, '', '', NULL, NULL, NULL, '1970-01-01', '1970-01-01', NULL, NULL, NULL),
(8, 40, 2, 1000, 1000, 1, 9, 'Gestores de Calidad', NULL, NULL, '', 'Activo', 0, '', '', NULL, NULL, NULL, '1970-01-01', '1970-01-01', NULL, NULL, NULL),
(9, 36, 2, 1000, 1000, 1, 9, 'Ingenieria', NULL, NULL, '', 'Activo', 0, '', '', NULL, NULL, NULL, '1970-01-01', '1970-01-01', NULL, NULL, NULL),
(10, 44, 2, 1000, 1000, 1, 9, 'Inst Calidad', NULL, NULL, '', 'Activo', 0, '', '', NULL, NULL, NULL, '1970-01-01', '1970-01-01', NULL, NULL, NULL),
(11, 5, 2, 1000, 1000, 1, 9, 'Team Tocket Sur', NULL, NULL, '', 'Activo', 0, '', '', NULL, NULL, NULL, '1970-01-01', '1970-01-01', NULL, NULL, NULL),
(12, 24, 2, 1000, 1000, 1, 9, 'Adicionales', NULL, NULL, '', 'Activo', 0, '', '', NULL, NULL, NULL, '1970-01-01', '1970-01-01', NULL, NULL, NULL),
(13, 44, 2, 1000, 1000, 1, 9, 'Mesa de Compra', NULL, NULL, '', ' Activo', 0, '', '', NULL, NULL, NULL, '1970-01-01', '1970-01-01', NULL, NULL, NULL),
(14, 37, 2, 1000, 1000, 1, 9, 'Servicio HH', NULL, NULL, '', ' Activo', 0, '', '', NULL, NULL, NULL, '1970-01-01', '1970-01-01', NULL, NULL, NULL),
(15, 38, 2, 1000, 1000, 1, 9, 'Servicio técnico', NULL, NULL, '', 'Activo', 0, '', '', NULL, NULL, NULL, '1970-01-01', '1970-01-01', NULL, NULL, NULL),
(16, 39, 2, 1000, 1000, 1, 9, 'OM Backhaul', NULL, NULL, '', ' Activo', 0, '', '', NULL, NULL, NULL, '1970-01-01', '1970-01-01', NULL, NULL, NULL),
(17, 16, 2, 1000, 1000, 1, 9, 'Team Ranco', NULL, NULL, '', 'Activo', 0, '', '', NULL, NULL, NULL, '1970-01-01', '1970-01-01', NULL, NULL, NULL),
(10001, 19, 2, 19, 1, 38, 1, 'Team Olitel VIII FG', '2020-07-27', NULL, NULL, 'En progreso', 0, 'Team dedicado a ultima milla Fabian Gonzalez', NULL, '2019-08-08', '2019-12-08', '2019-12-08', NULL, NULL, NULL, NULL, NULL),
(10002, 16, 2, 19, 1000, 25, 1, 'Team Olitel Stgo G2 FG', NULL, NULL, NULL, 'En progreso', 0, 'Team dedicado a ultima milla Fabian Gonzalez', NULL, '2019-08-08', '2019-12-08', '2019-12-08', NULL, NULL, NULL, NULL, NULL),
(10003, 16, 2, 19, 1000, 25, 1, 'Team Olitel Stgo G3 FG', NULL, NULL, NULL, 'En progreso', 0, 'Team dedicado a ultima milla Fabian Gonzalez', NULL, '2019-08-08', '2019-12-08', '2019-12-08', NULL, NULL, NULL, NULL, NULL),
(10004, 15, 2, 19, 2, 40, 1, 'Team Olitel IX FG', NULL, NULL, NULL, 'En progreso', 0, 'Team dedicado a ultima milla Fabian Gonzalez', NULL, '2019-08-08', '2019-12-08', '2019-12-08', NULL, NULL, NULL, NULL, NULL),
(10005, 14, 2, 19, 1000, 12, 1, 'Team Olitel IV FG', NULL, NULL, NULL, 'En progreso', 0, 'Team dedicado a ultima milla Fabian Gonzalez', NULL, '2019-08-08', '2019-12-08', '2019-12-08', NULL, NULL, NULL, NULL, NULL),
(12000, 8, 1, 29, 3, 44, 3, 'FS747 Mantilhue PCS', NULL, NULL, NULL, 'Terminado', 100, 'Ampliación de enlace MMOO a 2+0 XPIC', '72002596069', '2020-02-14', '2020-02-15', '2020-02-18', '2020-02-23', '2020-02-21', '2020-02-22', NULL, 1179000),
(19999, 5, 1, 27, 1000, 38, 1, 'Groomming Mellizos-Los Alamos-Peleco', NULL, NULL, NULL, 'Ejecutado', 100, 'Groomming Mellizos-Los Alamos-Peleco', NULL, '2016-05-07', '2016-05-07', '2016-05-07', NULL, '2016-10-19', '2016-10-19', NULL, 2000000),
(20000, 5, 2, 27, 1000, 38, 9, 'Team 1 Tx Carlos Zurita 2020', NULL, NULL, NULL, 'En progreso', 0, NULL, NULL, '2020-01-16', '2020-01-06', '2020-01-06', NULL, NULL, NULL, NULL, NULL),
(20001, 7, 1, 58, 4, 25, 4, 'MAC_Cerro Ballena-San Jose de Maipo', NULL, NULL, NULL, 'En progreso', 90, 'Modificación de enlaces entre Cerro La Ballena PCS – La Obra PCS. Nueva red HW 15GHz entre La Obra PCS – San José de Maipo PCS. Nuevo TG por red HW y migración de servicios. Eliminar red HW 8GHz entre', '26909', '2019-04-15', '2019-04-29', '2019-04-29', NULL, NULL, '2019-05-17', NULL, 3768437),
(20002, 7, 1, 12, 4, 31, 1, 'MA340 Chanco PCS - TL116 Pahuil PCS-FN570 Pellines Chanco PCS', NULL, NULL, NULL, 'Ejecutado', 100, 'Instalación red HW RTN980 entre: MA793 Chanco PCS – FN570 Pellines Chanco PCS además se efectuará nuevo TG.', '51900026971', '2019-04-15', '2019-04-15', '2019-04-15', '2019-07-17', NULL, '2019-06-15', NULL, 3850000),
(20003, 7, 1, 12, 4, 31, 1, 'MAC_OPR26966_MA284 Talca Insd - MA466 San Clemente', NULL, NULL, NULL, 'Ejecutado', 100, 'Instalación de enlace HW 2+0 15GHz en tramo Talca Industrial PCS – San Clemente PCS, migración de servicios a nueva ruta y agregación a ATN-Talca, PE-3G-TALCA.', '51900026966', '2019-04-15', '2019-04-15', '2019-04-15', '2019-07-11', '2019-08-21', '2019-05-30', NULL, 2062500),
(20005, 7, 1, 39, 4, 31, 3, 'OPR 27170 LINARES SUR RINCON DE ZUÑIGA', NULL, NULL, NULL, 'Terminado', 100, 'Ampliación de enlace existente TN 3+0 6Ghz a 4+0 XPIC entre Linares Sur – Rincón de Zuñiga.', '27170', '2019-04-25', NULL, '2019-05-06', NULL, NULL, NULL, NULL, 4160000),
(20006, 7, 1, 58, 4, 38, 1, 'OPR 27225 CERRO ZAPALLAR SAGRADA FAMILIA', NULL, NULL, NULL, 'Ejecutado', 100, 'Instalación de enlace HW 2+0 15Ghz en el tramo Cerro Zapallar – Sagrada Familia PCS', '51900027225', '2019-05-08', '2019-05-13', '2019-05-13', '2019-07-10', '2019-08-01', NULL, NULL, 2662500),
(20007, 7, 1, 39, 4, 31, 1, 'OPR 27182 PANIMAVIDA QUINAMAVIDA', NULL, NULL, NULL, 'Terminado', 100, 'Instalación de enlace HW 2+0 38Ghz en el tramo Linares – Linares Sur, migrando también Traffic Grooming 1 “Linares Sur” a este nuevo enlace. Los enlaces TN 2x(2+0) 6Ghz entre Linares – Linares Sur se', '27182', '2019-04-25', '2019-05-06', '2019-05-06', NULL, NULL, NULL, NULL, 6467000),
(20008, 7, 1, 57, 4, 12, 1, 'Enlace TN Illapel Salamanca PCS – Espino  OPR27685', NULL, NULL, NULL, 'Ejecutado', 100, 'Ampliación de enlace TN Illapel Salamanca PCS – Espino R/E a 2+0 y se migran las MMUs a magazine 20P Espino R/E, se reconfigura modulación a 512QAM en enlace TN RPA huintil – C° Cuz Cuz y se migran MM', '51900027685', '2019-07-24', '2019-07-29', '2019-07-29', '2019-09-10', '2019-10-02', NULL, NULL, 4630500),
(20009, 7, 1, 64, 4, 12, 1, 'Enlace Huentelauquen PCS – ZS162 Huinchigualleo PCS  OPR27821', NULL, NULL, NULL, 'Ejecutado', 100, 'Ampliación de enlace TN 13GHz 1+0 a 2+0 XPIC LS513 Huentelauquen PCS – ZS162 Huinchigualleo PCS, instalación de nuevo enlace HW RTN950A 2+0 23GHz CO959 Agua Salada PCS – LS513 Huentelauquen PCS. Adici', '51900027821', '2019-07-01', '2019-07-24', '2019-07-24', '2019-08-20', '2019-09-03', NULL, NULL, 4069143),
(20010, 7, 1, 64, 4, 20, 1, 'Enlace Pichidangui PCS – ZS176 Lo Muñoz PCS OPR27834', NULL, NULL, NULL, 'Ejecutado', 100, 'Ampliar modulación del enlace TN 2+0 13GHz CO757 Pichidangui PCS – ZS176 Lo Muñoz PCS. Adicionalmente se modificarán TG existentes.', '51900027834', '2019-07-01', '2019-07-25', '2019-07-25', '2019-07-26', NULL, NULL, NULL, 1416000),
(20011, 7, 1, 5, 4, 25, 1, 'CRA BACKHAUL FIJO 2018 CAMPO-DE-MARTE', NULL, NULL, NULL, 'Terminado', 100, 'Instalación de nuevo enlace HW RTN950A en 18GHz en el tramo CNT P13 – Campo de Marte PCS.', '26038', '2019-07-05', '2019-08-12', '2019-08-16', '2020-03-09', '2020-02-14', '2019-08-30', NULL, 2461000),
(20012, 7, 1, 15, 4, 31, 4, 'PEÑON - Carretones Localidad', NULL, NULL, '', ' Terminado', 100, 'Ampliación de RED en tramo PENON - VILCHES - CARRETONES LOCALIDAD', '27761', '2019-12-07', '2019-09-25', '2019-08-27', '1970-01-01', '2020-02-19', '2019-10-25', NULL, 4278000),
(20013, 7, 1, 15, 4, 31, 1, 'PEÑON - RUTA CUREPTO PENCAHUE 2 PCS', NULL, NULL, NULL, 'Terminado', 100, 'Ampliación de RED en tramo: PENON - CUREPTO PENCAHUE 4 - RUTA CUREPTO PENCAHUE 2', '27882', '2019-12-07', '2019-09-25', '2019-09-25', '2019-11-10', '2020-03-13', '2019-10-25', NULL, 2181250),
(20014, 7, 1, 15, 4, 38, 3, 'CAYUMANQUI - TREHUACO PCS', NULL, NULL, NULL, 'Terminado', 99, 'Por Definir', '28270', '2019-08-28', '2019-02-09', '2019-09-03', '2019-10-21', NULL, '2019-02-10', NULL, 2685000),
(20015, 7, 1, 15, 4, 31, 1, 'HUAPI- RATONERA', NULL, NULL, NULL, 'Terminado', 100, 'HUAPI- RATONERA', '27787', '2019-08-28', '2019-02-09', '2019-09-16', '2020-04-20', '2020-01-27', '2019-02-10', NULL, 7208250),
(20016, 7, 1, 15, 4, 25, 1, 'BUIN - CERRO LA SANCHINA PCS', NULL, NULL, NULL, 'Terminado', 100, 'null-desc', '28408', '2019-09-10', '2019-12-10', '2019-11-21', '2020-03-02', '2019-11-28', '2019-06-12', NULL, 1748000),
(20017, 7, 1, 15, 4, 5, 4, 'ZALDIVAR - EL VIENTO', NULL, NULL, '', ' Pendiente por Entel', 80, '', '28128', '2019-02-10', '2019-12-10', '2019-10-29', '1970-01-01', '1970-01-01', '2019-06-12', NULL, 7832880),
(20018, 7, 1, 32, 4, 5, 1, 'CALAMA - BARROS ARANA', NULL, NULL, NULL, 'Terminado', 100, NULL, '28179', '2019-02-10', '2019-12-10', '2019-12-04', '2020-03-03', '2020-01-30', '2019-06-12', NULL, 8035200),
(20019, 7, 1, 32, 4, 8, 4, 'BARI -ALTO COLORADO', NULL, NULL, NULL, 'Pendiente por Entel', 100, NULL, '28178', '2019-09-10', '2019-12-10', '2019-11-12', '2020-04-14', '2020-03-31', '2019-06-12', NULL, 3900000),
(20020, 7, 1, 15, 4, 38, 1, 'CAYUMANQUI – CHOLGUAN', NULL, NULL, NULL, 'Terminado', 100, NULL, '27328', '2019-08-28', '2019-02-09', '2019-10-24', '2020-11-14', '2019-12-11', '2019-02-11', NULL, 1657000),
(20021, 7, 1, 15, 4, 38, 4, 'MANZANO - COLLICURA', NULL, NULL, NULL, 'Terminado', 99, NULL, '27282', '2019-08-28', '2019-02-09', '2019-10-07', '2019-11-13', '2019-11-11', '2019-02-11', NULL, 1201000),
(20023, 7, 1, 15, 4, 12, 1, 'CERRO CUZ CUZ PCS - ILLAPEL', NULL, NULL, NULL, 'Terminado', 100, NULL, '28926', '2019-09-10', '2019-12-10', '2020-02-25', '2020-02-27', NULL, '2019-06-12', NULL, 3077400),
(20024, 7, 1, 15, 4, 5, 4, 'Antofagasta Estación PCS – Cerro los Morros PCS', NULL, NULL, '', 'Terminado', 100, 'Adicionales, se debe cobrar', '26523', '2019-09-10', '2019-12-10', '2020-01-27', '2020-03-11', '2020-03-21', '2019-06-12', NULL, 4467900),
(20025, 5, 1, 1000, 1000, NULL, 1, 'Retiros-Traslados WLL VIII región', NULL, NULL, NULL, 'Ejecutado', 100, 'Retiros-Traslados WLL VIII región', NULL, '2017-01-18', NULL, NULL, NULL, NULL, NULL, NULL, 10783000),
(20026, 5, 1, 1000, 1000, NULL, 1, 'Retiros-Traslados WLL VII región', NULL, NULL, NULL, 'Ejecutado', 100, 'Retiros-Traslados WLL VII región', NULL, '2017-01-18', NULL, NULL, NULL, NULL, NULL, NULL, 9468000),
(20027, 5, 1, 1000, 1000, NULL, 1, 'Instalaciones WLL IX región', NULL, NULL, NULL, 'Ejecutado', 100, 'Instalaciones WLL IX región', NULL, '2017-02-23', NULL, NULL, NULL, NULL, NULL, NULL, 6312000),
(20028, 5, 1, 22, 1000, NULL, 1, 'Grooming Hualqui', NULL, NULL, NULL, 'Ejecutado', 100, 'Grooming Hualqui', NULL, '2017-03-30', NULL, NULL, NULL, NULL, NULL, NULL, 2650000),
(20029, 5, 1, 76, 1000, 38, 1, 'Grooming Mellizos - Curanilahue', NULL, NULL, NULL, 'Ejecutado', 100, 'Grooming Mellizos - Curanilahue', NULL, '2017-09-02', '2017-09-02', '2017-09-02', '2017-03-20', '2017-03-03', '2017-03-03', NULL, 5711000),
(20030, 5, 1, 55, 1000, NULL, 1, 'Movimiento de antenas VA185 Llay llay', NULL, NULL, NULL, 'Ejecutado', 100, 'Movimiento de antenas VA185 Llay llay', NULL, '2017-03-01', '2017-03-01', '2017-03-01', NULL, '2017-10-01', '2017-10-01', NULL, 1893600),
(20031, 5, 1, 1000, 1000, NULL, 1, 'Instalación enlace BI428 Mondungo', NULL, NULL, NULL, 'Ejecutado', 100, 'Instalación enlace BI428 Mondungo', '71601843525', '2017-05-12', NULL, NULL, NULL, NULL, NULL, NULL, 1857100),
(20032, 5, 1, 55, 1000, NULL, 1, 'Movimiento equipos WLL VA185 Llay Llay', NULL, NULL, NULL, 'Ejecutado', 100, 'Movimiento equipos WLL VA185 Llay Llay', 'null ott', '2017-11-01', '2017-11-01', '2017-11-01', NULL, '2017-11-01', '2017-11-01', NULL, 315600),
(20033, 5, 1, 26, 1000, 31, 1, 'WLL ETAPA 2 VII REGION', NULL, NULL, NULL, 'Ejecutado', 100, 'Pruebas de conectividad en cada sector', NULL, '2017-01-13', NULL, NULL, NULL, NULL, NULL, NULL, 7662807),
(20034, 5, 1, 1000, 1000, NULL, 6, 'Team apoyo TND VIII Región', NULL, NULL, NULL, 'Ejecutado', 100, 'Team apoyo TND VIII Región', NULL, '2017-01-30', NULL, NULL, NULL, NULL, NULL, NULL, NULL),
(20035, 5, 1, 26, 1000, NULL, 1, 'Pruebas conectividad ETAPA 2 WLL VIII-IX', NULL, NULL, NULL, 'Ejecutado', 100, 'Pruebas de conectividad en cada sector', NULL, '2017-02-21', NULL, NULL, NULL, NULL, NULL, NULL, 5270620),
(20036, 5, 1, 26, 1000, 38, 1, 'Pruebas conectividad Adicional ETAPA 2 WLL VIII-IX', NULL, NULL, NULL, 'Ejecutado', 100, 'Pruebas de conectividad en cada sector', NULL, '2017-02-21', NULL, NULL, NULL, NULL, NULL, NULL, 1950112),
(20037, 5, 1, 1000, 1000, NULL, 1, 'Grooming Curamavida', NULL, NULL, NULL, 'Ejecutado', 100, 'Grooming Curamavida', NULL, '2017-03-15', NULL, NULL, NULL, NULL, NULL, NULL, 4220000),
(20038, 5, 1, 26, 1000, 25, 1, 'WILL ETAPA 2 RM', NULL, NULL, NULL, 'Ejecutado', 100, 'Pruebas de conectividad en cada sector', NULL, '2017-03-06', NULL, NULL, NULL, NULL, NULL, NULL, 11000000),
(20039, 5, 1, 66, 1000, 8, 1, 'Survey OH186 Machalí', NULL, NULL, NULL, 'Ejecutado', 100, 'Levantamiento fotográfico (cobrado)', NULL, '2017-08-02', '2017-08-02', '2017-08-02', NULL, NULL, NULL, NULL, 398846),
(20040, 5, 1, 26, 1000, 8, 1, 'WLL Etapa 2 VI Región', NULL, NULL, NULL, 'Ejecutado', 100, 'Pruebas de conectividad en cada sector (cobrado)', NULL, '2017-03-30', NULL, NULL, NULL, NULL, NULL, NULL, 0),
(21001, 6, 1, 30, 5, 25, 1, 'Instalacion ATN910C AM963 del Rio y Compañía', NULL, NULL, NULL, 'Ejecutado', 100, 'Realizar la instalación de ATN910C.', NULL, '2019-04-05', '2019-04-05', '2019-04-05', '2019-05-03', '2019-05-03', '2019-04-08', NULL, 412500),
(21002, 6, 1, 18, 5, 25, 1, 'Desisntalacion sitio ZM331 - CAFFARENA', NULL, NULL, NULL, 'Ejecutado', 100, 'Se requiere realizar desmantelamiento del sitio completo', NULL, '2019-04-05', '2019-04-05', '2019-04-05', '2019-05-03', '2019-05-03', '2019-04-19', NULL, 0),
(21003, 6, 1, 30, 5, 25, 1, 'Instalacion ATN910C AM994 Const. Gardilic', NULL, NULL, NULL, 'En progreso', 20, 'Realizar la instalación de ATN910C.', NULL, NULL, NULL, NULL, NULL, NULL, NULL, NULL, 412500),
(21004, 6, 1, 18, 5, 25, 1, 'Eliminación de MC RP740', NULL, NULL, NULL, 'Ejecutado', 100, 'Coordinador de Proyecto Jhoan Cardenas', NULL, '2019-04-24', '2019-04-24', '2019-04-24', '2019-05-15', '2019-05-15', '2019-04-25', NULL, 1150000),
(21005, 6, 1, 30, 5, 25, 1, 'Inst. ATN910C AM976 Pentacrom', NULL, NULL, NULL, 'En progreso', 90, 'Coordinador de Proyecto Héctor Padilla. Instalacion ATN', NULL, '2019-05-02', '2019-05-02', '2019-05-02', '3000-03-30', '3000-03-30', '2019-05-24', NULL, 412500),
(21006, 6, 1, 18, 5, 25, 1, 'Eliminación ZM331 Antenas Caffarena', NULL, NULL, NULL, 'Ejecutado', 100, 'Eliminación por termino de Contrato', NULL, '2019-04-05', '2019-04-05', '2019-04-05', '2019-05-03', '2019-05-15', '2019-04-19', NULL, 2000000),
(21007, 6, 1, 33, 5, NULL, 1, 'Sitio ZV807 - Loncura Quintero', NULL, NULL, NULL, 'En progreso', 90, 'Coordinador de Proyecto Juan Cavieres', 'OTT 71802310710', '2019-06-21', '2019-06-21', '2019-06-21', NULL, NULL, NULL, NULL, 1083750),
(21008, 6, 1, 42, 5, NULL, 1, 'Sitio ZV801 - Cachagua Playa', NULL, NULL, NULL, 'Ejecutado', 100, 'Coordinador de Proyecto Juan Cavieres', 'OTT  71802276667', '2019-07-01', '2019-07-02', '2019-06-02', '3000-03-30', '2019-07-18', '2019-07-12', NULL, 412000),
(21009, 6, 1, 42, 5, NULL, 1, 'Sitio ZV700 Maitencillo Playa', NULL, NULL, NULL, 'Ejecutado', 50, 'Coordinador de Proyecto Juan Cavieres', 'OTT  71802288353', '2019-07-01', '2019-07-02', '2019-07-02', NULL, NULL, NULL, NULL, 1638750),
(21010, 6, 1, 30, 5, NULL, 8, 'AM936 HUNTER DOUGLAS', NULL, NULL, NULL, 'Nuevo', 0, 'Coordinador de Proyecto Juan Cavieres', 'OTT 71902445339', '2019-06-21', '2019-06-21', '2019-06-21', NULL, NULL, NULL, NULL, 736000),
(21011, 6, 1, 30, 5, NULL, 9, 'AM937 Ecolab', NULL, NULL, NULL, 'Ejecutado', 100, 'Coordinador de Proyecto Juan Cavieres', NULL, '2019-07-01', '2019-07-02', '2019-07-02', NULL, NULL, '2019-07-12', NULL, NULL),
(21012, 6, 1, 33, 5, NULL, 1, 'AM983 INDUSTRIAS CERESITA S. A', NULL, NULL, NULL, NULL, 5, 'Coordinador de Proyecto Juan Cavieres', NULL, '2019-07-01', '2019-07-02', '2019-07-02', NULL, NULL, '2019-07-12', NULL, 736000),
(21013, 6, 1, 45, 6, 25, 1, 'ZM852 BARRIO VERSALLES MAIPÚ PCS', NULL, NULL, NULL, 'Terminado', 100, 'Coordinador de Proyecto Andrés Retamal', '71802302334', '2019-08-16', '2019-08-16', '2019-02-09', '2019-10-25', '2019-10-18', '2019-04-09', NULL, 853000),
(30000, 33, 1, 7, 1000, 25, 1, 'Revision llaves perimetrales sitios RM', NULL, NULL, NULL, 'En progreso', 10, NULL, NULL, '2019-12-23', '2019-12-24', '2019-12-24', NULL, NULL, '2019-12-24', NULL, NULL),
(31001, 24, 1, 56, 7, 25, 1, 'SA656 La Granja 2 80%', NULL, NULL, NULL, 'Ejecutado', 100, NULL, '758761', '2019-04-22', '2019-04-22', '2019-04-22', NULL, '2019-11-05', '2019-04-26', NULL, 3212790),
(31002, 24, 1, 56, 7, 31, 1, 'ZU058 Del Liray Talca 80%', NULL, NULL, NULL, 'Ejecutado', 100, NULL, '762577', '2019-04-29', '2019-06-05', '2019-06-05', '2019-06-24', '2019-11-05', '2019-05-14', NULL, 4096062),
(31003, 24, 1, 56, 7, 25, 1, 'RM609 Exposicion 80%', NULL, NULL, NULL, 'Ejecutado', 100, NULL, '764742', '2019-05-13', '2019-05-15', '2019-05-16', '2019-12-07', '2019-01-07', '2019-01-07', NULL, 3032346),
(31004, 5, 1, 56, 1000, 31, 3, 'Instalacion y migracion sitio ZU058 Del Lircay Talca', NULL, NULL, NULL, 'Nuevo', 0, 'Se solicita valor el 28-05/03-07/12-07 Fda Olivares', 'TP_762577', '2019-04-29', '2019-06-05', '2019-06-05', NULL, NULL, '2019-05-14', NULL, 0),
(31005, 24, 1, 56, 7, 38, 1, 'BI472 CHOLGUÁN TP 766881 80%', NULL, NULL, NULL, 'En progreso', 100, NULL, '766881', '2019-05-22', '2019-10-06', '2019-11-06', '2019-07-22', '2019-06-20', '2019-06-13', NULL, 1695457),
(31006, 24, 1, 56, 7, 38, 1, 'FS647 EL PERAL TP 766876 80%', NULL, NULL, NULL, 'Ejecutado', 100, NULL, '766876', '2019-05-22', '2019-07-06', '2019-10-06', NULL, '2019-06-13', '2019-10-06', NULL, 1695457),
(31007, 24, 1, 56, 7, 38, 1, 'ZB512 MALVÉN-MULCHÉN TP 766882 80%', NULL, NULL, NULL, 'Ejecutado', 100, NULL, '766882', '2019-05-22', '2019-03-06', '2019-03-06', '2019-07-30', '2019-08-06', '2019-06-06', NULL, 1695457),
(31008, 24, 1, 56, 7, 31, 1, 'MA544 CUMPEO 80%', NULL, NULL, NULL, 'Ejecutado', 100, NULL, '780120', '2019-07-25', '2019-01-08', '2019-01-08', NULL, '2019-01-08', '2019-01-08', NULL, 1476237),
(31009, 24, 1, 56, 7, 31, 1, 'ZU174 LA VEGUILLA 80%', NULL, NULL, NULL, 'Ejecutado', 100, 'null-desc', '780121', '2019-07-25', '2019-04-08', '2019-04-08', NULL, NULL, NULL, NULL, 1476238),
(31010, 24, 1, 56, 7, 8, 1, 'OH693 ROSARIO 80%', NULL, NULL, NULL, 'Ejecutado', 100, NULL, '780640', '2019-07-30', '2019-06-08', '2019-08-08', NULL, '2019-09-08', '2019-12-08', NULL, 1796410),
(31011, 24, 1, 56, 7, 25, 1, 'RM806 _ El Clonqui 80%', NULL, NULL, NULL, 'Ejecutado', 100, NULL, NULL, '2019-08-23', '2019-08-30', '2019-09-23', NULL, NULL, NULL, NULL, 2940055),
(31012, 24, 1, 56, 7, 38, 1, 'ZB736_POSTE', NULL, NULL, NULL, 'Pendiente por Entel', 100, NULL, NULL, '2019-09-16', '2019-02-10', '2019-02-10', NULL, NULL, NULL, NULL, 2106302),
(31013, 24, 1, 56, 7, 36, 1, 'ZB900_POSTE', NULL, NULL, '', 'Terminado', 100, '', '', '2019-09-16', '2019-03-10', '2019-03-10', '2020-11-13', '2020-11-13', NULL, NULL, 1685041),
(31014, 24, 1, 56, 7, 25, 1, 'AS219_POSTE 80%', NULL, NULL, NULL, 'Pendiente por Entel', 100, NULL, NULL, '2019-09-16', '2019-10-21', '2019-10-21', NULL, NULL, NULL, NULL, 1368008),
(31015, 24, 1, 56, 7, 25, 1, 'AS065_POSTE', NULL, NULL, NULL, 'Pendiente por Entel', 100, NULL, NULL, '2019-09-30', '2019-10-10', '2019-10-10', NULL, NULL, NULL, NULL, 1364200),
(31016, 24, 1, 56, 7, 25, 1, 'AS472_POSTE', NULL, NULL, NULL, 'Pendiente por Entel', 100, NULL, NULL, '2019-03-10', '2019-10-14', '2019-10-14', NULL, NULL, NULL, NULL, 1349840),
(31017, 24, 1, 56, 7, 25, 1, 'AS543_POSTE 80%', NULL, NULL, NULL, 'Pendiente por Entel', 100, NULL, NULL, '2019-04-10', NULL, NULL, NULL, NULL, NULL, NULL, 1368008),
(31018, 24, 1, 56, 7, 25, 1, 'zo536_POSTE 80%', NULL, NULL, NULL, 'Pendiente por Entel', 100, NULL, NULL, '2019-11-25', NULL, NULL, NULL, NULL, NULL, NULL, 1581210),
(31019, 24, 1, 56, 7, 25, 1, 'AS372_POSTE', NULL, NULL, NULL, 'En progreso', 100, NULL, NULL, '2019-12-09', NULL, NULL, NULL, NULL, NULL, NULL, 1614663),
(31020, 24, 1, 63, 7, 25, 1, 'as473', NULL, NULL, NULL, 'En progreso', 100, NULL, NULL, '2020-01-22', NULL, NULL, NULL, NULL, NULL, NULL, 2090000),
(31021, 24, 1, 63, 7, 25, 1, 'am842 80%', NULL, NULL, NULL, 'En progreso', 100, 'ESTRUCTURA LIGTH', NULL, '2020-05-02', NULL, NULL, NULL, NULL, NULL, NULL, 1619618),
(31022, 24, 1, 63, 7, 25, 1, 'ZO534 80%', NULL, NULL, NULL, 'En progreso', 100, 'ESTRUCTURA LIGTH', NULL, '2020-05-02', NULL, NULL, NULL, NULL, NULL, NULL, 1936061),
(32001, 24, 1, 56, 7, 38, 1, 'ZB509 LAS ASTAS TP 767331 80%', NULL, NULL, NULL, 'Ejecutado', 100, NULL, '767331', '2019-05-24', '2019-05-30', '2019-05-30', '2019-07-30', '2019-07-06', '2019-02-06', NULL, 1904527),
(32002, 24, 1, 56, 7, 38, 1, 'ZB380 LOS TRONCOS TP 767344 80%', NULL, NULL, NULL, 'Ejecutado', 100, NULL, '767344', '2019-05-24', '2019-06-06', '2019-07-06', NULL, '2019-06-18', '2019-08-06', NULL, 1904527),
(33012, 21, 1, 56, 1000, NULL, 1, 'AS552_SOLO INTEGRACION', NULL, NULL, NULL, 'Pendiente por Entel', 100, NULL, NULL, '2019-06-09', NULL, NULL, NULL, NULL, NULL, NULL, 125483),
(33013, 21, 1, 56, 1000, NULL, 4, 'ZB641_SOLO INTEGRACION', NULL, NULL, NULL, 'Pendiente por Entel', 20, NULL, NULL, '2019-04-10', NULL, NULL, NULL, NULL, NULL, NULL, 125483),
(33014, 21, 1, 1000, 1000, NULL, 1, 'AS583_SOLO INTEGRACION', NULL, NULL, NULL, 'Ejecutado', 100, NULL, NULL, NULL, NULL, NULL, NULL, NULL, NULL, NULL, 125483),
(33015, 21, 1, 56, 1000, NULL, 1, 'Integracion AS237', NULL, NULL, NULL, 'Ejecutado', 100, NULL, NULL, NULL, NULL, NULL, NULL, NULL, NULL, NULL, 125483),
(33016, 21, 1, 56, 1000, NULL, 1, 'Integracion RA094', NULL, NULL, NULL, 'Ejecutado', 100, NULL, NULL, NULL, NULL, NULL, NULL, NULL, NULL, NULL, 125483),
(33017, 21, 1, 56, 1000, NULL, 3, 'Integracion ZL576', NULL, NULL, NULL, 'Pendiente por Entel', 20, NULL, NULL, NULL, NULL, NULL, NULL, NULL, NULL, NULL, 125483),
(33051, 22, 1, 53, 1000, NULL, 3, 'ZL400', NULL, NULL, NULL, 'Ejecutado', 100, 'H/3', '798901', '2019-11-07', '2019-11-07', '2019-11-07', NULL, '2019-11-07', '2019-11-07', NULL, 125483),
(33052, 22, 1, 53, 1000, NULL, 1, 'CC104', NULL, NULL, NULL, 'Ejecutado', 100, 'H/3', '811753', '2019-12-24', '2019-12-24', '2019-12-24', NULL, '2019-12-24', '2019-12-24', NULL, 125483),
(33101, 5, 2, 22, 1000, 38, 1, 'Servicios Entel (Franklin Urra)', NULL, NULL, NULL, 'En progreso', 0, NULL, NULL, '2019-01-01', '2019-01-01', NULL, NULL, NULL, NULL, NULL, NULL),
(40001, 9, 1, 1000, 1000, 25, 5, 'Para Inversión Fibra Optica', NULL, NULL, NULL, 'Terminado', 100, 'Compras iniciales para materiales y equipos', NULL, NULL, NULL, NULL, NULL, NULL, NULL, NULL, NULL),
(40002, 9, 1, 51, 5, NULL, 1, 'AS233 Jose Manuel Balmaceda Renca', NULL, NULL, NULL, 'Terminado', 100, 'TENDIDO CABLE 48AS AEREO', '71902465625', '2019-07-24', '2019-08-01', '2019-08-01', NULL, NULL, '2019-08-30', NULL, 1265417),
(40003, 9, 1, 51, 5, NULL, 5, 'RS281 Calle Dos', NULL, NULL, NULL, 'Cancelado', 0, 'TENDIDO CABLE 48AS AEREO', NULL, '2019-07-24', NULL, NULL, NULL, NULL, NULL, NULL, NULL),
(40004, 9, 1, 47, 5, 25, 1, 'RM623 MAIPU CAMINO EL CERRILLO PCS', NULL, NULL, NULL, 'Terminado', 100, ' RM623 MAIPU CAMINO EL CERRILLO PCS', NULL, '2019-07-30', '2019-08-06', '2019-08-06', NULL, NULL, '2019-08-23', NULL, 600000),
(40005, 9, 1, 25, 5, NULL, 5, 'AS277 - ALTOS DE SAN BERNARDO - AS278 - ALMIRANTE RIVEROS', NULL, NULL, NULL, 'Cancelado', 0, 'AS277 - ALTOS DE SAN BERNARDO - AS278 - ALMIRANTE RIVEROS', '71902431976 - 71902431979', '2019-08-01', NULL, NULL, NULL, NULL, NULL, NULL, NULL),
(40006, 9, 1, 51, 5, NULL, 5, 'AS111 Valenzuela Castillo', NULL, NULL, NULL, 'Cancelado', 0, 'AS111 Valenzuela Castillo', 'OTT: 71902461605', '2019-08-07', NULL, NULL, NULL, NULL, NULL, NULL, NULL),
(40007, 9, 1, 47, 5, NULL, 5, 'RS302 Autopista Del Sol El Bosque', NULL, NULL, NULL, 'Cancelado', 0, '1600 FO 48 Aéreo, 700 metros FO de 12 Aéreo, 750 metros FO 48 Aéreo', '71902371454', '2019-08-12', NULL, NULL, NULL, NULL, NULL, NULL, NULL),
(40008, 9, 1, 51, 5, 25, 1, 'Acometida AS058 Centro Cívico Lo Prado', NULL, NULL, NULL, 'Terminado', 100, 'Tendido 15 Metros', '71902483933', '2019-10-03', '2019-10-03', '2019-10-03', NULL, '2019-11-06', '2019-11-06', NULL, 600000),
(40009, 9, 1, 51, 5, NULL, 5, 'Acometida AS066 Agua Santa- Maipú', NULL, NULL, NULL, 'Cancelado', 100, 'Pendiente reparación CTO por parte de otra empresa', '71902404496', '2019-10-03', NULL, NULL, NULL, NULL, NULL, NULL, NULL),
(40010, 9, 1, 51, 5, 25, 3, 'Acometida AS094 General Arriagada', NULL, NULL, NULL, 'Terminado', 100, 'Tendido 50 Metros', '71902419131', '2019-10-04', '2019-10-04', '2019-10-04', NULL, '2019-11-06', '2019-11-06', NULL, 600000),
(40011, 9, 1, 51, 5, 25, 3, 'Acometida AS251 Nueva Extremadura Jujuy', NULL, NULL, NULL, 'Terminado', 100, 'Tendido 15 Metros', '71902430596', '2019-10-04', '2019-10-04', '2019-10-04', NULL, '2019-11-06', '2019-11-06', NULL, 600000),
(40012, 9, 1, 51, 5, 25, 1, 'AS197 BARRIO EL COMENDADOR PUDAHUEL', NULL, NULL, NULL, 'Terminado', 100, '600 metros auto soportada', '71902519532', '2019-10-08', '2019-10-08', '2019-10-08', NULL, NULL, '2019-11-13', NULL, 576890),
(40013, 9, 1, 51, 5, 25, 1, 'AM911 CIUDAD EMPRESARIAL 2 PCS FO', NULL, NULL, NULL, 'Terminado', 100, '300 metros por cámara', '71902532267', '2019-10-29', '2019-10-30', '2019-10-30', NULL, NULL, '2020-02-13', NULL, 267990),
(40014, 9, 1, 6, 5, 25, 1, 'AS134 Los Cerezos -Peñalolén', NULL, NULL, NULL, 'Terminado', 100, '590 CABLE FO AS96 F8 115 CABLE FO AS12 F8', '71902545467', '2019-11-12', '2019-11-12', '2019-11-12', NULL, NULL, '2019-12-06', NULL, 600000),
(40015, 9, 1, 51, 5, 25, 1, 'AS093 HOSPITAL SALVADOR', NULL, NULL, NULL, 'Terminado', 100, '190 CABLE DU48 FO', NULL, '2019-11-14', '2019-11-15', '2019-11-15', NULL, NULL, '2019-11-19', NULL, 600000),
(40016, 9, 1, 51, 5, 25, 1, 'AS694 CARRASCAL-WALKER MARTINEZ', NULL, NULL, NULL, 'Terminado', 100, 'Tendido 550 mts cable FO 48AS', '71902543780', '2019-11-20', '2019-11-20', '2019-11-20', NULL, NULL, NULL, NULL, 547610),
(40017, 9, 1, 51, 5, 25, 5, 'Re-ubicaciones SITIO AM986 PASAJE SANTA ROSA PCS', NULL, NULL, NULL, 'Cancelado', 10, 'En espera de Información', '71902541296', '2019-11-25', NULL, NULL, NULL, NULL, NULL, NULL, 600000),
(40018, 9, 1, 51, 5, 25, 1, 'as274 lo cruzat', NULL, NULL, NULL, 'Terminado', 100, '560 Cable AS48', NULL, '2019-11-26', '2019-11-27', '2019-11-27', NULL, NULL, '2020-02-11', NULL, 282145),
(40019, 9, 1, 51, 5, 25, 1, 'PP008 LLANCAHUE ULISES PROVISORIO PCS', NULL, NULL, NULL, 'Terminado', 100, '130 Cable AS12', '71902537154', '2019-11-18', '2019-11-21', '2019-11-21', NULL, NULL, '2020-01-10', NULL, 186690),
(40020, 9, 1, 71, 5, 25, 8, 'AS471 ALEJANDRO FLORES', NULL, NULL, NULL, 'Terminado', 100, '300 Cable', '71902563880', '2019-11-27', '2019-11-28', '2019-11-28', NULL, NULL, '2020-02-11', NULL, 426000),
(40021, 9, 1, 71, 5, 25, 1, 'Sitio AS117 FUSION CONSTRUCCION MUFAS', NULL, NULL, NULL, 'Terminado', 100, NULL, NULL, '2019-12-07', '2019-11-07', '2019-11-07', NULL, NULL, '2019-12-09', NULL, 600000),
(40022, 9, 1, 51, 8, 25, 1, 'AS630 EX RM972 JOSE GHIARDO', NULL, NULL, NULL, 'Terminado', 100, 'TENDIDO 48AS 700MTS', '71902519673', '2019-12-16', '2019-12-17', '2019-12-17', NULL, NULL, '2019-01-21', NULL, 590690),
(40023, 9, 1, 51, 8, 25, 1, 'AM841 SATURNO CERRILLOS', NULL, NULL, NULL, 'Terminado', 100, 'TENDIDO 850MTS CABLE 48AS', '71902578927', '2019-12-17', '2019-12-28', '2019-12-28', NULL, NULL, '2020-02-11', NULL, 677825),
(40024, 9, 1, 51, 8, 25, 1, 'AM875 Alcantara PCS', NULL, NULL, NULL, 'Terminado', 100, 'TENDIDO 155MTS CABLE 96AS Y 150 FODU', '71902543740', '2019-12-18', '2019-12-18', '2019-12-18', NULL, NULL, '2020-01-15', NULL, 400000),
(40025, 9, 1, 51, 9, 25, 1, 'ZM903 MACRO ESTACION SANTA ROSA', NULL, NULL, NULL, 'Terminado', 100, 'Tendido 48 DC 20MTS, tendido 960mts AS', '71902559700', '2019-12-23', '2020-01-09', '2020-01-09', NULL, NULL, NULL, NULL, 388230),
(40026, 9, 1, 51, 8, 25, 5, 'AM903 BOSCH PCS REUBICACIONES', NULL, NULL, NULL, 'Cancelado', 10, 'Tendido FO 12Ducto 130mts', '71902587706', '2019-12-30', '2020-01-10', '2020-01-10', NULL, NULL, NULL, NULL, 166420),
(40027, 9, 1, 51, 8, 25, 1, 'AM980 VATICANO', NULL, NULL, NULL, 'Terminado', 100, 'Tendido FO 48AS 750MTS', '71902569110', '2020-06-01', '2020-01-09', '2020-01-09', NULL, NULL, NULL, NULL, 406562),
(40028, 9, 1, 54, 8, 25, 1, 'OPR29905 MAIPU', NULL, NULL, NULL, 'Terminado', 100, 'Tendido FO 48AS110 MTS, F0 24 DU 200', 'OPR DMR 51900029905', '2020-01-21', '2020-01-23', '2020-01-23', NULL, NULL, NULL, NULL, 300000),
(40029, 9, 1, 54, 8, 25, 1, 'OPR 51900029973 Nuñoa', NULL, NULL, NULL, 'Terminado', 100, 'Tendido FO 48 AS168', '51900029973', '2020-01-24', '2020-01-28', '2020-01-28', NULL, NULL, NULL, NULL, 860000),
(40030, 9, 1, 34, 10, 25, 1, 'ZM535 Parque Pablo Neruda', NULL, NULL, NULL, 'Terminado', 100, 'Tendido 900 mts FO48 As', '72002597349', '2020-01-28', '2020-02-24', '2020-02-24', NULL, NULL, NULL, NULL, 710000),
(40031, 9, 1, 34, 10, 25, 1, 'AS263 Imperial Los Morros', NULL, NULL, NULL, 'Terminado', 100, 'Tendido 550 Mts FO48AS', '76543128-O', '2020-01-29', '2020-02-11', '2020-02-11', NULL, NULL, NULL, NULL, 480000),
(40032, 9, 1, 54, 11, NULL, 5, 'Monsenor Sotero Sanz 027', NULL, NULL, NULL, 'Cancelado', 5, 'Tendido FO 800AS\r\n300 FO DU', 'OPR 51900029699', '2020-01-28', NULL, NULL, NULL, NULL, NULL, NULL, 790000),
(40033, 9, 1, 54, 12, 25, 1, 'OPR 51900029616 Av. Las torres pudahuel', NULL, NULL, NULL, 'Terminado', 100, 'Tendido 500mts 24FO AS', NULL, '2020-02-06', '2020-03-02', '2020-03-02', NULL, NULL, NULL, NULL, 267000),
(40034, 9, 1, 51, 8, 25, 5, 'AM871 RIESCO MANQUEHUE PCS', NULL, NULL, NULL, 'Cancelado', 5, 'Tendido 600mts 12FO AS', 'OTT 72002621562', '2020-03-11', '2020-03-11', '2020-03-11', NULL, NULL, NULL, NULL, 480500),
(40035, 9, 1, 54, 8, 25, 1, 'OPR 29866 GUACOLDA', NULL, NULL, NULL, 'Terminado', 100, 'Tendido 500mts 12FO AS', 'OPR 29866', '2020-03-11', '2020-03-11', '2020-03-11', NULL, NULL, NULL, NULL, 510300),
(40036, 9, 1, 51, 8, 25, 1, 'AM952 ZAÑARTU REUBICACION', NULL, NULL, NULL, 'Terminado', 100, 'Tendido 12AS 240MTS Tendido 620mts 48AS', 'OTT 72002649212', '2020-03-12', '2020-03-20', '2020-03-20', NULL, NULL, NULL, NULL, 540000),
(40037, 9, 1, 51, 8, 25, 1, 'Reubicacion AM946 ZAÑARTU POSTE 1', NULL, NULL, NULL, 'Terminado', 100, 'Tendido 12AS 325MTS+CTO', 'OTT 72002648954', '2020-03-13', '2020-03-20', '2020-03-20', NULL, NULL, NULL, NULL, 350000),
(40038, 9, 1, 51, 8, 25, 1, 'AS641 MUSEO FERROVIARIO', NULL, NULL, NULL, 'En progreso', 95, 'Tendido 85mts AS Tendido 355Mt DU', 'OTT 72002611184', '2020-03-20', '2020-03-27', '2020-03-27', NULL, NULL, NULL, NULL, 210000),
(40039, 9, 1, 51, 8, 25, 1, 'AM831 ÑUBLE', NULL, NULL, NULL, 'Terminado', 100, 'Tendido 345ASmts', 'OTT 72002655724', '2020-03-20', '2020-03-27', '2020-03-27', NULL, NULL, NULL, NULL, 180000),
(40044, 7, 1, 23, 4, 5, 1, 'Groomming Vallenar-Tamarico-Rep. Alto del Carmen', NULL, NULL, NULL, 'Terminado', 100, 'Groomming Vallenar-Tamarico-Rep. Alto del Carmen', 'OPR 14396', '2016-11-09', '2016-11-09', '2016-11-09', NULL, '2016-09-16', '2016-09-16', NULL, 5200000),
(50001, 5, 1, 40, 1000, 20, 1, 'Teams Desborde V Región', NULL, NULL, NULL, 'Ejecutado', 100, 'Coordinador de Proyecto Eusebio (2 semanas)', NULL, '2019-04-22', '2019-04-22', '2019-04-22', NULL, NULL, '2019-05-05', NULL, 1150000),
(50002, 5, 1, 1000, 1000, NULL, 5, 'Team Desborde RM SA344 Piedras Rojas  (NO COBRAR)', NULL, NULL, NULL, 'Ejecutado', 100, 'Proyecto no sera cobrado por Error de Instalacion por parte de Olitel', NULL, NULL, NULL, NULL, NULL, NULL, NULL, NULL, 0),
(50003, 5, 1, 27, 1000, 38, 5, 'Team Desborde VIII Región', NULL, NULL, NULL, 'Nuevo', 0, 'Coordinador de Proyecto Juan Cavieres', NULL, '2019-05-29', '2019-06-03', '2019-06-03', NULL, NULL, '2019-07-03', NULL, NULL),
(50004, 7, 1, 15, 1000, 38, 1, 'LOMA SOMMER - LA UNION', NULL, NULL, NULL, 'Terminado', 100, NULL, '51900028932', '2019-02-10', '2019-12-10', '2019-10-10', NULL, NULL, '2019-06-12', NULL, 485000),
(50005, 26, 1, 1000, 1000, NULL, 4, 'Instalación Huawei', NULL, NULL, NULL, 'En progreso', 50, '100 TSS + 40 TSS', NULL, NULL, NULL, NULL, NULL, NULL, NULL, NULL, 23038737),
(50006, 26, 1, 1000, 1000, NULL, 4, 'Huawei - Claro 100 link', NULL, NULL, NULL, 'En progreso', 40, NULL, NULL, NULL, '2019-10-20', '2020-01-06', NULL, NULL, '2020-05-31', NULL, 21152320),
(50007, 27, 1, 41, 1000, 9, 3, 'Trial Huawei Telefonica III Region', NULL, NULL, NULL, 'En progreso', 100, NULL, NULL, '2020-04-29', '2020-05-04', '2020-05-07', NULL, NULL, NULL, NULL, 1638431),
(50008, 27, 1, 41, 1000, 38, 3, 'Trial Huawei Telefonica VIII Region', NULL, NULL, NULL, 'En progreso', 100, NULL, NULL, '2020-04-29', '2020-05-04', '2020-05-07', NULL, NULL, NULL, NULL, 2436668),
(50009, 26, 1, 1000, 1000, NULL, 3, 'ADICIONALES', NULL, NULL, NULL, 'En progreso', 100, NULL, NULL, NULL, NULL, NULL, NULL, NULL, NULL, NULL, 381864),
(60000, 5, 1, 62, 1000, 25, 1, 'UCO 458', NULL, NULL, NULL, 'Ejecutado', 100, NULL, 'tp_ 800209; tp_801066; tp_801067', '2019-06-11', '2019-06-11', '2019-06-11', NULL, NULL, NULL, NULL, 125483),
(60320, 6, 1, 30, 5, 40, 1, 'Ruta ZE260 Ruta R60 P1 + Adicional', NULL, NULL, NULL, 'Ejecutado', 100, 'Habilitación de ruta LLOO', '71601664944', '2016-04-26', '2016-04-26', '2016-04-26', NULL, '2016-02-05', '2016-02-05', NULL, 710100),
(60344, 6, 1, 80, 5, 8, 1, 'Ruta ZO113 La Vega de Pupuya', NULL, NULL, NULL, 'Ejecutado', 100, 'Habilitación de ruta LLOO', '71601738937', '2016-07-22', '2016-07-22', '2016-07-22', NULL, '2016-07-26', '2016-07-26', NULL, 300000),
(60349, 6, 1, 30, 5, 40, 1, 'Medición ZE251 Rilul 1', NULL, NULL, NULL, 'Ejecutado', 100, 'Habilitación de ruta y prueba 3G', '71601748334', '2016-06-08', '2016-06-08', '2016-06-08', NULL, '2016-09-08', '2016-09-08', NULL, 312000),
(60355, 6, 1, 33, 5, 12, 1, 'Medición ZS146 Alhuemilla Las Palmas', NULL, NULL, NULL, 'Ejecutado', 100, 'Habilitación de ruta y prueba 3G', '71601722183', '2016-04-08', '2016-04-08', '2016-04-08', NULL, '2016-05-08', '2016-05-08', NULL, 312000),
(60358, 6, 1, 33, 5, 12, 1, 'Medición ZS168 La Rinconada', NULL, NULL, NULL, 'Ejecutado', 100, 'Habilitación de ruta y prueba 3G', '71601738958', '2016-04-08', '2016-04-08', NULL, '2016-04-08', '2016-05-08', '2016-05-08', NULL, 315600),
(60360, 6, 1, 33, 5, NULL, 1, 'Instalación ZC095 Quebrada San Andrés 1', NULL, NULL, NULL, 'Ejecutado', 100, 'Instalación para enlace Huawei (2+0) con diversidad de espacio con antenas 1.2mts', NULL, '2016-09-09', '2016-09-09', '2016-09-09', NULL, '2016-10-28', '2016-10-28', NULL, 2235500),
(60365, 6, 1, 80, 5, 12, 1, 'Instalación ZV377 Caleta Los Molles', NULL, NULL, NULL, 'Ejecutado', 100, 'Instalación de enlace (1+0) 18GHz con antenas 0.9mts/06mts', '71601748349', '2016-10-19', '2016-10-19', '2016-10-19', NULL, '2016-10-28', '2016-10-28', NULL, 399750),
(60373, 6, 1, 33, 5, 25, 1, 'Instalación SA294 Arturo Merino Benitez', NULL, NULL, NULL, 'Ejecutado', 100, 'Instalación SA294 Arturo Merino Benitez', '71601703636', '2017-01-18', '2017-01-18', '2017-01-18', NULL, '2017-01-28', '2017-01-28', NULL, 1317000),
(60374, 6, 1, 33, 5, NULL, 1, 'Instalación Raisecom AM752 GoldenFrost', NULL, NULL, NULL, 'Ejecutado', 100, 'Instalación Raisecom AM752 GoldenFrost', '71601659242', '2017-01-23', '2017-01-23', '2017-01-23', NULL, '2017-01-23', '2017-01-23', NULL, 395295),
(60375, 6, 1, 30, 5, 25, 1, 'Instalación  Raisecom AM604 Fiscalia nacional', NULL, NULL, NULL, 'Ejecutado', 100, 'Instalación  Raisecom AM604 Fiscalia nacional', NULL, '2017-12-01', '2017-12-01', '2017-12-01', NULL, '2017-12-01', '2017-12-01', NULL, 395295),
(70001, 22, 1, 53, 1000, 1000, NULL, 'Integración AN246 La Negra', NULL, NULL, NULL, 'Ejecutado', 100, 'H/3', 'TP 768483', '2019-06-21', '2019-06-23', '2019-06-21', '2019-06-23', NULL, '2019-06-21', NULL, NULL),
(70002, 22, 1, 53, 1000, 1000, NULL, 'Integración ZL274 Los Esteros', NULL, NULL, NULL, 'Ejecutado', 100, 'H/3', 'TP 773202', '2019-06-25', '2019-06-25', '2019-06-25', '2019-06-25', NULL, '2019-06-25', NULL, NULL),
(70003, 22, 1, 53, 1000, 1000, NULL, 'Integración ZS592 Vicuña Oriente', NULL, NULL, NULL, 'Ejecutado', 100, 'H/3', 'TP 774098', '2019-06-24', '2019-06-29', '2019-06-24', '2019-06-29', NULL, '2019-06-24', NULL, NULL),
(70004, 22, 1, 53, 1000, 1000, NULL, 'Integración FN743 Incachuasi', NULL, NULL, NULL, 'Ejecutado', 100, 'H/3', 'TP 774301', '2019-06-24', '2019-06-28', '2019-06-24', '2019-06-28', NULL, '2019-06-24', NULL, NULL),
(70005, 22, 1, 53, 1000, 1000, NULL, 'Integración ZB011 Cachapoal', NULL, NULL, NULL, 'Ejecutado', 100, 'H/3', 'TP 773839', '2019-07-01', '2019-07-02', '2019-07-01', '2019-07-05', NULL, '2019-07-01', NULL, NULL),
(70006, 22, 1, 53, 1000, 1000, NULL, 'integración BI882 Camino a Penco 2', NULL, NULL, NULL, 'Ejecutado', 100, 'RANCO-BAFI', 'TP 775376', '2019-07-09', '2019-07-09', '2019-07-12', '2019-07-11', NULL, '2019-07-08', NULL, NULL),
(70007, 22, 1, 53, 1000, 1000, NULL, 'integración LA686 Av. Francia', NULL, NULL, NULL, 'Ejecutado', 100, 'BAFI', 'TP 777098', '2019-07-11', '2019-07-11', '2019-07-14', '2019-07-11', NULL, '2019-07-10', NULL, NULL),
(70008, 5, 1, 53, 1000, NULL, 1, 'Integracion LA265 Chamiza', NULL, NULL, NULL, 'Ejecutado', 100, 'H/3', 'TP 777372', '2019-07-17', '2019-07-18', '2019-07-19', NULL, '2019-07-20', '2019-07-20', NULL, 125483),
(70009, 22, 1, 53, 1000, 1000, NULL, 'Integración FS634  Tranaquete', NULL, NULL, NULL, 'Ejecutado', 100, 'H/3', 'TP 774703', '2019-07-23', '2019-07-23', '2019-07-25', '2019-07-25', NULL, '2019-07-22', NULL, NULL),
(70010, 25, 1, 18, 1000, NULL, 1, 'Retiro de equipamiento POP en sitio ZM206 Superintendencia de Salud', NULL, NULL, NULL, 'Ejecutado', 100, NULL, NULL, '2019-07-17', '2019-07-22', '2019-07-22', NULL, '2019-07-21', '2019-07-24', NULL, NULL),
(70011, 5, 1, 53, 1000, NULL, 1, 'Integracion ZS021 El Tebal', NULL, NULL, NULL, 'Ejecutado', 100, 'H/3', 'tp778789', '2019-07-29', '2019-07-30', '2019-07-30', NULL, '2019-07-30', '2019-07-30', NULL, 125483),
(70012, 22, 1, 53, 1000, 1000, NULL, 'Integración ZE000 Villa Maule', NULL, NULL, NULL, 'Ejecutado', 100, 'H/3', 'TP 780059', '2019-07-31', '2019-07-31', '2019-07-31', '2019-07-31', NULL, '2019-07-30', NULL, NULL),
(70013, 5, 1, 53, 1000, NULL, 1, 'Integracion ZL322 Puelpun', NULL, NULL, NULL, 'Ejecutado', 100, 'H/3', 'TP 780049', NULL, NULL, NULL, NULL, NULL, '2019-01-08', NULL, 125483),
(70014, 5, 1, 53, 1000, NULL, 1, 'Integracion FS629 Calebu', NULL, NULL, NULL, 'Ejecutado', 100, 'H/3', '780970', '2019-06-08', '2019-06-08', '2019-06-08', NULL, '2019-06-08', '2019-06-08', NULL, 125483),
(70015, 5, 1, 53, 1000, NULL, 1, 'Integracion FS707 Quillaipe', NULL, NULL, NULL, 'Ejecutado', 100, 'H/3', '780973', '2019-08-08', '2019-08-08', '2019-08-08', NULL, '2019-08-08', '2019-08-08', NULL, 125483),
(70016, 5, 1, 53, 1000, NULL, 1, 'Integracion AN803 Puerto Antiguo', NULL, NULL, NULL, 'Ejecutado', 100, 'RANCO', '782892', '2019-12-08', NULL, NULL, NULL, NULL, NULL, NULL, 125483),
(70017, 5, 1, 53, 1000, NULL, 1, 'Integracion ZS508 Los Morales', NULL, NULL, NULL, 'Ejecutado', 100, 'H/3', '783510', '2019-12-14', '2019-12-14', '2019-12-15', NULL, NULL, NULL, NULL, 125483),
(70018, 5, 1, 53, 1000, NULL, 1, 'Integracion ZL231 El Arrayan', NULL, NULL, NULL, 'Ejecutado', 100, 'H/3', '784427', '2019-08-19', '2019-08-19', '2019-08-19', NULL, '2019-08-19', '2019-08-19', NULL, 125483),
(70019, 5, 1, 53, 1000, NULL, 1, 'Integracion Sitio FN363', NULL, NULL, NULL, 'Ejecutado', 100, 'H/3', '784427', '2019-08-28', '2019-08-28', '2019-08-28', NULL, '2019-08-28', '2019-08-28', NULL, 125483),
(70020, 5, 1, 53, 1000, NULL, 1, 'Integracion Sitio ZL521', NULL, NULL, NULL, 'Ejecutado', 100, 'H/3', '788420', '2019-08-29', '2019-08-28', '2019-08-28', NULL, '2019-08-28', '2019-08-28', NULL, 125483),
(70021, 5, 1, 53, 1000, NULL, 1, 'Integracion Sitio AR372', NULL, NULL, NULL, 'Ejecutado', 100, 'H/3', '788396', '2019-08-30', '2019-08-29', '2019-08-29', NULL, '2019-08-29', '2019-08-29', NULL, 125483),
(70022, 5, 1, 53, 1000, NULL, 1, 'Integracion Sitio FS805', NULL, NULL, NULL, 'Ejecutado', 100, 'H/3', '781351', '2019-08-30', '2019-08-30', '2019-08-30', NULL, '2019-08-30', '2019-08-30', NULL, 125483),
(70023, 5, 1, 53, 1000, NULL, 1, 'Integracion Sitio ZL342', NULL, NULL, NULL, 'Ejecutado', 100, 'H/3', '781249', '2019-02-09', '2019-08-30', '2019-08-30', NULL, '2019-08-30', '2019-08-30', NULL, 125483),
(70024, 5, 1, 53, 1000, NULL, 1, 'Integracion Sitio FS793', NULL, NULL, NULL, 'Ejecutado', 100, 'H/3', '781284', '2019-02-09', '2019-02-09', '2019-02-09', NULL, '2019-02-09', '2019-02-09', NULL, 125483),
(70025, 5, 1, 53, 1000, NULL, 1, 'Integracion Sitio FS844', NULL, NULL, NULL, 'Ejecutado', 100, 'H/3', '774702', '2019-03-09', '2019-03-09', '2019-03-09', NULL, '2019-03-09', '2019-03-09', NULL, 125483),
(70026, 5, 1, 53, 1000, NULL, 1, 'Integracion Sitio ZL289', NULL, NULL, NULL, 'Ejecutado', 100, 'H/3', '789231', '2019-03-09', '2019-03-09', '2019-03-09', NULL, '2019-03-09', '2019-03-09', NULL, 125483),
(70027, 5, 1, 53, 1000, NULL, 1, 'Integracion Sitio ZL330', NULL, NULL, NULL, 'Ejecutado', 100, 'H/3', '788646', '2019-03-09', '2019-03-09', '2019-03-09', NULL, '2019-03-09', '2019-03-09', NULL, 125483),
(70028, 5, 1, 53, 1000, NULL, 1, 'Integracion Sitio FS778', NULL, NULL, NULL, 'Ejecutado', 100, 'H/3', NULL, '2019-06-06', '2019-06-06', '2019-06-06', NULL, '2019-06-06', '2019-06-06', NULL, 125483),
(70029, 5, 1, 53, 1000, NULL, 1, 'Integracion Sitio LA664', NULL, NULL, NULL, 'Ejecutado', 100, 'H/3', NULL, '2019-06-06', '2019-06-06', '2019-06-06', NULL, '2019-06-06', '2019-06-06', NULL, 125483),
(70030, 5, 1, 53, 1000, NULL, 1, 'Integracion Sitio ZL319', NULL, NULL, NULL, 'Ejecutado', 100, 'H/3', NULL, '2019-09-09', '2019-09-09', '2019-09-09', NULL, '2019-09-09', '2019-09-09', NULL, 125483),
(70031, 5, 1, 53, 1000, NULL, 1, 'Integracion Sitio AR549', NULL, NULL, NULL, 'Ejecutado', 100, 'H/3', NULL, '2019-10-09', '2019-10-09', '2019-10-09', NULL, '2019-10-09', '2019-10-09', NULL, 125483),
(70032, 5, 1, 53, 1000, NULL, 1, 'Integracion Sitio AI800', NULL, NULL, NULL, 'Ejecutado', 100, 'H/3', NULL, '2019-10-16', '2019-10-16', '2019-10-16', NULL, '2019-10-16', '2019-10-16', NULL, 125483),
(70033, 5, 1, 53, 1000, NULL, 1, 'Integracion Sitio ZE238', NULL, NULL, NULL, 'Ejecutado', 100, 'H/3', NULL, '2019-10-22', '2019-10-24', '2019-10-24', NULL, '2019-10-24', '2019-10-24', NULL, 125483),
(80000, 6, 1, 30, 6, 25, 1, 'AS709 ARIZTIA OF AGRICOLA', NULL, NULL, NULL, 'Terminado', 100, 'Instalacion de Router 6K', '71902540876', '2019-12-14', '2019-12-14', '2019-12-11', '2020-04-22', '2019-12-18', '2019-12-18', NULL, 434550),
(80001, 6, 1, 30, 6, 25, 1, 'AS711 ARIZTIA OF SALA ROMANAPCS', NULL, NULL, NULL, 'Terminado', 100, 'Instalacion de Router 6K', '71902541299', '2019-12-14', '2019-12-14', '2019-12-11', '2020-04-22', '2019-12-18', '2019-12-18', NULL, 434550),
(80002, 6, 1, 30, 6, 44, 1, 'ZB491 FISCALIA YUNGAY PCS', NULL, NULL, NULL, 'Terminado', 100, 'Instalacion de 2 nuevos ATN', '71902495476', '2019-12-10', '2019-12-10', '2019-12-16', NULL, '2019-12-18', '2019-12-20', NULL, 1293000),
(80003, 6, 1, 30, 6, 38, 3, 'ZB690 Caleta Llico -Arauco', NULL, NULL, NULL, 'Terminado', 100, 'Instalacion de nuevo enlace MMOO RTN950', '71902495975', '2019-12-10', '2019-12-10', '2019-12-13', '2020-02-03', '2019-12-19', '2019-12-20', NULL, 1895325),
(80004, 6, 1, 30, 6, 25, 3, 'AS189 PARAMERICANA SUR, BANDA E', NULL, NULL, NULL, 'Terminado', 100, ' Instalación nuevo Banda E.', '71902535988', '2019-12-27', '2019-12-27', '2020-01-02', NULL, NULL, '2020-02-21', NULL, 1017000),
(80005, 6, 1, 30, 6, 38, 1, 'ZB608 SUCURSAL LOS ANGELES LAUTARO 350', NULL, NULL, NULL, 'Terminado', 100, 'Instalación nuevo R6K para sitio ZB608.', '71902563164', '2019-12-27', '2019-12-27', '2020-01-03', NULL, '2020-01-16', '2020-02-21', NULL, 646500),
(80006, 6, 1, 74, 3, 44, 4, 'ZL260 La Picada', NULL, NULL, NULL, 'En progreso', 100, 'Instalación de nuevo enlace MMOO ZL260 La Picada - LA376 Bellavista PCS', '71902582122', '2020-01-04', '2020-01-04', '2020-01-13', NULL, '2020-01-19', '2020-01-10', NULL, 1551000),
(80007, 9, 1, 33, 5, 20, 3, 'ZV686 - Reub Carlos Pezoa PCS', NULL, NULL, NULL, 'Terminado', 100, NULL, '71902578880', '2020-01-24', '2020-01-24', '2020-01-24', NULL, NULL, '2020-01-24', NULL, 500000),
(80008, 9, 1, 33, 5, 25, 3, 'AS630 José Ghiardo', NULL, NULL, NULL, 'Terminado', 100, NULL, '71902519673', '2020-01-06', '2020-01-06', NULL, NULL, NULL, NULL, NULL, 420000),
(80009, 9, 1, 33, 5, 25, 3, 'AM842 Saturno Cerrillos', NULL, NULL, NULL, 'Terminado', 100, NULL, '71902578927', '2020-01-03', '2020-01-03', '2020-01-03', NULL, NULL, '2020-01-03', NULL, 1000000),
(80010, 9, 1, 33, 5, 25, 3, 'AM980 - Reub Vaticano PCS', NULL, NULL, NULL, 'Terminado', 100, NULL, '71902569110', '2020-02-11', '2020-02-12', NULL, NULL, NULL, '2020-02-12', NULL, 420000),
(80011, 6, 1, 30, 6, 8, 1, 'ZO029  AGROSUPER PCS', NULL, NULL, NULL, 'Terminado', 100, 'instalación nuevo enlace Banda E Ericsson.', '71902580321', '2020-02-24', '2020-02-24', '2020-02-26', '2020-03-08', '2020-02-28', '2020-02-28', NULL, 1391938),
(90100, 5, 1, 68, 1000, 25, 1, 'Team Apoyo TND RM', NULL, NULL, NULL, 'Ejecutado', 100, 'Upgrade de servicio', NULL, '2017-02-15', '2017-02-15', '2017-02-15', '2017-02-24', '2017-02-24', '2017-02-24', NULL, 4704000),
(90101, 5, 1, 59, 1000, 38, 1, 'Groomming Cholguan OPR17208', NULL, NULL, NULL, 'Ejecutado', 100, 'Paneo y optimización de red Cholguan - Hospital Yungay', 'OPR17208', '2017-08-16', NULL, NULL, NULL, NULL, NULL, NULL, 3191520),
(90102, 5, 1, 28, 1000, 38, 1, 'Enlace 4+0 Cayumanque-Caracol', NULL, NULL, NULL, 'Ejecutado', 100, 'Enlace 4+0 en 13 GHz entre Cayumanque-Caracol con antenas de 1.2 metros, para la contingencia Pe Caracol', NULL, '2017-02-22', NULL, NULL, NULL, NULL, NULL, NULL, 4875305),
(90103, 5, 1, 49, 1000, 8, 1, 'Team Apoyo TND VI Región', NULL, NULL, NULL, 'Ejecutado', 100, 'Upgrade de servicio', NULL, '2017-02-22', '2017-02-22', '2017-02-22', NULL, '2017-03-25', '2017-03-25', NULL, 1698000),
(90105, 5, 1, 31, 1000, 25, 1, 'Traslado Enlace Maipu-Aeropuerto', NULL, NULL, NULL, 'Ejecutado', 100, 'Traslado Enlace Maipu-Aeropuerto', NULL, '2017-02-24', '2017-02-24', '2017-02-24', '2017-06-29', '2017-03-28', '2017-03-28', NULL, 1981700),
(90106, 6, 1, 33, 5, 31, 1, 'Survay MA139 Putagan', NULL, NULL, NULL, 'Ejecutado', 100, 'Survay MA139 Putagan', 'null ott', '2017-01-02', '2017-01-02', '2017-01-02', '2017-03-02', '2017-02-02', '2017-02-02', NULL, 316296),
(90107, 5, 1, 77, 1000, 31, 1, 'Ampliación enlace MA286 Talca Norte-Peñon', NULL, NULL, NULL, 'Ejecutado', 100, 'Ampliación de enlace 2+0 entre Talca Norte-Peñon', 'OTT 71701872139', '2017-02-24', '2017-02-24', '2017-02-24', '2017-03-31', '2017-03-29', '2017-03-29', NULL, 2074800),
(90108, 5, 1, 55, 1000, 20, 1, 'Instalación raisecom 13 Norte', NULL, NULL, NULL, 'Ejecutado', 100, 'Instalación UTP y Jumper FO en 13 Norte', NULL, '2017-01-03', '2017-01-03', '2017-01-03', NULL, '2017-09-03', '2017-09-03', NULL, 1118501),
(90109, 5, 1, 20, 1000, 40, 1, 'Grooming Gorbea-Rucapillan-Melipeuco OPR 17137', NULL, NULL, NULL, 'Ejecutado', 100, 'Traffic Grooming', 'OPR17137', '2017-02-03', '2017-02-03', '2017-02-03', NULL, '2017-02-03', '2017-02-03', NULL, 3192000),
(90110, 6, 1, 30, 5, 40, 1, 'Actulizacion de release Curarrehue-Huincapalihue', NULL, NULL, NULL, 'Ejecutado', 100, 'Actulizacion de release Curarrehue-Huincapalihue', 'TK HP 138467', '2017-02-03', '2017-02-03', '2017-02-03', '2017-10-03', '2017-07-03', '2017-07-03', NULL, 768500),
(90111, 5, 1, 1000, 1000, 31, 1, 'Evento Santa Olga', NULL, NULL, NULL, 'Ejecutado', 100, 'Instalación de enlace 2,0 con antena de 0,6 metros', NULL, '2017-02-09', NULL, NULL, NULL, NULL, NULL, NULL, 2522433),
(90112, 5, 1, 19, 1000, 25, 1, 'Survey Tx RM, V y VII', NULL, NULL, NULL, 'Ejecutado', 100, 'Levantamiento fotográfico', NULL, '2017-06-03', '2017-06-03', '2017-06-03', '2017-10-10', '2017-10-10', '2017-10-10', NULL, 10655452),
(90113, 5, 1, 55, 1000, 20, 1, 'Survey Tx V Región', NULL, NULL, NULL, 'Ejecutado', 100, 'Levantamiento fotográfico', NULL, '2017-07-03', '2017-07-03', '2017-07-03', '2017-10-03', '2017-10-03', '2017-10-03', NULL, 1064000),
(90114, 5, 1, 31, 1000, 25, 1, 'Grooming Chicureo-Batuco', NULL, NULL, NULL, 'Ejecutado', 100, 'Grooming Chicureo-Batuco', 'OPR 17771', '2017-07-03', '2017-07-03', '2017-07-03', '2017-05-16', '2017-11-05', '2017-11-05', NULL, 1596000),
(90115, 6, 1, 30, 5, 1, 1, 'Instalación Raisecom ZT011 Av Loa Martinez de Rosas', NULL, NULL, NULL, 'Ejecutado', 100, 'Instalación de Raisecom sitio nuevo ZT011 Av Loa Martinez de Rosas', NULL, '2017-10-03', '2017-10-03', '2017-10-03', '2017-03-13', '2017-10-03', '2017-10-03', NULL, 1719250),
(90116, 7, 1, 31, 4, 25, 1, 'Instalación enlace HW980 Bosch-Lampa 2', NULL, NULL, NULL, 'Ejecutado', 100, 'Instalación enlace HW980 Bosch-Lampa 2', 'OPR 51600015351', '2017-03-13', '2017-03-13', '2017-03-13', '2017-07-07', '2017-04-07', '2017-04-07', NULL, 1325000);
INSERT INTO `concepto` (`CP`, `ID_CC`, `ID_TIPO`, `ID_SUPENTEL`, `ID_JDE`, `ID_CIUDAD`, `ID_EO_COB`, `NOMBRE`, `FECHA_CREACION`, `CIUDAD`, `SITIO`, `ESTADO`, `AVANCE`, `DESCRIPCION`, `OTT`, `INI_ASIG`, `INI_REAL`, `TER_ASIG`, `TER_REAL`, `FEC_INF`, `FECHADEASIGNACION`, `CREADOPOR`, `VALORPROYECTO`) VALUES
(90117, 5, 1, 1000, 1000, 38, 5, 'Paneo Enlace Patagual-Hualqui', NULL, NULL, NULL, 'Ejecutado', 100, 'Paneo Enlace Patagual-Hualqui', NULL, NULL, NULL, NULL, NULL, NULL, NULL, NULL, 0),
(90118, 5, 1, 1000, 1000, 25, 1, 'Survey RM (CRM)', NULL, NULL, NULL, 'Ejecutado', 100, 'Survey RM (CRM)', NULL, '2017-09-21', NULL, NULL, NULL, NULL, NULL, NULL, 1950000),
(90119, 5, 1, 1000, 1000, 20, 1, 'Survey V región (CRM)', NULL, NULL, NULL, 'Ejecutado', 100, 'Survey V región (CRM)', NULL, NULL, NULL, NULL, NULL, NULL, NULL, NULL, 4522000),
(90120, 5, 1, 75, 1000, 8, 1, 'Survey VI y VII región (CRM)', NULL, NULL, NULL, 'Ejecutado', 100, 'Survey de Tx en sitios', NULL, '2017-03-28', '2017-03-28', '2017-03-28', '2017-05-22', '2017-05-22', '2017-05-22', NULL, 8512000),
(90121, 5, 1, 27, 1000, 38, 1, 'Apoyo migraciones Melipilun', NULL, NULL, NULL, 'Ejecutado', 100, 'Apoyo con 1 team, apoyo con 2 teams. Apoyo remoto', 'TP 535916', '2017-03-27', '2017-03-27', '2017-03-27', '2017-03-31', '2017-03-31', '2017-03-31', NULL, 1596000),
(90122, 6, 1, 1000, 1000, 38, 1, 'Instalación ZB486 Celulosa Arauco Nueva Aldea', NULL, NULL, NULL, 'Ejecutado', 100, 'Instalación ZB486 Celulosa Arauco Nueva Aldea', NULL, '2017-03-24', '2017-03-24', '2017-03-24', '2017-09-06', '2017-02-05', '2017-02-05', NULL, 1350000),
(90123, 5, 1, 70, 1000, 38, 1, 'Survey VIII y IX región (CRM)', NULL, NULL, NULL, 'Ejecutado', 100, 'Survey de Tx en sitios', NULL, '2017-01-04', '2017-01-04', '2017-01-04', '2017-12-05', '2017-12-05', '2017-12-05', NULL, 5426400),
(90124, 5, 1, 4, 1000, 31, 1, 'Cambio raisecom por ATN910 MA173 San Miguel', NULL, NULL, NULL, 'Ejecutado', 100, 'Cambio en caliente de enlace raisecom', '71701905421', '2017-05-04', '2017-05-04', '2017-05-04', '2017-02-08', '2017-02-08', '2017-02-08', NULL, 1166000),
(90126, 5, 1, 55, 1000, 20, 1, 'Disponibilidad contingencia V Región', NULL, NULL, NULL, 'Ejecutado', 100, 'Disposición de 2 teams para atención inmediata en caso de terremoto', NULL, '2017-04-26', '2017-04-26', '2017-04-26', '2017-02-05', '2017-02-05', '2017-02-05', NULL, 4468800),
(90127, 5, 1, 69, 1000, 51, 1, 'Mantención red carretera Austral', NULL, NULL, NULL, 'Ejecutado', 100, 'Apoyo antenero mantencion enlaces MMOO', NULL, '2017-04-28', '2017-04-28', '2017-04-28', NULL, '2017-05-13', '2017-05-13', NULL, 2965000),
(90128, 5, 1, 73, 1000, 25, 1, 'Instalaciones ZM573 C. Ski Colorado - El Toyo', NULL, NULL, NULL, 'Ejecutado', 100, 'Movimiento de soporte y agregación de línea', NULL, '2017-03-05', '2017-03-05', '2017-03-05', '2017-06-15', '2017-12-06', '2017-12-06', NULL, 1064000),
(90129, 5, 1, 4, 1000, 25, 1, 'Instalaciones RM490 La Parva', NULL, NULL, NULL, 'Ejecutado', 100, 'Movimiento de soporte y agregación de línea', NULL, '2017-04-05', '2017-04-05', '2017-04-05', NULL, NULL, NULL, NULL, 2140000),
(90130, 5, 1, 4, 1000, 25, 1, 'Instalaciones ZM983 Nueva La Parva', NULL, NULL, NULL, 'Ejecutado', 100, 'Movimiento de soporte y agregación de línea', NULL, '2017-05-05', '2017-05-05', '2017-05-05', NULL, NULL, NULL, NULL, 0),
(90131, 5, 1, 4, 1000, 25, 1, 'Instalaciones RM687 Valle Nevado 2', NULL, NULL, NULL, 'Ejecutado', 100, 'Movimiento de soporte y agregación de línea', NULL, '2018-02-10', NULL, NULL, NULL, NULL, NULL, NULL, 532000),
(90132, 5, 1, 1000, 1000, 25, 3, 'Ordenamiento bodegas CNT', NULL, NULL, NULL, 'Ejecutado', 100, 'Ordenamiento bodegas CNT', NULL, '2017-10-04', '2017-10-04', '2017-10-04', '2017-10-05', '2017-10-05', '2017-10-05', NULL, 1862000),
(90133, 5, 1, 72, 1000, 38, 1, 'Monitoreo de Enlaces TE028', NULL, NULL, NULL, 'Ejecutado', 100, 'Monitoreo de enlace para reforzamiento torre', NULL, '2017-05-18', '2017-05-18', '2017-05-18', '2017-05-22', '2017-05-19', '2017-05-19', NULL, 665000),
(90134, 5, 1, 55, 1000, 20, 1, 'Ampliación + ATND Baliza-ZV075 El Tabo Playa', NULL, NULL, NULL, 'Ejecutado', 100, 'Ampliación (1+0) a (2+0) con ATND', 'OTT 71701927070', '2017-05-17', '2017-05-17', '2017-05-17', '2017-06-06', '2017-05-19', '2017-05-19', NULL, 532000),
(90135, 5, 1, 67, 1000, 25, 1, 'Instalación AM275 Lagunillas', NULL, NULL, NULL, 'Ejecutado', 100, 'Instalación (1+0) con ATND', 'OTT 71701924574', '2017-05-19', '2017-05-19', '2017-05-19', '2017-06-21', '2017-05-26', '2017-05-26', NULL, 1310050),
(90136, 7, 1, 57, 4, 40, 1, 'Gorbea Rucapillan OPR18757', NULL, NULL, NULL, 'Ejecutado', 100, 'Instalación nuevo enlace Gorbea-Rucapillan y ampliación Melipeuco', NULL, '2017-05-30', '2017-05-30', '2017-05-30', '2017-05-09', '2017-02-09', '2017-02-09', NULL, 4788000),
(90137, 5, 1, 28, 1000, 12, 1, 'Antenero red Varillar', NULL, NULL, NULL, 'Ejecutado', 100, 'Apoyo mantención red', NULL, '2017-05-29', '2017-05-29', '2017-05-29', NULL, '2017-02-06', '2017-02-06', NULL, 860510),
(90139, 5, 1, 60, 1000, 25, 1, 'RANCO RS070 Santa Zita', NULL, NULL, NULL, 'Ejecutado', 100, 'Consolidación y Renovación Tecnológica', NULL, '2017-09-06', '2017-09-06', '2017-09-06', NULL, '2017-06-07', '2017-06-07', NULL, 4323749),
(90140, 6, 1, 33, 5, 25, 1, 'Cruzadas FO URA Vitacura - URA Dario Urzua n0o', NULL, NULL, NULL, 'Ejecutado', 100, 'Cruzadas FO', NULL, '2017-08-06', '2017-08-06', '2017-08-06', '2017-09-06', '2017-09-06', '2017-09-06', NULL, 319200),
(90141, 5, 1, 8, 1000, 25, 1, 'Instalación OMS1410 GTD', NULL, NULL, NULL, 'Ejecutado', 100, 'Instalación de OMS1410 en sitio GTD', 'OTT 71701876145', '2017-05-29', '2017-05-29', '2017-05-29', '2017-07-14', '2017-07-14', '2017-07-14', NULL, 667500),
(90142, 6, 1, 30, 5, 25, 1, 'Instalación enlace Comercial K', NULL, NULL, NULL, 'Ejecutado', 100, 'Instalación enlace TN con 2 saltos', NULL, '2017-05-06', '2017-05-06', '2017-05-06', '2017-07-24', '2017-06-20', '2017-06-20', NULL, 1489600),
(90143, 5, 1, 69, 1000, 46, 1, 'Antenero red Austral (norte)', NULL, NULL, NULL, 'Ejecutado', 100, 'Apoyo como antenero en mantención', NULL, '2017-06-18', '2017-06-18', '2017-06-18', NULL, '2017-06-24', '2017-06-24', NULL, 1497314),
(90144, 5, 1, 43, 1000, 8, 1, 'Contingencia temporal VI región', NULL, NULL, NULL, 'Ejecutado', 100, 'Apoyo reparación de fallas por temporal', NULL, '2017-06-17', '2017-06-17', '2017-06-17', NULL, '2017-06-21', '2017-06-21', NULL, 2296000),
(90145, 5, 1, 48, 1000, 31, 1, 'Contingencia temporal VII región', NULL, NULL, NULL, 'Ejecutado', 100, 'Apoyo reparación de fallas por temporal', NULL, '2017-06-17', '2017-06-17', '2017-06-17', NULL, '2017-06-17', '2017-06-17', NULL, 3043800),
(90146, 18, 2, 72, 1000, 38, 5, 'Team 1 VII  (Fabian Gonzalez)', NULL, NULL, NULL, 'Terminado', 0, 'Team de desborde para atender trabajos de UM', NULL, NULL, NULL, NULL, NULL, NULL, NULL, NULL, 0),
(90147, 16, 2, 72, 1000, 25, 1, 'Team 1 Stgo 1RM (Fabian Gonzalez)', NULL, NULL, NULL, 'En progreso', 0, 'Team de desborde para atender trabajos de UM', NULL, NULL, NULL, NULL, NULL, NULL, NULL, NULL, NULL),
(90148, 5, 1, 79, 1000, 38, 1, 'Contingencia temporal VIII región', NULL, NULL, NULL, 'Ejecutado', 100, 'Apoyo reparación de fallas por temporal', NULL, '2017-06-22', '2017-06-22', '2017-06-22', NULL, '2017-06-30', '2017-06-30', NULL, NULL),
(90149, 5, 1, 55, 1000, 20, 5, 'Team 1 V region (Nestor Videla)', NULL, NULL, NULL, 'Ejecutado', 100, 'Team 3 personas RANCO y Apoyo RANCO', NULL, '2017-03-07', '2017-03-07', '2017-03-07', NULL, NULL, NULL, NULL, NULL),
(90150, 5, 1, 26, 1000, 38, 1, 'WLL VIII región', NULL, NULL, NULL, 'Ejecutado', 100, 'Instalacion de 2 sitios WLL', NULL, '2017-03-07', '2017-03-07', '2017-03-07', NULL, '2017-11-22', '2017-11-22', NULL, NULL),
(90151, 6, 1, 30, 5, 25, 1, 'ATN910 AM776 ZACH', NULL, NULL, NULL, 'Ejecutado', 100, 'Instalación de enlace FO ATN910', NULL, '2017-06-30', '2017-06-30', '2017-06-30', '2017-07-24', '2017-07-21', '2017-07-21', NULL, NULL),
(90152, 7, 1, 57, 4, 31, 1, 'Empedrado-Cauquenes 2-Cauquenes', NULL, NULL, NULL, 'Ejecutado', 100, 'Instalación nuevo enlace 2+0 cauquenes 2 - empedrado', 'OPR 19339', '2017-04-07', '2017-04-07', '2017-04-07', NULL, NULL, NULL, NULL, NULL),
(90153, 5, 1, 14, 1000, 25, 1, 'RANCO SA255 Vega Central', NULL, NULL, NULL, 'Ejecutado', 100, 'Consolidación y Renovación Tecnológica', NULL, '2017-07-14', '2017-07-14', '2017-07-14', '2017-01-08', '2017-07-26', '2017-07-26', NULL, NULL),
(90156, 5, 1, 22, 1000, 38, 5, 'Team 1 VIII región (Carlos Zurita)', NULL, NULL, NULL, 'Ejecutado', 100, 'Team de apoyo a trabajos proyecto RANCO VIII región', NULL, NULL, '2017-07-19', '2017-07-19', NULL, NULL, NULL, NULL, NULL),
(90157, 5, 1, 22, 1000, 38, 5, 'Team 2 VIII región (Carlos Zurita)', NULL, NULL, NULL, 'Ejecutado', 100, 'Team de apoyo a trabajos proyecto RANCO VIII región', NULL, NULL, '2017-07-19', '2017-07-19', NULL, NULL, NULL, NULL, NULL),
(90158, 5, 1, 57, 1000, 31, 1, 'Hualañe-Huapi OPR19311', NULL, NULL, NULL, 'Ejecutado', 100, 'instalacion enlace 2+0 y retiro enlace', 'OPR 19311', '2017-07-13', '2017-07-13', '2017-07-13', NULL, NULL, NULL, NULL, 3577500),
(90159, 6, 1, 33, 5, 25, 1, 'Cruzada FO URA Las Condes (Splitter Colon) si', NULL, NULL, NULL, 'Ejecutado', 100, 'Cruzadas entre ODF y OLT en sitio URA Las Condes', NULL, '2017-07-21', '2017-07-21', '2017-07-21', '2017-07-28', '2017-07-27', '2017-07-27', NULL, 319200),
(90160, 6, 1, 33, 5, 25, 1, 'Cruzada FO CNT -2 (Splitter Santo Domingo) si', NULL, NULL, NULL, 'Ejecutado', 100, 'Cruzadas entre ODF y OLT en sitio CNT-2', NULL, '2017-07-21', '2017-07-21', '2017-07-21', '2017-07-28', '2017-07-28', '2017-07-28', NULL, 319200),
(90161, 6, 1, 30, 5, 25, 1, 'ATN910 SA159 Estadio Israelita', NULL, NULL, NULL, 'Ejecutado', 100, 'Instalación ANT910', 'OTT 71601703631', '2017-07-28', '2017-07-28', '2017-07-28', '2017-10-08', '2017-08-08', '2017-06-08', NULL, 399000),
(90162, 5, 1, 14, 1000, 25, 1, 'RANCO RM959 Cardenal José María Caro', NULL, NULL, NULL, 'Ejecutado', 100, 'Consolidación y Renovación Tecnológica', NULL, '2017-03-08', '2017-03-08', '2017-03-08', NULL, NULL, NULL, NULL, 0),
(90163, 7, 1, 57, 4, 31, 3, 'Chovellen OPR19309', NULL, NULL, NULL, 'Ejecutado', 100, 'Instalacion de enlace (2+0)', 'OPR19309', '2017-07-13', '2017-07-13', '2017-07-13', NULL, NULL, NULL, NULL, 2782500),
(90164, 7, 1, 57, 4, 31, 1, 'Zapallar - Romeral OPR 19342', NULL, NULL, NULL, 'Ejecutado', 100, 'Migracion, Traffic Groomming', 'OPR 19342', '2017-07-13', '2017-07-13', '2017-07-13', NULL, NULL, NULL, NULL, 1998750),
(90165, 5, 1, 65, 1000, 38, 1, 'Contingencia VIII y IX regiones 14-08', NULL, NULL, NULL, 'Ejecutado', 100, 'Atención de fallas de energía y Tx por temporal', NULL, '2017-08-13', '2017-08-13', '2017-08-13', NULL, '2017-08-18', '2017-08-17', NULL, 4894400),
(90166, 5, 2, 65, 1000, 25, 5, 'Team 1 RM (Pedro Ortiz)', NULL, NULL, NULL, 'Terminado', 0, 'Instalación LTE1900', NULL, NULL, '2017-08-17', '2017-08-17', NULL, NULL, NULL, NULL, 0),
(90167, 5, 2, 65, 1000, 25, 5, 'Team 2 RM (Pedro Ortiz)', NULL, NULL, NULL, 'Terminado', 0, 'Instalación LTE1900', NULL, NULL, '2017-08-24', '2017-08-24', NULL, '2018-10-04', '2017-10-05', NULL, 0),
(90168, 5, 1, 20, 1000, 40, 1, 'OPR 19310 NUEVA IMPERIAL FDT - ALTO MOLCO - MANUEL RECABARREN', NULL, NULL, NULL, 'Ejecutado', 100, 'Ampliación de enlace', 'OPR 19310', '2017-09-08', '2017-09-08', '2017-09-08', NULL, NULL, NULL, NULL, 1998750),
(90169, 5, 1, 20, 1000, 40, 1, 'OPR 51600017210  ALTO MOLCO PCS // Levantamiento Estructural', NULL, NULL, NULL, 'Ejecutado', 100, 'Instalación de enlace, ampliación y TG', 'OPR 17210', '2017-08-21', '2017-08-21', '2017-08-21', NULL, NULL, NULL, NULL, 2541250),
(90170, 5, 1, 22, 1000, 38, 5, 'Team 3 VIII región Chillán (Carlos Zurita)', NULL, NULL, NULL, 'Terminado', 0, 'RAN Consolidado: Capacidad', NULL, NULL, '2017-09-28', '2017-09-28', NULL, NULL, NULL, NULL, 0),
(90171, 5, 1, 27, 1000, 38, 1, 'Instalación 2 enlaces VIII región (Patagual)', NULL, NULL, NULL, 'Ejecutado', 100, 'Instalación y migración de enlaces Patagual-Patagual SZ2 y Patagual SZ2-Patagual SZ1', 'OTT 71701978347', '2017-08-28', '2017-08-28', '2017-08-28', '2017-10-24', '2017-10-10', '2017-10-10', NULL, 2650000),
(90172, 7, 1, 59, 4, 38, 1, 'Cerro Los Mellizos - Lebu', NULL, NULL, NULL, 'Ejecutado', 100, 'Cerro Los Mellizos - Lebu', 'OPR 20554', '2017-08-25', '2017-08-25', '2017-08-25', '2017-10-23', '2017-10-20', '2017-10-20', NULL, 1463000),
(90173, 19, 2, 22, 1000, 38, 5, 'Team 4 VIII región (Carlos Zurita)', NULL, NULL, NULL, 'Terminado', 0, 'Edgardo Iturra - Carlos Sanhueza', NULL, NULL, NULL, NULL, NULL, NULL, NULL, NULL, 0),
(90174, 6, 1, 30, 5, 25, 1, 'ATN910 AM783 Sucursal Los Dominicos', NULL, NULL, NULL, 'Ejecutado', 100, 'Instalacion de ATN910 con prueba 3G', 'OTT 71702011269', '2017-12-09', '2017-12-09', '2017-12-09', '2017-11-20', '2017-09-18', '2017-09-18', NULL, 399000),
(90175, 6, 1, 1, 5, 12, 1, 'ZS514 El Huilmo Alto', NULL, NULL, NULL, 'Ejecutado', 100, 'Instalación enlace MMOO (1+0) TN', 'OTT 71701890451', '2017-12-11', '2017-12-11', '2017-12-11', '2017-10-17', '2017-09-27', '2017-09-27', NULL, 1332500),
(90176, 18, 2, 72, 1000, 31, 1, 'Team 1 VII (Fabian Gonzalez)', NULL, NULL, NULL, 'En progreso', 0, 'Team de desborde para atender trabajos de UM', NULL, NULL, NULL, NULL, NULL, NULL, NULL, NULL, NULL),
(90177, 5, 1, 27, 1000, 38, 1, 'Ampliación enlaces VIII región', NULL, NULL, NULL, 'Ejecutado', 100, 'Ampliación a 2+0 de enlace FS564 TUMBES – BI074 RE CERRO CARACOL\r\nLEBU - SANTA ROSA', 'OTTs 71702001004 - 1994800', '2017-09-26', '2017-09-26', '2017-09-26', NULL, '2017-09-11', '2017-09-11', NULL, 1599000),
(90179, 5, 1, 52, 1000, 25, 1, 'Mantención PE-3G 2017 RM', NULL, NULL, NULL, 'Ejecutado', 100, 'Revisión de rutas uplink de PE-3G y pruebas de conmutación', NULL, '2017-09-13', '2017-09-13', '2017-09-13', NULL, NULL, NULL, NULL, 8290860),
(90180, 5, 1, 52, 1000, 1, 1, 'Mantención PE-3G I-II-XV', NULL, NULL, NULL, 'Ejecutado', 100, 'Revisión de rutas uplink de PE-3G y pruebas de conmutación', NULL, '2017-10-13', '2017-10-13', '2017-10-13', NULL, '2017-07-11', '2017-07-11', NULL, 9151170),
(90181, 5, 1, 67, 1000, 40, 1, 'Instalación de enlace AR370 Mapui – FS694 Dollinco Lautaro', NULL, NULL, NULL, 'Ejecutado', 100, 'Enlace MMOO HUAWEI RTN950 1+0 AR370 Maipu – FS694 Dollinco Lautaro', 'OTT 71701994592', '2017-12-10', '2017-12-10', '2017-12-10', NULL, '2017-11-24', '2017-11-24', NULL, 1199250),
(90182, 5, 1, 75, 1000, 31, 1, 'Instalación 6 Sitios LTE 1900 VII region', NULL, NULL, NULL, 'Ejecutado', 100, 'Instalación de sitios LTE1900', NULL, '2017-12-04', NULL, NULL, NULL, NULL, NULL, NULL, 4104100),
(90183, 5, 1, 20, 1000, 40, 1, 'CholChol - Mapui OPR 20651', NULL, NULL, NULL, 'Ejecutado', 100, 'Ampliación de enlace + Traffic Gromming', 'OPR 20651', '2017-06-10', '2017-06-10', '2017-06-10', NULL, NULL, NULL, NULL, 1203750),
(90184, 5, 1, 1000, 1000, 38, 1, 'Curamavida OPR 20994', NULL, NULL, NULL, 'Ejecutado', 100, 'Curamavida OPR 20994', 'OPR 20994', '2018-02-10', NULL, NULL, NULL, NULL, NULL, NULL, 1331500),
(90185, 5, 1, 79, 1000, 38, 1, 'Desmalezado estaciones VIII Región', NULL, NULL, NULL, 'Ejecutado', 100, 'Desmalezado patio de sitios en VIII región', NULL, '2017-11-22', NULL, NULL, NULL, NULL, NULL, NULL, 2457840),
(90187, 6, 1, 30, 5, 12, 1, 'ZS212 Pisco Elqui (re-ubicación)', NULL, NULL, NULL, 'Ejecutado', 100, 'Instalación en sitio final (reubicacion) y ATND', 'OTT 71701979874', '2017-08-11', '2017-08-11', '2017-08-11', NULL, '2017-12-15', '2017-12-15', NULL, 1331500),
(90188, 5, 1, 59, 1000, 40, 1, 'OPR20758 Rucapillán', NULL, NULL, NULL, 'Ejecutado', 100, 'Movimiento e instalación de enlaces + traffic grooming', 'OPR20758', '2017-08-11', '2017-08-11', '2017-08-11', NULL, '2017-12-15', '2017-12-15', NULL, 5326000),
(90189, 5, 1, 20, 1000, 40, 1, 'CC016 Maintenrehue Retiro de enlace Satelital y ATND', NULL, NULL, NULL, 'Ejecutado', 100, 'Retiro de enlace satelital y ATND', 'OTT 71701999926', '2017-09-11', '2017-09-11', '2017-09-11', '2017-11-13', '2017-11-13', '2017-11-13', NULL, 265000),
(90190, 5, 1, 22, 1000, 40, 3, '3 LTE1900 IX región (Franklin Urra)', NULL, NULL, NULL, 'Ejecutado', 100, 'Instalación LTE1900 tipo C en 3 sitios PCS', NULL, '2017-11-13', '2017-11-13', '2017-11-13', NULL, NULL, NULL, NULL, 2025400),
(90191, 5, 1, 79, 1000, 38, 1, 'Limpieza interior RE Manzano y contorno perimetral', NULL, NULL, NULL, 'Ejecutado', 100, 'Aseo y ordenamiento de RE Manzano y corte y retiro de maleza exterior', NULL, '2017-12-04', NULL, NULL, NULL, NULL, NULL, NULL, 666250),
(90192, 5, 1, 52, 1000, 40, 1, 'Mantención PE-3G IX y X', NULL, NULL, NULL, 'Ejecutado', 100, 'Mantención de 10 PE-3G en IX y X región', NULL, '2017-11-20', '2017-11-20', '2017-11-20', NULL, NULL, NULL, NULL, 12562513),
(90193, 5, 1, 1000, 1000, NULL, 1, 'Ordenamiento CNT Piso 5', NULL, NULL, NULL, 'Ejecutado', 100, 'Ordenamiento CNT Piso 5', NULL, '2018-02-10', NULL, NULL, NULL, NULL, NULL, NULL, 1076000),
(90194, 5, 1, 1000, 1000, NULL, 5, 'Team 2 La Serena', NULL, NULL, NULL, 'Ejecutado', 100, 'Team 2 La Serena', NULL, NULL, NULL, NULL, NULL, NULL, NULL, NULL, 0),
(90195, 5, 1, 1000, 1000, NULL, 1, 'Retiro Bosch - Batuco', NULL, NULL, NULL, 'Ejecutado', 100, 'Retiro Bosch - Batuco', NULL, '2018-04-11', NULL, NULL, NULL, NULL, NULL, NULL, 807000),
(90196, 5, 1, 79, 1000, 40, 1, 'Ampliación enlace Raisecom Rozas – Arturo Prat BI491', NULL, NULL, NULL, 'Ejecutado', 100, 'Ampliación enlace Raisecom Rozas – Arturo Prat BI491', NULL, '2018-01-04', NULL, NULL, NULL, NULL, NULL, NULL, 267500),
(90197, 5, 1, 1000, 1000, NULL, 3, 'OPR 22351 RED MELLIZOS – LOS ALAMOS – CERRO PELECO', NULL, NULL, NULL, 'Ejecutado', 100, 'OPR 22351 RED MELLIZOS – LOS ALAMOS – CERRO PELECO', NULL, '2019-01-25', NULL, NULL, NULL, NULL, NULL, NULL, 668000),
(90198, 5, 1, 1000, 1000, NULL, 1, 'PID147267_ Reclamos de servicio en Contulmo', NULL, NULL, NULL, 'Ejecutado', 100, 'PID147267_ Reclamos de servicio en Contulmo', NULL, '2018-03-13', NULL, NULL, NULL, NULL, NULL, NULL, 3000000),
(90199, 5, 1, 1000, 1000, 8, 1, 'OPR17528 Codegua', NULL, NULL, NULL, 'Ejecutado', 100, 'Retiro 2 enlaces 1+0 con Antenas 0,6 en cada lado, falta envío informe retiro', NULL, '2018-03-13', NULL, NULL, NULL, NULL, NULL, NULL, 600000),
(90201, 5, 1, 1000, 1000, NULL, 5, 'Team V región (MR)', NULL, NULL, NULL, 'Terminado', 100, 'Team V región (MR)', NULL, NULL, NULL, NULL, NULL, NULL, NULL, NULL, 0),
(90202, 7, 1, 24, 4, 25, 1, 'OPR 51700021735 / LO PRADO PCS - RUTA 68 PCS', NULL, NULL, NULL, 'Ejecutado', 100, 'Ampliación plano A Lo Prado', 'OPR 23130', '2018-01-15', '2018-01-15', '2018-01-15', '2018-07-03', '2018-06-03', '2018-02-28', NULL, 668000),
(90203, 5, 1, 1000, 1000, NULL, 1, 'Proyecto Radwin', NULL, NULL, NULL, 'Ejecutado', 100, 'Proyecto liberación banda 3500. Permitirá a futuro reemplazar equipos WIMAX', NULL, '2019-07-19', NULL, NULL, NULL, NULL, NULL, NULL, 3343000),
(90205, 5, 1, 1000, 1000, NULL, 5, 'PID 155972 Talca', NULL, NULL, NULL, 'Ejecutado', 100, 'PID Solucionar interferenica de Frecuencias Linares Cementerio - Colbun', NULL, NULL, NULL, NULL, NULL, NULL, NULL, NULL, NULL),
(90206, 14, 1, 62, 1000, 12, 1, 'TEAM IV REGIÓN (MR) (1)', NULL, NULL, NULL, 'Ejecutado', 100, 'Survey de lunes a sábado por 2 semanas', NULL, NULL, '2018-05-02', '2018-05-02', NULL, '2018-02-16', '2018-02-18', NULL, 400000),
(90207, 6, 1, 30, 5, 20, 1, 'ZV408 Maersk (Instalación Raisecom)', NULL, NULL, NULL, 'Ejecutado', 100, 'Instalación enlace Raisecom', '71701962570', '2018-01-02', '2018-01-02', '2018-01-02', '2018-02-16', '2018-09-02', '2018-08-02', NULL, 1300000),
(90208, 5, 1, 1000, 1000, NULL, 1, 'Instalación LTE2600 sitio Calabozo (gerencia)', NULL, NULL, NULL, 'Ejecutado', 100, 'Instalación de 1 sector LTE2600 + banco baterías + rectificador en sitio Calabozo', NULL, NULL, NULL, NULL, NULL, NULL, NULL, NULL, 0),
(90209, 14, 2, 1000, 1000, NULL, 5, 'TEAM IV REGIÓN (MR) (2)', NULL, NULL, NULL, 'Terminado', 0, 'Survey de lunes a sábado por 2 semanas', NULL, NULL, NULL, NULL, NULL, NULL, NULL, NULL, 0),
(90210, 5, 1, 70, 1000, NULL, 1, 'Retiro Carro Móvil ZE060 Villarrica Estadio', NULL, NULL, NULL, 'Ejecutado', 100, 'Retiro carro movil y traslado a RE Villarrica', NULL, '2018-07-19', NULL, NULL, NULL, NULL, NULL, NULL, 2021775),
(90211, 5, 1, 79, 1000, NULL, 5, 'Ampliación sitio ZB116 Gran Bretaña Hualpen', NULL, NULL, NULL, 'Ejecutado', 100, 'Ampliación sitio ZB116 Gran Bretaña Hualpen', NULL, '2018-03-14', NULL, NULL, NULL, NULL, NULL, NULL, 539960),
(90213, 5, 1, 1000, 1000, NULL, 5, 'Team 1 Tx V Región (NV) (PO)', NULL, NULL, NULL, 'Ejecutado', 100, 'Team 1 Tx V Región (NV) (PO)', NULL, NULL, NULL, NULL, NULL, NULL, NULL, NULL, NULL),
(90214, 5, 1, 1000, 1000, NULL, 5, 'Team 2 Tx V Región (NV) (PO)', NULL, NULL, NULL, 'Ejecutado', 100, 'Team 2 Tx V Región (NV) (PO)', NULL, NULL, NULL, NULL, NULL, NULL, NULL, NULL, NULL),
(90215, 5, 2, 10, 1000, NULL, 5, 'Team A VIII Región (CZ)', NULL, NULL, NULL, 'Terminado', 0, 'Team dedicado a tareas de proyecto RANCO y LTE1900', NULL, NULL, NULL, NULL, NULL, NULL, NULL, NULL, NULL),
(90216, 5, 2, 37, 1000, NULL, 5, 'Team B VIII Región (CZ)', NULL, NULL, NULL, 'Terminado', 0, 'Team dedicado a tareas de proyecto RANCO y LTE1900', NULL, NULL, NULL, NULL, NULL, NULL, NULL, NULL, NULL),
(90217, 5, 2, 46, 1000, NULL, 5, 'Team C VIII Región (CZ)', NULL, NULL, NULL, 'Terminado', 0, 'Team dedicado a tareas de proyecto RANCO y LTE1900', NULL, NULL, NULL, NULL, NULL, NULL, NULL, NULL, NULL),
(90218, 6, 1, 33, 5, 25, 1, 'Reubicacion AM830 Ciudad Satelite', NULL, NULL, NULL, 'Ejecutado', 100, 'Instalación enlace 2+0 AM830 Ciudad Satelite - Requingua', '71702026958', '2018-03-13', '2018-03-13', '2018-03-13', NULL, '2018-03-16', '2018-03-18', NULL, 1344500),
(90219, 7, 1, 57, 4, 8, 1, 'OPR 51800023130 / Graneros - Norponiente Rancagua - Rancagua', NULL, NULL, NULL, 'Ejecutado', 100, 'Instalar entre Rancagua Norte PCS – Graneros PCS, nuevo enlace Huawei RTN980 2+0 23GHz/ 56MHz/ máx. 480Mbps – min.149Mbps, máx. 1024QAM - min. 16QAM/ Mod. Adap.', 'OPR 21735', '2018-03-21', '2018-03-21', '2018-03-21', '2018-09-04', '2018-06-04', '2018-01-04', NULL, 22205994),
(90220, 5, 2, 38, 1000, NULL, 5, 'Team D VIII Región (CZ)', NULL, NULL, NULL, 'Terminado', 0, 'Team dedicado a tareas de proyecto RANCO y LTE1900', NULL, NULL, NULL, NULL, NULL, NULL, NULL, NULL, NULL),
(90221, 5, 1, 27, 1000, 38, 3, 'Enlace Caracol - BI680 Michaihue', NULL, NULL, NULL, 'Ejecutado', 100, 'instalación de enlace R/E CARACOL -  BI680 Michaihue.\r\nOTT  71802114585\r\nTP de Instalación: TP 650746 – jueves 27 de marzo', 'OTT  71802114585', '2018-03-27', '2018-03-27', '2018-03-27', '2018-08-04', '2018-03-30', '2018-03-30', NULL, 1350000),
(90222, 19, 2, 17, 1000, 38, 5, 'Team 1 Tx VIII región (PO)', NULL, NULL, NULL, 'Terminado', 0, 'Team 1 Tx VIII región (PO)', NULL, NULL, NULL, NULL, NULL, NULL, NULL, NULL, NULL),
(90224, 17, 2, 43, 1000, 38, 1, 'Team 1 Tx VI región (PO)', NULL, NULL, NULL, 'En progreso', 0, 'Team 1 Tx VI región (PO)', NULL, NULL, '2018-04-16', '2018-04-16', NULL, NULL, NULL, NULL, NULL),
(90225, 13, 2, 72, 1000, 25, 1, 'Team 1 Tx RM (FG)', NULL, NULL, NULL, 'En progreso', 0, 'Team de desborde para atender trabajos de UM', NULL, NULL, '2018-04-16', '2018-04-16', NULL, NULL, NULL, NULL, NULL),
(90226, 13, 2, 72, 1000, 25, 5, 'Team 2 Tx RM (FG)', NULL, NULL, NULL, 'En progreso', 0, 'Team de desborde para atender trabajos de UM', NULL, NULL, '2018-04-16', '2018-04-16', NULL, NULL, NULL, NULL, NULL),
(90227, 13, 2, 72, 1000, 25, 5, 'Team 3 Tx RM (FG)', NULL, NULL, NULL, 'En progreso', 0, 'Team de desborde para atender trabajos de UM', NULL, NULL, '2018-04-16', '2018-04-16', NULL, NULL, NULL, NULL, NULL),
(90228, 7, 1, 11, 4, 31, 1, 'OPR 20997 Levantamiento Rep. Llico - Alto Colorado', NULL, NULL, NULL, 'Ejecutado', 100, 'Levantamiento', 'OPR 20997', '2018-04-24', '2018-04-24', '2018-04-24', '2018-09-07', '2018-07-31', '2018-01-07', NULL, 558090),
(90229, 7, 1, 16, 4, 38, 5, 'OPR 20327 TP´s de Santo Tomás – Nacimiento', NULL, NULL, NULL, ' Ejecutado', 100, 'Instalación 20P y migración de tarjetas.', 'OPR 20327', '2018-06-04', '2018-06-04', '2018-06-04', '2018-08-30', '2018-08-28', '2018-08-31', NULL, 1620000),
(90231, 5, 1, 1000, 1000, NULL, 1, 'Instalación enlace Aviat Banda-E Francisco Meneses (reubicación)', NULL, NULL, NULL, 'Ejecutado', 100, 'Anulado', NULL, '2018-08-01', NULL, NULL, NULL, NULL, NULL, NULL, 325200),
(90232, 5, 1, 1000, 1000, NULL, 1, '100 FUENTES DE PODER ROUTER CISCO', NULL, NULL, NULL, 'Ejecutado', 100, '100 FUENTES DE PODER ROUTER CISCO', NULL, '2018-04-08', NULL, NULL, NULL, NULL, NULL, NULL, 1871100),
(90233, 5, 1, 1000, 1000, NULL, 1, 'Cambio de tarjeta Raisecom en Chaimavida', NULL, NULL, NULL, 'Ejecutado', 100, 'Cambio de tarjeta Raisecom en Chaimavida', NULL, '2018-06-08', NULL, NULL, NULL, NULL, NULL, NULL, 270000),
(90234, 5, 1, 1000, 1000, NULL, 3, 'Contingencia temporal RM', NULL, NULL, NULL, 'Ejecutado', 100, 'Contingencia temporal RM', NULL, '2018-06-08', NULL, NULL, NULL, NULL, NULL, NULL, 1355000),
(90236, 7, 1, 64, 4, 40, 1, 'OPR 19310 Ampliación Manuel Recabarren - Alto Molco', NULL, NULL, NULL, 'Ejecutado', 100, 'Ampliación enlace', 'OPR 19310', '2019-02-22', '2019-02-22', '2019-02-22', '2019-02-15', '2019-02-15', '2019-02-15', NULL, 2032500),
(90237, 6, 1, 33, 5, 8, 1, 'ATN910 ZO494 Patria Nueva', NULL, NULL, NULL, 'Ejecutado', 100, 'Instalación ATN910', '71802138332', '2018-06-19', '2018-06-19', '2018-06-19', '2018-06-25', '2018-06-22', '2018-06-25', NULL, 406500),
(90238, 6, 1, 30, 5, 25, 1, 'ATN910 AM867 Ariztía Call Center', NULL, NULL, NULL, 'Ejecutado', 100, 'Instalación ATN910', '71802145916', '2018-06-19', '2018-06-19', '2018-06-19', '2018-07-24', '2018-06-22', '2018-06-25', NULL, 326400),
(90239, 6, 1, 30, 5, 25, 1, 'ATN910 AM866 SOC. PRO AYUDA AL NINO LISIADO', NULL, NULL, NULL, 'Ejecutado', 100, 'Instalación ATN910', '71802159397', '2018-06-22', '2018-06-22', '2018-06-22', '2018-06-29', '2018-06-29', '2018-03-07', NULL, 326400),
(90240, 5, 1, 1000, 1000, NULL, 1, 'Desratizado', NULL, NULL, NULL, 'Ejecutado', 100, 'Desratizado', NULL, NULL, NULL, NULL, NULL, NULL, NULL, NULL, 407626),
(90241, 5, 1, 1000, 1000, NULL, 1, 'contingencia ?¿', NULL, NULL, NULL, 'Ejecutado', 100, 'contingencia ?¿', NULL, NULL, NULL, NULL, NULL, NULL, NULL, NULL, 4176998),
(90242, 5, 1, 1000, 1000, NULL, 1, 'Mantención red carretera Austral (26 nov-2 ene)', NULL, NULL, NULL, 'Ejecutado', 100, 'Mantención red carretera Austral (26 nov-2 ene)', NULL, NULL, NULL, NULL, NULL, NULL, NULL, NULL, 1505000),
(90243, 5, 1, 1000, 1000, NULL, 1, 'Desmalezado Concepción (continuación)', NULL, NULL, NULL, 'Ejecutado', 100, 'Desmalezado Concepción (continuación)', NULL, NULL, NULL, NULL, NULL, NULL, NULL, NULL, 1235850),
(90244, 5, 1, 1000, 1000, NULL, 1, 'revision de repuestos', NULL, NULL, NULL, 'Ejecutado', 100, 'revision de repuestos', NULL, NULL, NULL, NULL, NULL, NULL, NULL, NULL, 1300000),
(90245, 5, 1, 1000, 1000, NULL, 1, 'desmalezado victor quezada I y II', NULL, NULL, NULL, 'Ejecutado', 100, 'desmalezado victor quezada I y II', NULL, NULL, NULL, NULL, NULL, NULL, NULL, NULL, 1565226),
(90246, 5, 1, 1000, 1000, NULL, 1, 'Desmalezado Poduco 1', NULL, NULL, NULL, 'Ejecutado', 100, 'Desmalezado Poduco 1', NULL, NULL, NULL, NULL, NULL, NULL, NULL, NULL, 136000),
(90247, 5, 1, 1000, 1000, NULL, 1, 'Desmalezado Poduco 2', NULL, NULL, NULL, 'Ejecutado', 100, 'Desmalezado Poduco 2', NULL, '2018-05-31', NULL, NULL, NULL, NULL, NULL, NULL, 136000),
(90248, 5, 1, 69, 1000, 38, 1, 'Reubicación de ADM en RE Los Angeles', NULL, NULL, NULL, 'Ejecutado', 100, 'Trasladar equipos ADM en RE Los Angeles para liberar rack a usar por otros equipos', NULL, '2018-01-08', '2018-01-08', '2018-01-08', '2018-09-27', '2018-05-09', '2018-02-09', NULL, 1355000),
(90249, 5, 1, 52, 1000, 20, 1, 'Mantención PE-RAN 2018', NULL, NULL, NULL, 'Ejecutado', 100, 'Realización de Levantamientos fotográficos y Mantenimiento de PE', NULL, '2018-07-17', '2018-07-17', '2018-07-17', '2018-12-28', '2018-12-28', '2018-12-21', NULL, 36269100),
(90250, 6, 1, 33, 5, 25, 1, 'AM845 Francisco Meneses (Re-ubicación provisoria)', NULL, NULL, NULL, 'Ejecutado', 100, 'Instalación provisoria de enlace Aviat banda E', NULL, '2018-06-20', '2018-06-20', '2018-06-20', NULL, '2018-07-07', '2018-07-15', NULL, 700000),
(90251, 6, 1, 33, 5, 25, 1, 'Instalación ATN910 AM844 Pilotes Terratest', NULL, NULL, NULL, 'Ejecutado', 100, 'Instalación ATN910', '71702077646', '2018-07-18', '2018-07-18', '2018-07-18', '2018-08-20', '2018-07-24', '2018-07-27', NULL, 385696),
(90252, 6, 1, 30, 5, 25, 1, 'Instalación ATN910 AM865 Agencia de Aduanas Brown (prioridad)', NULL, NULL, NULL, 'Ejecutado', 100, 'Instalación ATN910', '71802140114', '2018-07-18', '2018-07-18', '2018-07-18', '2018-08-20', '2018-07-24', '2018-07-26', NULL, 326400),
(90254, 6, 1, 30, 5, 25, 1, 'ATN910 AM835 Hotel W', NULL, NULL, NULL, 'Ejecutado', 100, 'Instalación ATN910', '71702050227', '2018-08-21', '2018-08-21', '2018-08-21', '2018-03-09', '2018-08-28', '2018-08-30', NULL, 430650),
(90255, 6, 1, 30, 5, 25, 1, 'ATN910 AM781 Tunel Perez Zujovic', NULL, NULL, NULL, 'Ejecutado', 100, 'Instalación ATN910', '71702048089', '2018-08-21', '2018-08-21', '2018-08-21', '2018-06-09', '2018-04-09', '2018-02-09', NULL, 412500),
(90256, 7, 1, 18, 4, 25, 1, 'Levantamiento y retiro Microceldas RM170 y SA645', NULL, NULL, NULL, 'Ejecutado', 100, 'Levantamiento y retiro Microceldas RM170 y SA645', NULL, '2017-08-04', NULL, NULL, NULL, NULL, NULL, NULL, 820440),
(90257, 7, 1, 12, 4, 25, 1, 'OPR 51800025044/ CHICUREO - LA ESTRELLA', NULL, NULL, NULL, 'Ejecutado', 100, 'Ampliación enlace HW 2+0 a 4+0', 'OPR 25044', '2018-08-10', '2018-08-10', '2018-08-10', '2018-10-18', '2018-11-14', '2018-01-11', NULL, 1862000),
(90258, 7, 1, 12, 4, 38, 1, 'OPR 51800025047/ Montenegro - Cerros de Picoltue', NULL, NULL, NULL, 'Ejecutado', 100, 'Instalación enlace 2+0 HW', 'OPR 25047', '2018-01-10', '2018-01-10', '2018-01-10', '2018-12-10', '2018-08-10', '2018-12-10', NULL, 1638000),
(90259, 7, 1, 61, 4, 31, 1, 'OPR 24591 MMOO CENTINELA - ANGOSTURA PCS', NULL, NULL, NULL, 'Ejecutado', 100, 'Instalación enlace 2+0 HW', 'OPR 24591', '2018-03-10', '2018-03-10', '2018-03-10', '2018-10-22', '2018-11-14', '2018-02-11', NULL, 1875237),
(90260, 7, 1, 61, 4, 31, 1, 'OPR24881 - 25040 MMOO Centinela - Placilla', NULL, NULL, NULL, 'Ejecutado', 100, 'Instalación enlace 2+0 HW', 'OPR 24881 / 25040', '2018-03-10', '2018-03-10', '2018-03-10', '2018-10-22', '2018-10-30', '2018-10-26', NULL, 1483209),
(90261, 7, 1, 24, 4, 20, 1, 'OPR 51800024675/ QUILLOTA – LA CALERA – EL MELON', NULL, NULL, NULL, 'Ejecutado', 100, 'Instalación enlace Quillota - La Calera - El Melón/Migración/retiro La Calera - El Melón', 'OPR 34675', '2019-02-22', '2019-02-22', '2019-02-22', '2019-04-02', '2019-02-28', '2019-02-28', NULL, 3431064),
(90264, 6, 1, 30, 5, 25, 1, 'ATN910 AM166 Edificio Cerro El Plomo', NULL, NULL, NULL, 'Ejecutado', 100, 'Instalación ATN910', '71802277235', '2018-10-24', '2018-10-24', '2018-10-24', '2018-06-11', '2018-05-11', '2018-02-11', NULL, 412500),
(90266, 25, 1, 18, 1000, 20, 1, 'retiro VA064 Casa Blanca 2', NULL, NULL, NULL, 'Ejecutado', 100, 'Retiro completo de equipamiento RAN de sitio', NULL, '2018-10-29', '2018-10-29', '2018-10-29', '2019-12-11', '2018-12-11', '2019-11-15', NULL, NULL),
(90267, 6, 1, 30, 5, 25, 1, 'Instalación AM900 Gerdau Aza', NULL, NULL, NULL, 'En progreso', 90, 'Instalación MMOO La Estrella - Azotea Gerdau Aza - Gerdau Aza', '71802309286', '2019-04-01', '2019-04-01', '2019-04-01', '2019-01-21', '2019-01-14', '2019-01-18', NULL, 1512000),
(90268, 6, 1, 30, 5, 25, 1, 'ATN910 AM893 Euroconstructora', NULL, NULL, NULL, 'Ejecutado', 100, 'Instalación ATN910c', '71802240416', '2018-08-10', '2018-08-10', '2018-08-10', '2019-02-01', '2018-03-12', '2018-11-16', NULL, 412000),
(90269, 5, 2, 1000, 1000, NULL, 5, 'Team 2 Calidad', NULL, NULL, NULL, 'Terminado', 0, 'Team 2 Calidad', NULL, NULL, NULL, NULL, NULL, NULL, NULL, NULL, NULL),
(90270, 6, 1, 33, 5, 20, 1, 'ZV127 - Cerro La Gloria Calle Larga', NULL, NULL, NULL, 'En progreso', 90, 'Instalación de enlace RTN950A (2+0) con antenas 0.3mts', '71802283829', '2019-01-29', '2019-01-29', '2019-01-29', '2019-02-20', '2019-02-15', '2019-02-13', NULL, 1512000),
(90271, 6, 1, 30, 5, 25, 3, 'ATN910 AM882 Komatsu Lo Boza', NULL, NULL, NULL, 'En progreso', 50, '0', '71802212834', '2019-01-07', '2019-01-07', '2019-01-07', NULL, NULL, NULL, NULL, 412000),
(90272, 6, 1, 30, 5, 25, 1, 'ATN910 AM899 Banco Internacional', NULL, NULL, NULL, 'Ejecutado', 100, 'Instalación ATN910c', '71802221501', '2018-11-15', '2018-11-15', '2018-11-15', '2019-08-01', '2018-12-28', '2018-12-21', NULL, 412000),
(90273, 7, 1, 18, 4, 25, 1, 'Eliminación de RF Sitio RM718 Republica Gay', NULL, NULL, NULL, 'Ejecutado', 100, 'Retiro de equipamiento RAN', NULL, '2019-01-18', NULL, NULL, NULL, NULL, NULL, NULL, 1400000),
(90274, 5, 2, 1000, 1000, 20, 5, 'Team 3 Tx V Región (NV) (PO)', NULL, NULL, NULL, 'Terminado', 0, 'Team 3 Tx V Región (NV) (PO)', NULL, '2018-03-12', '2018-03-12', '2018-03-12', NULL, NULL, NULL, NULL, NULL),
(90275, 6, 1, 33, 5, 20, 1, 'ZV399 - Cantagua', NULL, NULL, NULL, 'En progreso', 80, 'Instalación 2 enlaces MMOO + ATN910', '71802302202', '2018-05-12', '2018-05-12', '2018-05-12', NULL, '2018-10-12', '2018-12-21', NULL, 1375000),
(90277, 6, 1, 30, 6, 25, 1, ' AS667 ARIZTIA EWORK 16420', NULL, NULL, NULL, 'Terminado', 100, 'Instalacion de Router 6K', '71902539832', '2019-12-14', '2019-12-14', '2019-12-11', '2020-04-22', '2019-12-18', '2019-12-18', NULL, 434550),
(90278, 7, 1, 44, 4, 38, 1, 'Instalación + Migración + retiro Salto del Laja -Aguas y Arenas', NULL, NULL, NULL, 'Ejecutado', 100, '1 Enlace MMOO 18 [GHz] Huawei RTN950A 28MHz Modulación Adaptiva 32-128QAM 110-161Mbps 1+0.\r\no1 antena de 0.9 mts.\r\no1 antena de 0.9 mts.', NULL, '2018-12-22', '2018-12-22', '2018-12-22', NULL, '2018-12-24', '2018-12-28', NULL, 3417700),
(90279, 5, 1, 1000, 1000, NULL, 1, 'Contenedor de Acopio', NULL, NULL, NULL, 'Ejecutado', 100, 'Solicitud de Franklin Urra', NULL, '2019-01-09', NULL, NULL, NULL, NULL, NULL, NULL, 58500),
(90280, 5, 1, 50, 1000, 40, 1, 'Team RANCO 2 personas Temuco (provisorio)', NULL, NULL, NULL, 'Ejecutado', 100, 'Luis Leal solicita team por 2 semanas para apoyo RAN en Temuco', NULL, '2019-07-01', '2019-07-01', '2019-07-01', NULL, '2019-01-18', '2019-01-17', NULL, 2750000),
(90281, 7, 1, 11, 4, 12, 1, 'OPR 51900026733/ CANELA PCS - ESPINO PCS - ESPINO - ILLAPEL', NULL, NULL, NULL, 'En progreso', 10, 'Ampliación de enlaces (2+0) a (4+0)', '51900026733', '2019-04-03', '2019-04-03', '2019-04-03', NULL, '2019-03-18', '2019-03-18', NULL, 4812500),
(90282, 7, 1, 15, 4, 3, 1, 'SAN ESTEBAN – ALTO SAGASCA', NULL, NULL, NULL, 'Terminado', 100, 'null-desc', '27528', '2019-11-07', '2019-11-08', '2019-12-10', '2020-03-24', '2020-02-25', '2019-12-13', NULL, 7410600),
(90283, 7, 1, 23, 4, 8, 1, 'BARI - EL MANZANO 2 PCS', NULL, NULL, NULL, 'Terminado', 100, 'null-desc', '29203', '2019-11-14', '2019-11-14', '2019-12-12', '2020-02-07', '2019-12-14', '2020-01-10', NULL, 3333750),
(90284, 6, 1, 33, 6, 8, 4, 'ZO523 - Country Angostura Mostazal', NULL, NULL, NULL, 'Pendiente por Entel', 50, 'Instalación de nuevo  BANDA E + instalación de nuevo enlace RTN 950', '71902507411', '2019-12-02', '2019-12-03', '2019-12-03', NULL, NULL, '2019-12-10', NULL, 2812500),
(90285, 6, 1, 42, 6, 25, 3, 'AS191 Valdivia de Paine', NULL, NULL, NULL, 'Terminado', 50, 'Instalación nuevo enlace 1+0 23GHz para UM.', '71902510146', '2019-09-15', '2019-09-15', '2019-11-15', NULL, NULL, '2019-12-23', NULL, 1144550),
(90286, 7, 1, 32, 4, 3, 1, 'UPLINK PE MORRO GORDO', NULL, NULL, NULL, 'Terminado', 100, 'Revisión enlace instalado por el CRM, reparación y entrega formal.', '26524', '2019-12-09', '2019-12-09', '2019-12-06', '2019-12-10', '2019-12-10', '2019-12-13', NULL, 1451250),
(90287, 7, 1, 23, 4, 25, 1, 'BUIN - CERRO LA SANCHINA PCS', NULL, NULL, NULL, 'En progreso', 100, '1.	Instalación de enlace HW 4+0 XPIC 15GHz entre Buin – Cerro la Sanchina PCS.    2.	Migración de servicios y configuración BW.', '29673', '2020-01-03', '2020-01-03', '2020-01-26', '2020-02-10', '2020-03-17', '2020-02-21', NULL, 2333000),
(90288, 7, 1, 15, 4, NULL, 4, 'Linares - Panimavida Quinamavida', NULL, NULL, NULL, 'En progreso', 90, '1.	Instalación de nuevo enlace HW 2+0 23GHz en Rincon de Zuñiga – Los Cristales.\r\n2.	Ampliación de Sitio ZU202 Vega Ancoa\r\n3.	Migración de servicios y configuración de BW\r\n4.	Estado Final de Traffic G', '28937', '2020-01-03', '2020-01-03', '2019-12-11', '2020-03-03', NULL, '2019-02-21', NULL, 5936250),
(90289, 7, 1, 32, 4, 8, 1, 'OH832Rengo – FN458 Malambo', NULL, NULL, NULL, 'Terminado', 100, '1.	Instalación de nuevo enlace HW 2+0 23GHz entre OH832 Rengo – FN458 Malambo.\r\n2.	Migración de servicios a nuevo enlace HW y entre enlaces existentes para aumento de BW requerido.\r\n3.	Ampliación por', '28409', '2020-01-07', '2020-01-07', '2020-01-22', '2020-02-04', '2020-02-26', '2020-01-26', NULL, 2418750),
(90290, 44, 2, 1, 1000, 38, 1, 'Team Ranco Arriendo VIII Electrotel', NULL, NULL, '', '   En progreso', 0, '', '', '2019-01-05', '2019-01-05', '2019-01-05', '1970-01-01', '1970-01-01', NULL, NULL, NULL),
(90291, 44, 2, 1000, 1000, 38, 1, 'Team TX VIII Arriendo Electrotel', NULL, NULL, NULL, 'En progreso', 0, NULL, NULL, '2019-01-05', '2019-01-05', '2019-01-05', NULL, NULL, NULL, NULL, NULL),
(90292, 44, 2, 1000, 1000, 40, 1, 'Team 1 Tx IX Región Arriendo Electrotel', NULL, NULL, NULL, 'En progreso', 0, NULL, NULL, '2019-01-05', '2019-01-05', '2019-01-05', NULL, NULL, NULL, NULL, NULL),
(90293, 7, 1, 15, 4, 5, 1, 'Cerro Los Morros – Cerro Mirador', NULL, NULL, NULL, 'Terminado', 99, '1.	Nuevo enlace HW LH 8+0 XPIC SD, entre Cerro Los Morros – Cerro Mirador.\r\n2.	Nuevo enlace HW 2+0 15GHz, entre Cerro Mirador – Baquedano Indoor PCS.\r\n3.	Migración de servicios y configuración de nuev', '27405', '2020-01-13', '2020-01-13', '2019-02-27', '2020-04-28', '2020-04-29', '2020-01-31', NULL, 8785800),
(90294, 7, 1, 15, 4, NULL, 3, 'RATONERA - DUAO', NULL, NULL, NULL, 'Terminado', 100, '1.	Instalación de enlace', '28803', '2020-01-23', '2020-01-23', '2020-01-22', NULL, NULL, '2020-02-27', NULL, 8978750),
(90295, 7, 1, 15, 4, 5, 4, 'PLANO B PE RAN ZALDIVAR', NULL, NULL, NULL, 'Pendiente por Entel', 70, '\r\n1.	Levantamiento de enlaces, retiro e instalación de splitter.\r\n2.	Instalación de nuevos enlaces en El Viento – Moreno - Mirador.\r\n3.	Migración de MMU’s y ampliación de enlaces Actuales de 2+0 a 4+0', '26635', '2020-01-14', '2020-01-14', '2020-01-20', NULL, NULL, '2020-02-27', NULL, 4702000),
(90800, 6, 1, 33, 6, 8, 4, 'ZO530- Terminal de Buses Pichilemu', NULL, NULL, NULL, 'Cancelado', 0, NULL, '71902394759', '2019-10-09', '2019-10-10', NULL, NULL, NULL, '2019-10-11', NULL, 1657000),
(90801, 6, 1, 30, 6, 25, 8, 'AM937 ECOLAB SA PCS - LAMPA 3', NULL, NULL, NULL, 'Terminado', 100, NULL, '7190237239', '2019-03-10', '2019-12-10', '2019-09-30', '2020-04-22', '2019-11-18', '2019-10-11', NULL, 1010550),
(90802, 6, 1, 30, 6, 25, 8, 'AM948 ECOLAB 2 SA PCS - LAMPA 3', NULL, NULL, NULL, 'Terminado', 100, NULL, '71902373007', '2019-03-10', '2019-12-10', '2019-09-30', '2020-04-22', '2019-11-18', '2019-10-11', NULL, 1277550),
(90803, 6, 1, 30, 6, 38, 3, 'ZB490  Arauco Viñales', NULL, NULL, NULL, 'Terminado', 100, NULL, '71802231799', '2019-03-10', '2019-12-10', NULL, NULL, NULL, '2019-10-11', NULL, 1935688),
(90804, 8, 1, 74, 3, 46, 1, 'ZL223 COLONIA SAGAL PCS - PURRANQUE', NULL, NULL, NULL, 'Terminado', 100, NULL, '71902467592', '2019-03-10', '2019-12-10', '2019-11-07', NULL, '2019-11-25', '2019-10-11', NULL, 1165000),
(90805, 6, 1, 30, 6, 8, 4, 'ZO532 SAN VICENTE TAGUA TAGUA SUR PCS', NULL, NULL, NULL, 'Pendiente por Entel', 80, NULL, '71902495576', '2019-10-09', '2019-10-10', '2019-11-20', NULL, '2019-11-21', '2019-10-11', NULL, 2582500),
(90806, 6, 1, 30, 6, 8, 5, 'ZO802 AGUA BUENA SAN FERNANDO PCS', NULL, NULL, NULL, 'Pendiente por Entel', 0, NULL, '71902503379', '2019-10-09', '2019-10-10', '2019-10-10', NULL, NULL, '2019-10-11', NULL, 1657000),
(90807, 6, 1, 30, 6, 8, 3, 'ZO803 SECTOR CERRILLOS RENGO PCS', NULL, NULL, NULL, 'Terminado', 100, NULL, '71902493714', '2019-10-09', '2019-10-10', '2019-10-10', NULL, '2020-01-22', '2019-10-11', NULL, 3291250),
(90808, 6, 1, 30, 6, 8, 5, 'ZO529 - Laguna El Ancho - Pichilemu', NULL, NULL, NULL, 'Terminado', 80, NULL, '71902424002', '2019-10-09', '2019-10-10', NULL, NULL, NULL, '2019-10-11', NULL, 1657000),
(90809, 6, 1, 30, 6, NULL, 1, ' ZU240 MTS San Javier', NULL, NULL, NULL, 'Ejecutado', 100, NULL, '71902502408', '2019-09-10', '2019-12-10', '2019-10-23', '2019-11-10', '2019-10-29', '2019-06-12', NULL, 1626938),
(90810, 6, 1, 30, 6, 25, 1, 'AS682  EMPRESA HOTELERA GRAN PALACE PCS', NULL, NULL, NULL, 'Ejecutado', 100, NULL, '71902493912', '2019-10-25', '2019-10-25', '2019-10-25', NULL, '2019-11-06', '2019-10-31', NULL, 553000),
(90811, 8, 2, 1000, 1000, NULL, 1, 'Integraciones Fijas UM', NULL, NULL, NULL, ' En progreso', 0, 'Integraciones Fijas UM', NULL, NULL, NULL, NULL, NULL, NULL, NULL, NULL, 0),
(90812, 22, 2, 1000, 1000, NULL, 1, 'Integraciones Fijas CRM (Miguel Rivera)', NULL, NULL, NULL, ' En progreso', 0, 'Integraciones Fijas CRM (Miguel Rivera)', NULL, NULL, NULL, NULL, NULL, NULL, NULL, NULL, 0),
(90813, 21, 2, 1000, 1000, NULL, 1, 'Integraciones Fijas Ranco', NULL, NULL, NULL, ' En progreso', 0, 'Integraciones Fijas Ranco', NULL, NULL, NULL, NULL, NULL, NULL, NULL, NULL, 0),
(90814, 7, 1, 32, 4, 12, 4, 'UP LINK PE3G CALDERA', NULL, NULL, NULL, 'En progreso', 80, 'Instalación de nuevos enlaces HW RTN950, Ampliación de enlace Capis PCS – Puerto Viejo PCS, Migración y modificación del plano B PE 3G Caldera a nueva red HW', '51900026469', '2020-03-10', '2020-03-10', '2020-03-30', NULL, NULL, '2020-04-11', NULL, 4168750),
(90815, 7, 1, 23, 4, 9, 4, 'CHAÑARAL - DIEGO DE ALMAGRO', NULL, NULL, NULL, 'En progreso', 80, 'nstalación de enlace TN 2+0 6GHz entre RE Cerro Salado - Chañaral. Ampliación de enlace HW 2+0 15GHz a 4+0 XPIC 15GHz entre Diego de Almagro - Cerro Salado. Migración de servicios y configuración BW', '51900028769', '2020-03-10', '2020-03-10', '2020-03-30', NULL, NULL, '2020-04-11', NULL, 5871250),
(90816, 7, 1, 23, 4, 9, 1, 'Cerro Pajonales - Vallenar', NULL, NULL, NULL, ' En progreso', 80, 'Se instalará nuevo enlace HW 2+0 8Ghz en el tramo RE Vallenar – Tamarico, se ampliará enlace 3+0 a 4+0 entre Tamarico y Cinchado y modificaran TGs.', '51900027841', '2020-03-10', '2020-03-10', '2020-03-30', NULL, NULL, '2020-04-11', NULL, 2592500),
(90817, 9, 1, 33, 1000, 25, 3, 'AM911 Ciudad Empresarial 2 PCS (ATN)', NULL, NULL, NULL, 'Terminado', 100, NULL, '71902532267', '2020-01-31', '2020-02-03', '2020-02-03', NULL, NULL, '2020-02-03', NULL, 500000),
(90818, 7, 1, 23, 4, 9, 4, 'Diego de Almagro - Perales', NULL, NULL, '', '  Pendiente por Ente', 80, 'Ampliacion red Diego de Almagro - Perales para provisionar nuevo servicio codelco', '52000030453', '2020-04-07', '2020-04-13', '2020-04-13', '1970-01-01', '1970-01-01', '2020-05-12', NULL, 6457500),
(90819, 7, 1, 23, 4, 9, 4, 'Diego de Almagro - Nueva Chañaral', NULL, NULL, NULL, 'Pendiente por Entel', 50, 'Ampliacion red Diego de Almagro - Perales para provisionar nuevo servicio codelco', '51900030533', '2020-04-07', '2020-04-13', '2020-04-13', NULL, NULL, '2020-05-12', NULL, 3885000),
(90820, 24, 1, 1000, 1000, 25, 4, 'Instalacion AS189 Ran', NULL, NULL, '', ' En progreso', 100, 'Instalacion AS189 Ran', '841816', '2020-04-17', '2020-04-27', '2020-04-27', '2020-04-30', '2020-10-07', NULL, NULL, 1981482),
(90821, 6, 1, 33, 1000, 12, 4, 'ZS603 - El tuqui Ovalle', NULL, NULL, NULL, 'En progreso', 100, NULL, NULL, '2020-03-20', '2020-03-20', '2020-03-20', NULL, NULL, NULL, NULL, 280000),
(90822, 7, 1, 23, 4, 8, 3, 'ALTO COLORADO - PICHILEMU', NULL, NULL, NULL, 'Terminado', 99, 'Ampliación nuevo enlace 4+0 en 18 Ghz.', '52000030435', '2020-03-17', '2020-04-17', '2020-05-04', NULL, '2020-05-06', '2020-05-03', NULL, 2032100),
(90823, 11, 1, 21, 1000, 25, 4, 'Tendido cable clúster Santiago B', NULL, NULL, NULL, ' En progreso', 80, '', NULL, '2020-03-23', '2020-04-13', '2020-04-14', NULL, NULL, '2020-06-05', NULL, 2759719),
(90824, 11, 1, 21, 1000, 25, 1, 'Fusiones clúster Santiago B', NULL, NULL, NULL, ' En progreso', 20, '', NULL, '2020-03-23', '2020-04-27', NULL, NULL, NULL, '2020-06-05', NULL, 7112398),
(90825, 29, 2, 78, 1000, 25, 4, 'Bodegaje materiales MMOO (Lo Espejo)', NULL, NULL, NULL, 'En progreso', 5, NULL, NULL, '2020-04-07', '2020-04-07', '2020-04-07', NULL, NULL, NULL, NULL, 14600000),
(90826, 24, 1, 63, 13, 20, 3, 'ISLA DE PASCUA', NULL, NULL, NULL, ' En progreso', 0, '', NULL, NULL, NULL, NULL, NULL, NULL, NULL, NULL, 19700000),
(90827, 12, 1, 9, 1000, 25, 4, 'Tendido cable clúster Álvarez de Toledo', NULL, NULL, NULL, 'En progreso', 5, NULL, NULL, '2020-03-23', '2020-05-25', NULL, NULL, NULL, '2020-07-31', NULL, 46819016),
(90828, 12, 1, 9, 1000, 25, 4, 'Fusiones clúster Álvarez de Toledo', NULL, NULL, NULL, 'En progreso', 1, NULL, NULL, '2020-03-23', '2020-05-25', NULL, NULL, NULL, '2020-07-31', NULL, 65180984),
(90829, 7, 1, 23, 4, 38, 3, 'MONTENEGRO - LAJA PCS', NULL, NULL, NULL, 'En progreso', 100, 'Traslado de equipos MMOO y DATOS desde RE MVS a ENTEL', 'E21757', '2020-06-01', '2020-06-01', '2020-06-01', NULL, NULL, '2020-06-30', NULL, 2889000),
(90830, 6, 1, 36, 7, 38, 1, 'Survey 8 region', NULL, NULL, NULL, ' En progreso', 100, 'Survey de RF, Energía y Equipamiento instalado en terreno.”', NULL, '2020-06-01', '2020-06-01', '2020-06-01', NULL, NULL, '2020-06-30', NULL, 1600000),
(90831, 6, 1, 36, 7, 40, 1, 'Survey 9 region', NULL, NULL, NULL, ' En progreso', 100, 'Survey de RF, Energía y Equipamiento instalado en terreno.”', NULL, '2020-06-01', '2020-06-01', '2020-06-01', NULL, NULL, '2020-06-30', NULL, 1600000),
(90832, 7, 1, 71, 4, 29, 4, 'BARI - CERRO MOGOTE - REP POLULO', NULL, NULL, '', '  Pendiente por Ente', 30, 'Instalación nuevos enlace doble salto.', '52000031259', '2020-06-01', '2020-06-01', '2020-06-01', '1970-01-01', '1970-01-01', '2020-06-30', NULL, 6191655),
(90833, 7, 1, 3, 14, 38, 3, 'Izaje antena 1.2 torre San Lorenzo ESTBI033', NULL, NULL, NULL, 'En progreso', 100, NULL, NULL, '2020-06-01', '2020-06-01', '2020-06-01', NULL, NULL, '2020-06-02', NULL, 368000),
(90834, 7, 1, 15, 4, 8, 4, 'SANTA CRUZ CENTRO', NULL, NULL, '', ' En progreso', 50, 'Instalación de nuevos enlaces para cambio de PE Santa Cruz Centro', '52000030350', '2020-06-15', '2020-06-16', '2020-06-16', '1970-01-01', '1970-01-01', '2020-07-16', NULL, 5350000),
(90835, 7, 1, 15, 4, 9, 4, 'CAPIS - BRAMADOR - LAS CAÑAS', NULL, NULL, '', ' Pendiente por Entel', 80, 'Instalación de enlace MNL6000 2+0 HSD 6GHz entre Bramador - Las Cañas. Migración de servicios y configuración BW.-', '52000031414', '2020-06-15', '2020-06-16', '2020-06-16', '1970-01-01', '1970-01-01', '2020-07-16', NULL, 3154500),
(90836, 6, 1, 45, 6, 38, 4, 'ZB749 ENJOY GESTION LTDA PCS', NULL, NULL, NULL, 'En progreso', 90, '\r\nInstalación de nuevo Router 6K\r\n', '71902586112', '2020-06-15', '2020-06-16', '2020-06-19', NULL, NULL, '2020-06-20', NULL, 500000),
(90837, 6, 1, 33, 6, 25, 4, 'AS785 Condominio Jardines de Isla De Maipo', NULL, NULL, NULL, 'En progreso', 30, 'Instalación de nuevo ATN y enlace MMOO', '72002728829', '2020-06-15', '2020-06-16', '2020-06-19', NULL, NULL, '2020-06-20', NULL, 2400000),
(90838, 24, 1, 35, 1000, 38, 4, 'BI308 LAJA', NULL, NULL, NULL, 'En progreso', 10, NULL, NULL, '2020-06-17', '2020-06-23', NULL, NULL, NULL, NULL, NULL, 1950000),
(90839, 6, 1, 1000, 1000, 1000, NULL, 'FN354 Chanchoquin', NULL, NULL, '', ' Activo', 10, 'CT y retiro de enlace UM', '', NULL, NULL, NULL, '1970-01-01', '1970-01-01', NULL, NULL, NULL),
(90840, 6, 1, 33, 6, 27, NULL, 'ZO457 - Pichiguao Reubicación', NULL, NULL, '', 'Terminado', 100, 'instalación nuevo enlace 23Ghz.', '', NULL, '1970-01-01', NULL, '1970-01-01', '1970-01-01', NULL, NULL, NULL),
(90841, 6, 1, 30, 6, 27, 3, 'ZU215 Celulosa Arauco Teno PCS', NULL, NULL, '', '   Activo', 100, 'instalación de nuevos enlaces RTN950', '', NULL, '1970-01-01', NULL, '1970-01-01', '1970-01-01', NULL, NULL, 1291937),
(90842, 6, 1, 1, 1, 27, NULL, 'ZU242 Planta Celulosa Arauco Licancel PCS', NULL, NULL, '', 'Activo', 10, 'instalación de nuevos enlaces RTN950', '72002615185', NULL, '2020-08-06', NULL, '1970-01-01', '1970-01-01', NULL, NULL, NULL),
(90843, 6, 1, 30, 6, 40, NULL, 'ZR040 ARAUCO PLANTA VALDIVIA PCS', NULL, NULL, '', ' Activo', 30, 'instalación de nuevos enlaces RTN950', '72002622655', NULL, '2020-08-06', NULL, '1970-01-01', '1970-01-01', NULL, NULL, NULL),
(90844, 6, 1, 1000, 1000, 9, NULL, 'SURVEY AT607 FLAMENCO PCS', NULL, NULL, '', '', 10, 'Survey de TX sitios Caldera a Flamenco PCS.', '', NULL, '2020-08-06', NULL, '1970-01-01', '1970-01-01', NULL, NULL, NULL),
(200004, 7, 1, 12, 4, NULL, 1, 'MAC_OPR26974_MA314 Cerro Colbun y Enlace Linares', NULL, NULL, NULL, 'Ejecutado', 100, 'Instalación de enlace HW 2+0 15Ghz entre Cerro Colbun – El Colorado, ampliación de 3+0 a 4+0 enlace entre Linares – Linares Cementerio y se cambiará de 40Mhz a 56Mhz el enlace TN 2+0 Linares Cementeri', '51900026974', '2019-04-15', '2019-04-22', '2019-04-22', '2019-07-17', '2019-09-10', '2019-06-04', NULL, 2750000),
(200010, 7, 1, 58, 4, 25, 4, 'MAC_Cerro Ballena-San Jose de Maipo  ADICIONALES', NULL, NULL, NULL, ' En progreso', 90, 'Modificación de enlaces entre Cerro La Ballena PCS – La Obra PCS. Nueva red HW 15GHz entre La Obra PCS – San José de Maipo PCS. Nuevo TG por red HW y migración de servicios. Eliminar red HW 8GHz entre', '26909', '2019-04-15', '2019-04-29', '2019-04-29', NULL, NULL, '2019-05-17', NULL, 3600000),
(200120, 7, 1, 15, 4, 1, 1, 'PEÑON - Carretones Localidad ADICIONALES', NULL, NULL, '', '  Terminado', 100, 'Ampliación de RED en tramo PENON - VILCHES - CARRETONES LOCALIDAD', '27761', '2019-12-07', '2019-09-25', '2019-08-27', '1970-01-01', '2020-02-19', '2019-10-25', NULL, 2697500);
INSERT INTO `concepto` (`CP`, `ID_CC`, `ID_TIPO`, `ID_SUPENTEL`, `ID_JDE`, `ID_CIUDAD`, `ID_EO_COB`, `NOMBRE`, `FECHA_CREACION`, `CIUDAD`, `SITIO`, `ESTADO`, `AVANCE`, `DESCRIPCION`, `OTT`, `INI_ASIG`, `INI_REAL`, `TER_ASIG`, `TER_REAL`, `FEC_INF`, `FECHADEASIGNACION`, `CREADOPOR`, `VALORPROYECTO`) VALUES
(200190, 7, 1, 32, 4, 8, 1, 'BARI -ALTO COLORADO ADICIONALES', NULL, NULL, NULL, ' Pendiente por Entel', 100, '', '28178', '2019-09-10', '2019-12-10', '2019-11-12', '2020-04-14', '2020-03-31', '2019-06-12', NULL, 1403750),
(200191, 5, 1, 22, 1000, NULL, 1, 'Instalaciones RF Los Angeles', NULL, NULL, NULL, 'Ejecutado', 100, 'Instalaciones RF Los Angeles', NULL, '2017-03-30', NULL, NULL, NULL, NULL, NULL, NULL, 2845136),
(200201, 5, 1, 55, 1000, NULL, 9, 'Movimiento y retiro de antenas VR586 Ruta Santa Maria Termas de Jahuel', NULL, NULL, NULL, 'Ejecutado', 100, 'Movimiento y retiro de antenas VR586 Ruta Santa Maria Termas de Jahuel', NULL, '2016-10-25', '2016-10-25', '2016-10-25', NULL, '2016-04-11', '2016-04-11', NULL, 314000),
(200240, 5, 1, 1000, 1000, NULL, 1, 'Retiros WLL Región Metropolitana', NULL, NULL, NULL, 'Ejecutado', 100, 'Retiros WLL Región Metropolitana', NULL, '2017-02-16', NULL, NULL, NULL, NULL, NULL, NULL, NULL),
(310010, 24, 1, 56, 7, 25, 1, 'SA656 La Granja 2 20%', NULL, NULL, NULL, 'Ejecutado', 100, NULL, '758761', '2019-04-22', '2019-04-22', '2019-04-22', NULL, '2019-11-05', '2019-04-26', NULL, 803198),
(310020, 24, 1, 56, 7, NULL, 1, 'ZU058 Del Liray Talca 20%', NULL, NULL, NULL, 'Ejecutado', 100, NULL, '762577', '2019-04-29', '2019-06-05', '2019-06-05', '2019-06-24', '2019-11-05', '2019-05-14', NULL, 1024015),
(310030, 24, 1, 56, 7, 25, 1, 'RM609 Exposicion 20%', NULL, NULL, NULL, 'Ejecutado', 100, NULL, '764742', '2019-05-13', '2019-05-15', '2019-05-16', '2019-12-07', '2019-01-07', '2019-01-07', NULL, 758087),
(310050, 24, 1, 56, 7, 38, 1, 'BI472 CHOLGUÁN TP 766881 20%', NULL, NULL, NULL, 'En progreso', 100, NULL, '766881', '2019-05-22', '2019-10-06', '2019-11-06', '2019-07-22', '2019-06-20', '2019-06-13', NULL, 423864),
(310060, 24, 1, 56, 7, 38, 1, 'FS647 EL PERAL TP 766876 20%', NULL, NULL, NULL, 'Ejecutado', 100, NULL, '766876', '2019-05-22', '2019-07-06', '2019-10-06', NULL, '2019-06-13', '2019-10-06', NULL, 423864),
(310070, 24, 1, 56, 7, 38, 1, 'ZB512 MALVÉN-MULCHÉN TP 766882 20%', NULL, NULL, NULL, 'Ejecutado', 100, NULL, '766882', '2019-05-22', '2019-03-06', '2019-03-06', '2019-07-30', '2019-08-06', '2019-06-06', NULL, 423864),
(310080, 24, 1, 56, 7, NULL, 1, 'MA544 CUMPEO 20%', NULL, NULL, NULL, 'Ejecutado', 100, NULL, '780120', '2019-07-25', '2019-01-08', '2019-01-08', NULL, '2019-01-08', '2019-01-08', NULL, 369059),
(310090, 24, 1, 56, 7, NULL, 1, 'ZU174 LA VEGUILLA 20%', NULL, NULL, NULL, 'Ejecutado', 100, NULL, '780121', '2019-07-25', '2019-04-08', '2019-04-08', NULL, NULL, NULL, NULL, 369059),
(310100, 24, 1, 56, 7, 8, 1, 'OH693 ROSARIO 20%', NULL, NULL, NULL, 'Ejecutado', 100, NULL, '780640', '2019-07-30', '2019-06-08', '2019-08-08', NULL, '2019-09-08', '2019-12-08', NULL, 449103),
(310110, 24, 1, 56, 7, 25, 1, 'RM806 _ El Clonqui 20%', NULL, NULL, NULL, 'Ejecutado', 100, NULL, NULL, '2019-08-23', '2019-08-30', '2019-09-23', NULL, NULL, NULL, NULL, 735014),
(310120, 21, 1, 56, 7, 38, 1, 'ZB736_POSTE', NULL, NULL, NULL, 'Pendiente por Entel', 100, NULL, NULL, '2019-09-16', '2019-02-10', '2019-02-10', NULL, NULL, NULL, NULL, 125483),
(310130, 24, 1, 56, 7, 38, 3, 'ZB900_POSTE', NULL, NULL, '', 'Terminado', 100, '', '', '2019-09-16', '2019-03-10', '2019-03-10', '1970-01-01', '1970-01-01', NULL, NULL, 421260),
(310140, 24, 1, 56, 7, 25, 1, 'AS219_POSTE 20%', NULL, NULL, NULL, 'Pendiente por Entel', 100, NULL, NULL, '2019-09-16', '2019-10-21', '2019-10-21', NULL, NULL, NULL, NULL, 342002),
(310150, 21, 1, 56, 7, 25, 1, 'AS065_POSTE', NULL, NULL, NULL, 'Pendiente por Entel', 100, NULL, NULL, '2019-09-30', '2019-10-10', '2019-10-10', NULL, NULL, NULL, NULL, 125483),
(310160, 21, 1, 56, 7, 25, 1, 'AS472_POSTE', NULL, NULL, NULL, 'Pendiente por Entel', 100, NULL, NULL, '2019-03-10', '2019-10-14', '2019-10-14', NULL, NULL, NULL, NULL, 125483),
(310170, 24, 1, 56, 7, 25, 1, 'AS543_POSTE 20%', NULL, NULL, NULL, 'Pendiente por Entel', 100, NULL, NULL, '2019-04-10', NULL, NULL, NULL, NULL, NULL, NULL, 342002),
(310180, 24, 1, 56, 7, 25, 1, 'zo536_POSTE 20%', NULL, NULL, NULL, 'Pendiente por Entel', 100, NULL, NULL, '2019-11-25', NULL, NULL, NULL, NULL, NULL, NULL, 395303),
(310210, 24, 1, 63, 7, 25, 1, 'am842 20%', NULL, NULL, NULL, 'En progreso', 100, 'ESTRUCTURA LIGTH', NULL, '2020-05-02', NULL, NULL, NULL, NULL, NULL, NULL, NULL),
(310220, 24, 1, 63, 7, 25, 3, 'ZO534 20%', NULL, NULL, NULL, 'En progreso', 100, 'ESTRUCTURA LIGTH', NULL, '2020-05-02', NULL, NULL, NULL, NULL, NULL, NULL, 484015),
(320010, 24, 1, 56, 7, 38, 1, 'ZB509 LAS ASTAS TP 767331 20%', NULL, NULL, NULL, 'Ejecutado', 100, NULL, '767331', '2019-05-24', '2019-05-30', '2019-05-30', '2019-07-30', '2019-07-06', '2019-02-06', NULL, 476132),
(320020, 24, 1, 56, 7, 38, 1, 'ZB380 LOS TRONCOS TP 767344 20%', NULL, NULL, NULL, 'Ejecutado', 100, NULL, '767344', '2019-05-24', '2019-06-06', '2019-07-06', NULL, '2019-06-18', '2019-08-06', NULL, 476132),
(400001, 10, 1, 1000, 1000, 25, 1, 'AMPLIACIONES CRA', NULL, NULL, NULL, 'Terminado', 40, 'Fondos para insumos, materiales y combustible', NULL, '2020-04-16', NULL, NULL, NULL, NULL, NULL, NULL, NULL),
(500010, 28, 1, 64, 1000, NULL, 4, 'Prewarning y Reemplazo Preventivo ODUs RTN310 y XMC-3', NULL, NULL, NULL, 'En progreso', 10, 'Prewarning y Reemplazo Preventivo ODUs RTN310 y XMC-3', NULL, '2020-07-08', '2020-07-20', '2020-07-20', NULL, NULL, '2020-09-30', NULL, 20000000),
(500011, 28, 1, 82, 15, 1000, NULL, 'Prewarning y Reemplazo Preventivo ODUs RTN310 y XMC-3 (REGION: 3 y 4)', NULL, NULL, NULL, 'En progreso', 10, 'Prewarning y Reemplazo Preventivo ODUs RTN310 y XMC-3', 'null ott', '2020-07-20', '2020-07-20', '2020-09-30', NULL, NULL, '2020-07-08', NULL, NULL),
(500012, 28, 1, 82, 15, 1000, NULL, 'Prewarning y Reemplazo Preventivo ODUs RTN310 y XMC-3 (REGION: 5 y 6)', NULL, NULL, NULL, 'En progreso', 10, 'Prewarning y Reemplazo Preventivo ODUs RTN310 y XMC-3', 'null ott', '2020-07-20', '2020-07-20', '2020-09-30', NULL, NULL, '2020-07-08', NULL, NULL),
(500013, 28, 1, 82, 15, 1000, NULL, 'Prewarning y Reemplazo Preventivo ODUs RTN310 y XMC-3 (REGION: 7 y 8)', NULL, NULL, NULL, 'En progreso', 10, 'Prewarning y Reemplazo Preventivo ODUs RTN310 y XMC-3', 'null ott', NULL, NULL, NULL, NULL, NULL, NULL, NULL, NULL),
(500014, 28, 1, 82, 15, 1000, NULL, 'Prewarning y Reemplazo Preventivo ODUs RTN310 y XMC-3 (REGION: 9,10,14)', NULL, NULL, NULL, 'En progreso', 10, 'Prewarning y Reemplazo Preventivo ODUs RTN310 y XMC-3', 'null ott', NULL, NULL, NULL, NULL, NULL, NULL, NULL, NULL),
(500015, 28, 1, 82, 15, 1000, NULL, 'Prewarning y Reemplazo Preventivo ODUs RTN310 y XMC-3 (REGION: 11 y 12)', NULL, NULL, NULL, 'En progreso', 10, 'Prewarning y Reemplazo Preventivo ODUs RTN310 y XMC-3', 'null ott', NULL, NULL, NULL, NULL, NULL, NULL, NULL, NULL),
(500016, 28, 1, 82, 15, 1000, NULL, 'Prewarning y Reemplazo Preventivo ODUs RTN310 y XMC-3 (REGION METROPOLITANA)', NULL, NULL, NULL, 'En progreso', 10, 'Prewarning y Reemplazo Preventivo ODUs RTN310 y XMC-3', 'null ott', NULL, NULL, NULL, NULL, NULL, NULL, NULL, NULL),
(500017, 26, 1, 1000, 1000, 1000, NULL, 'RETIROS HUAWEI', NULL, NULL, '', ' Activo', 100, '', '', NULL, NULL, NULL, '1970-01-01', '1970-01-01', NULL, NULL, NULL),
(500018, 26, 1, 1000, 1000, 1000, 9, 'GESTION Clean UP and As built', NULL, NULL, '', ' Activo', 100, '', '', NULL, NULL, NULL, '1970-01-01', '1970-01-01', NULL, NULL, NULL),
(500019, 26, 1, 1000, 1000, 1000, NULL, 'Mantenimiento', NULL, NULL, '', ' Activo', 100, '', '', NULL, NULL, NULL, '1970-01-01', '1970-01-01', NULL, NULL, NULL),
(500020, 26, 1, 1000, 1000, 1000, 1, 'Uso de Caballos', NULL, NULL, '', ' Activo', 0, '', '', NULL, NULL, NULL, '1970-01-01', '1970-01-01', NULL, NULL, 562728),
(500051, 26, 1, 1000, 1000, NULL, 1, 'Instalación Huawei', NULL, NULL, NULL, 'Ejecutado', 100, '100 TSS + 40 TSS', NULL, NULL, NULL, NULL, NULL, NULL, NULL, NULL, 2820766),
(500052, 26, 1, 1000, 1000, NULL, 1, 'Instalación Huawei', NULL, NULL, NULL, 'Ejecutado', 100, '100 TSS + 40 TSS', NULL, NULL, NULL, NULL, NULL, NULL, NULL, NULL, 11184396),
(500053, 26, 1, 1000, 1000, NULL, 1, 'Instalación Huawei', NULL, NULL, NULL, 'Ejecutado', 100, '100 TSS + 40 TSS', NULL, NULL, NULL, NULL, NULL, NULL, NULL, NULL, 12926000),
(500054, 26, 1, 1000, 1000, NULL, 1, 'Instalación Huawei', NULL, NULL, NULL, 'Ejecutado', 100, '100 TSS + 40 TSS', NULL, NULL, NULL, NULL, NULL, NULL, NULL, NULL, 490568),
(500055, 26, 1, 1000, 1000, NULL, 1, 'Instalación Huawei', NULL, NULL, NULL, 'Ejecutado', 100, '100 TSS + 40 TSS', NULL, NULL, NULL, NULL, NULL, NULL, NULL, NULL, 7971730),
(500056, 26, 1, 1000, 1000, NULL, 1, 'Instalación Huawei', NULL, NULL, NULL, 'Ejecutado', 100, '100 TSS + 40 TSS', NULL, NULL, NULL, NULL, NULL, NULL, NULL, NULL, 571742),
(500057, 26, 1, 1000, 1000, NULL, 1, 'Instalación Huawei', NULL, NULL, NULL, 'Ejecutado', 100, '100 TSS + 40 TSS', NULL, NULL, NULL, NULL, NULL, NULL, NULL, NULL, 1593417),
(500058, 26, 1, 1000, 1000, NULL, 1, 'Instalación Huawei', NULL, NULL, NULL, 'Ejecutado', 100, '100 TSS + 40 TSS', NULL, NULL, NULL, NULL, NULL, NULL, NULL, NULL, 6504180),
(500059, 26, 1, 1000, 1000, NULL, 1, 'Instalación Huawei', NULL, NULL, NULL, 'Ejecutado', 100, '100 TSS + 40 TSS', NULL, NULL, NULL, NULL, NULL, NULL, NULL, NULL, 9522030),
(500061, 26, 1, 1000, 1000, NULL, 1, 'Huawei - Claro 100 link', NULL, NULL, NULL, 'Ejecutado', 100, NULL, NULL, NULL, '2019-10-20', '2020-01-06', NULL, NULL, '2020-05-31', NULL, 875131),
(500062, 26, 1, 1000, 1000, NULL, 1, 'Huawei - Claro 100 link', NULL, NULL, NULL, 'Ejecutado', 100, NULL, NULL, NULL, '2019-10-20', '2020-01-06', NULL, NULL, '2020-05-31', NULL, 245316),
(500063, 26, 1, 1000, 1000, NULL, 1, 'Huawei - Claro 100 link', NULL, NULL, NULL, 'Ejecutado', 100, NULL, NULL, NULL, '2019-10-20', '2020-01-06', NULL, NULL, '2020-05-31', NULL, 731761),
(500064, 26, 1, 1000, 1000, NULL, 1, 'Huawei - Claro 100 link', NULL, NULL, NULL, 'Ejecutado', 100, NULL, NULL, NULL, '2019-10-20', '2020-01-06', NULL, NULL, '2020-05-31', NULL, 731761),
(500065, 26, 1, 1000, 1000, NULL, 1, 'Huawei - Claro 100 link', NULL, NULL, NULL, 'Ejecutado', 100, NULL, NULL, NULL, '2019-10-20', '2020-01-06', NULL, NULL, '2020-05-31', NULL, 1285170),
(500066, 26, 1, 1000, 1000, NULL, 1, 'Huawei - Claro 100 link', NULL, NULL, NULL, 'Ejecutado', 100, NULL, NULL, NULL, '2019-10-20', '2020-01-06', NULL, NULL, '2020-05-31', NULL, 7928839),
(500067, 26, 1, 1000, 1000, NULL, 1, 'Huawei - Claro 100 link', NULL, NULL, NULL, 'Ejecutado', 100, NULL, NULL, NULL, '2019-10-20', '2020-01-06', NULL, NULL, '2020-05-31', NULL, 1518900),
(500068, 26, 1, 1000, 1000, NULL, 1, 'Huawei - Claro 100 link', NULL, NULL, NULL, 'Ejecutado', 100, NULL, NULL, NULL, '2019-10-20', '2020-01-06', NULL, NULL, '2020-05-31', NULL, 1216634),
(500069, 26, 1, 1000, 1000, NULL, 1, 'Huawei - Claro 100 link', NULL, NULL, NULL, 'Ejecutado', 100, NULL, NULL, NULL, '2019-10-20', '2020-01-06', NULL, NULL, '2020-05-31', NULL, 245316),
(500091, 26, 1, 1000, 1000, NULL, 1, 'ADICIONALES', NULL, NULL, NULL, 'En progreso', 100, NULL, NULL, NULL, NULL, NULL, NULL, NULL, NULL, NULL, 2254360),
(500092, 26, 1, 1000, 1000, NULL, 1, 'ADICIONALES', NULL, NULL, NULL, 'En progreso', 100, NULL, NULL, NULL, NULL, NULL, NULL, NULL, NULL, NULL, 763728),
(500093, 26, 1, 1000, 1000, 1000, NULL, 'ADICIONALES', NULL, NULL, NULL, 'En progreso', 100, NULL, NULL, NULL, NULL, NULL, NULL, NULL, NULL, NULL, NULL),
(902841, 6, 1, 33, 6, 1000, NULL, 'ZO523 - Country Angostura Mostazal', NULL, NULL, NULL, 'Pendiente por Entel', 50, 'Instalación de nuevo  BANDA E + instalación de nuevo enlace RTN 950', '71902507411', NULL, NULL, NULL, NULL, NULL, NULL, NULL, NULL),
(902870, 7, 1, 23, 4, 25, 1, 'BUIN - CERRO LA SANCHINA PCS ADICIONALES', NULL, NULL, NULL, 'En progreso', 100, '1.	Instalación de enlace HW 4+0 XPIC 15GHz entre Buin – Cerro la Sanchina PCS.    2.	Migración de servicios y configuración BW.', '29673', '2020-01-03', '2020-01-03', '2020-01-26', '2020-02-10', '2020-03-17', '2020-02-21', NULL, 610000),
(902890, 7, 1, 32, 4, NULL, 1, 'OH832Rengo – FN458 Malambo ADICIONALES', NULL, NULL, NULL, 'Terminado', 100, '1.	Instalación de nuevo enlace HW 2+0 23GHz entre OH832 Rengo – FN458 Malambo.\r\n2.	Migración de servicios a nuevo enlace HW y entre enlaces existentes para aumento de BW requerido.\r\n3.	Ampliación por', '28409', '2020-01-07', '2020-01-07', '2020-01-22', '2020-02-04', '2020-02-26', '2020-01-26', NULL, 787500),
(902930, 7, 1, 15, 4, 5, 3, 'Cerro Los Morros – Cerro Mirador ADICIONALES', NULL, NULL, NULL, 'Terminado', 99, '1.	Nuevo enlace HW LH 8+0 XPIC SD, entre Cerro Los Morros – Cerro Mirador.\r\n2.	Nuevo enlace HW 2+0 15GHz, entre Cerro Mirador – Baquedano Indoor PCS.\r\n3.	Migración de servicios y configuración de nuev', '27405', '2020-01-13', '2020-01-13', '2019-02-27', '2020-04-28', '2020-04-29', '2020-01-31', NULL, 900000),
(902950, 7, 1, 15, 4, 5, 4, 'PLANO B PE RAN ZALDIVAR ADICIONALES', NULL, NULL, NULL, 'Pendiente por Entel', 70, '\r\n1.	Levantamiento de enlaces, retiro e instalación de splitter.\r\n2.	Instalación de nuevos enlaces en El Viento – Moreno - Mirador.\r\n3.	Migración de MMU’s y ampliación de enlaces Actuales de 2+0 a 4+0', '26635', '2020-01-14', '2020-01-14', '2020-01-20', NULL, NULL, '2020-02-27', NULL, 3100000),
(908031, 6, 1, 30, 6, 38, 3, 'ZB490  Arauco Viñales ADICIONALES', NULL, NULL, NULL, 'Terminado', 100, NULL, '71802231799', '2019-03-10', '2019-12-10', NULL, NULL, NULL, '2019-10-11', NULL, 375000),
(908041, 8, 1, 74, 3, 46, 4, 'ZL223 COLONIA SAGAL PCS - PURRANQUE ADICIONALES', NULL, NULL, NULL, 'Terminado', 100, NULL, '71902467592', '2019-03-10', '2019-12-10', '2019-11-07', NULL, '2019-11-25', '2019-10-11', NULL, 330000),
(908051, 6, 1, 30, 6, 1000, NULL, 'ZO532 SAN VICENTE TAGUA TAGUA SUR PCS', NULL, NULL, NULL, 'Pendiente por Entel', 80, NULL, '71902495576', NULL, NULL, NULL, NULL, NULL, NULL, NULL, NULL),
(908151, 7, 1, 23, 4, 1000, 3, 'CHAÑARAL - DIEGO DE ALMAGRO ADICIONALES', NULL, NULL, NULL, ' En progreso', 80, 'nstalación de enlace TN 2+0 6GHz entre RE Cerro Salado - Chañaral. Ampliación de enlace HW 2+0 15GHz a 4+0 XPIC 15GHz entre Diego de Almagro - Cerro Salado. Migración de servicios y configuración BW', '51900028769', NULL, NULL, NULL, NULL, NULL, NULL, NULL, 1731250),
(908200, 24, 1, 1000, 1000, 25, 3, 'Instalacion Ran 20%', NULL, NULL, NULL, 'En progreso', 80, NULL, '841816', '2020-04-17', '2020-04-27', '2020-04-27', NULL, NULL, NULL, NULL, 495371),
(908231, 11, 1, 21, 1000, 1000, 1, 'Tendido cable clúster Santiago B', NULL, NULL, NULL, ' En progreso', 80, '', NULL, NULL, NULL, NULL, NULL, NULL, NULL, NULL, 6439343),
(908232, 11, 1, 21, 1000, 1000, 1, 'Cluster STGO B ADICIONALES', NULL, NULL, NULL, '  En progreso', 80, '', NULL, NULL, NULL, NULL, NULL, NULL, NULL, NULL, 2202438),
(908233, 11, 1, 21, 1000, 1000, 1, 'Poligono 1 santiago b', NULL, NULL, NULL, ' Activo', 80, '', NULL, '2020-04-13', '2020-04-14', '2020-06-05', NULL, NULL, '2020-03-23', NULL, 9199062),
(908241, 11, 1, 21, 1000, 1000, 1, 'Fusiones clúster Santiago B', NULL, NULL, NULL, ' En progreso', 20, '', NULL, NULL, NULL, NULL, NULL, NULL, NULL, NULL, 3048170),
(908261, 24, 1, 63, 13, 20, 1, 'ISLA DE PASCUA ADICIONALES', NULL, NULL, NULL, 'En progreso', 0, NULL, NULL, NULL, NULL, NULL, NULL, NULL, NULL, NULL, 1923990),
(908262, 24, 1, 63, 13, 20, 3, 'ISLA DE PASCUA ADICIONALES', NULL, NULL, NULL, 'En progreso', 0, NULL, NULL, NULL, NULL, NULL, NULL, NULL, NULL, NULL, 63000),
(908263, 24, 1, 63, 13, 1000, NULL, 'ISLA DE PASCUA sitio ZV572', NULL, NULL, NULL, 'En progreso', 0, NULL, NULL, NULL, NULL, NULL, NULL, NULL, NULL, NULL, NULL),
(908271, 12, 1, 9, 1000, 1000, NULL, 'Tendido cable clúster Álvarez de Toledo', NULL, NULL, NULL, 'En progreso', 5, NULL, NULL, NULL, NULL, NULL, NULL, NULL, NULL, NULL, NULL),
(908281, 12, 1, 9, 1000, 1000, 4, 'Fusiones clúster Álvarez de Toledo', NULL, NULL, NULL, 'En progreso', 1, NULL, NULL, NULL, NULL, NULL, NULL, NULL, NULL, NULL, NULL),
(908301, 6, 1, 36, 7, 1000, 9, 'Survey 8 region 50%', NULL, NULL, NULL, ' En progreso', 50, 'Survey de RF, Energía y Equipamiento instalado en terreno.', NULL, NULL, NULL, NULL, NULL, NULL, NULL, NULL, 700000),
(908311, 6, 1, 36, 7, 1000, 9, 'Survey 9 Región', NULL, NULL, NULL, ' Activo', 10, 'Survey de RF, Energia y equipamiento instalado en terreno', NULL, '2020-06-01', '2020-06-01', '2020-06-30', NULL, NULL, '2020-06-01', NULL, 2800000),
(3101101, 21, 1, 56, 7, 25, 1, 'RM806 _ El Clonqui', NULL, NULL, NULL, 'Ejecutado', 100, NULL, NULL, '2019-08-23', '2019-08-30', '2019-09-23', NULL, NULL, NULL, NULL, 247163),
(5000510, 26, 1, 1000, 1000, NULL, 1, 'Instalación Huawei', NULL, NULL, NULL, 'Ejecutado', 100, '100 TSS + 40 TSS', NULL, NULL, NULL, NULL, NULL, NULL, NULL, NULL, 4295298),
(5000511, 26, 1, 1000, 1000, NULL, 1, 'Instalación Huawei', NULL, NULL, NULL, 'Ejecutado', 100, '100 TSS + 40 TSS', NULL, NULL, NULL, NULL, NULL, NULL, NULL, NULL, 578528),
(5000512, 26, 1, 1000, 1000, NULL, 1, 'Instalación Huawei', NULL, NULL, NULL, 'Ejecutado', 100, '100 TSS + 40 TSS', NULL, NULL, NULL, NULL, NULL, NULL, NULL, NULL, 138558),
(5000513, 26, 1, 1000, 1000, NULL, 1, 'Instalación Huawei', NULL, NULL, NULL, 'Ejecutado', 100, '100 TSS + 40 TSS', NULL, NULL, NULL, NULL, NULL, NULL, NULL, NULL, 277116),
(5000514, 26, 1, 1000, 1000, NULL, 1, 'Instalación Huawei', NULL, NULL, NULL, 'Ejecutado', 100, '100 TSS + 40 TSS', NULL, NULL, NULL, NULL, NULL, NULL, NULL, NULL, 490568),
(5000515, 26, 1, 1000, 1000, NULL, 1, 'Instalación Huawei', NULL, NULL, NULL, 'Ejecutado', 100, '100 TSS + 40 TSS', NULL, NULL, NULL, NULL, NULL, NULL, NULL, NULL, 1686000),
(5000516, 26, 1, 1000, 1000, NULL, 1, 'Instalación Huawei', NULL, NULL, NULL, 'Ejecutado', 100, '100 TSS + 40 TSS', NULL, NULL, NULL, NULL, NULL, NULL, NULL, NULL, 634802),
(5000517, 26, 1, 1000, 1000, NULL, 3, 'Instalación Huawei', NULL, NULL, NULL, 'Ejecutado', 100, '100 TSS + 40 TSS', NULL, NULL, NULL, NULL, NULL, NULL, NULL, NULL, 245284),
(5000518, 26, 1, 1000, 1000, 1000, 9, 'Instalación Huawei\r\n', NULL, NULL, NULL, 'Ejecutado', 100, 'Instalación Huawei\r\n', NULL, NULL, NULL, NULL, NULL, NULL, NULL, NULL, NULL),
(5000610, 26, 1, 1000, 1000, NULL, 1, 'Huawei - Claro 100 link', NULL, NULL, NULL, 'Ejecutado', 100, NULL, NULL, NULL, '2019-10-20', '2020-01-06', NULL, NULL, '2020-05-31', NULL, 731761),
(5000611, 26, 1, 1000, 1000, NULL, 1, 'Huawei - Claro 100 link', NULL, NULL, NULL, 'Ejecutado', 100, NULL, NULL, NULL, '2019-10-20', '2020-01-06', NULL, NULL, '2020-05-31', NULL, 167025),
(5000612, 26, 1, 1000, 1000, NULL, 1, 'Huawei - Claro 100 link', NULL, NULL, NULL, 'Ejecutado', 100, NULL, NULL, NULL, '2019-10-20', '2020-01-06', NULL, NULL, '2020-05-31', NULL, 735948),
(5000613, 26, 1, 1000, 1000, NULL, 1, 'Huawei - Claro 100 link', NULL, NULL, NULL, 'Ejecutado', 100, NULL, NULL, NULL, '2019-10-20', '2020-01-06', NULL, NULL, '2020-05-31', NULL, 2135017),
(5000614, 26, 1, 1000, 1000, NULL, 1, 'Huawei - Claro 100 link', NULL, NULL, NULL, 'Ejecutado', 100, NULL, NULL, NULL, '2019-10-20', '2020-01-06', NULL, NULL, '2020-05-31', NULL, 731761),
(5000615, 26, 1, 1000, 1000, NULL, 1, 'Huawei - Claro 100 link', NULL, NULL, NULL, 'Ejecutado', 100, NULL, NULL, NULL, '2019-10-20', '2020-01-06', NULL, NULL, '2020-05-31', NULL, 485180),
(5000616, 26, 1, 1000, 1000, NULL, 1, 'Huawei - Claro 100 link', NULL, NULL, NULL, 'Ejecutado', 100, NULL, NULL, NULL, '2019-10-20', '2020-01-06', NULL, NULL, '2020-05-31', NULL, 274270),
(5000617, 26, 1, 1000, 1000, NULL, 1, 'Huawei - Claro 100 link', NULL, NULL, NULL, 'Ejecutado', 100, NULL, NULL, NULL, '2019-10-20', '2020-01-06', NULL, NULL, '2020-05-31', NULL, 701628),
(5000618, 26, 1, 1000, 1000, NULL, 1, 'Huawei - Claro 100 link', NULL, NULL, NULL, 'Ejecutado', 100, NULL, NULL, NULL, '2019-10-20', '2020-01-06', NULL, NULL, '2020-05-31', NULL, 2135017),
(5000619, 26, 1, 1000, 1000, NULL, 1, 'Huawei - Claro 100 link', NULL, NULL, NULL, 'Ejecutado', 100, NULL, NULL, NULL, '2019-10-20', '2020-01-06', NULL, NULL, '2020-05-31', NULL, 735948),
(5000620, 26, 1, 1000, 1000, NULL, 1, 'Huawei - Claro 100 link', NULL, NULL, NULL, 'Ejecutado', 100, NULL, NULL, NULL, '2019-10-20', '2020-01-06', NULL, NULL, '2020-05-31', NULL, 1285170),
(5000621, 26, 1, 1000, 1000, NULL, 1, 'Huawei - Claro 100 link', NULL, NULL, NULL, 'Ejecutado', 100, NULL, NULL, NULL, '2019-10-20', '2020-01-06', NULL, NULL, '2020-05-31', NULL, 1285170),
(5000622, 26, 1, 1000, 1000, NULL, 1, 'Huawei - Claro 100 link', NULL, NULL, NULL, 'Ejecutado', 100, NULL, NULL, NULL, '2019-10-20', '2020-01-06', NULL, NULL, '2020-05-31', NULL, 799880),
(5000623, 26, 1, 1000, 1000, NULL, 1, 'Huawei - Claro 100 link', NULL, NULL, NULL, 'Ejecutado', 100, NULL, NULL, NULL, '2019-10-20', '2020-01-06', NULL, NULL, '2020-05-31', NULL, 5031928),
(5000624, 26, 1, 1000, 1000, NULL, 1, 'Huawei - Claro 100 link', NULL, NULL, NULL, 'Ejecutado', 100, NULL, NULL, NULL, '2019-10-20', '2020-01-06', NULL, NULL, '2020-05-31', NULL, 3658805),
(5000625, 26, 1, 1000, 1000, NULL, 1, 'Huawei - Claro 100 link', NULL, NULL, NULL, 'Ejecutado', 100, NULL, NULL, NULL, '2019-10-20', '2020-01-06', NULL, NULL, '2020-05-31', NULL, 731761),
(5000626, 26, 1, 1000, 1000, NULL, 1, 'Huawei - Claro 100 link', NULL, NULL, NULL, 'Ejecutado', 100, NULL, NULL, NULL, '2019-10-20', '2020-01-06', NULL, NULL, '2020-05-31', NULL, 6425850),
(5000627, 26, 1, 1000, 1000, NULL, 1, 'Huawei - Claro 100 link', NULL, NULL, NULL, 'Ejecutado', 100, NULL, NULL, NULL, '2019-10-20', '2020-01-06', NULL, NULL, '2020-05-31', NULL, 2165150),
(5000628, 26, 1, 1000, 1000, NULL, 1, 'Huawei - Claro 100 link', NULL, NULL, NULL, 'Ejecutado', 100, NULL, NULL, NULL, '2019-10-20', '2020-01-06', NULL, NULL, '2020-05-31', NULL, 1455540),
(5000629, 26, 1, 1000, 1000, NULL, 1, 'Huawei - Claro 100 link', NULL, NULL, NULL, 'Ejecutado', 100, NULL, NULL, NULL, '2019-10-20', '2020-01-06', NULL, NULL, '2020-05-31', NULL, 822810),
(5000630, 26, 1, 1000, 1000, NULL, 1, 'Huawei - Claro 100 link', NULL, NULL, NULL, 'Ejecutado', 100, NULL, NULL, NULL, '2019-10-20', '2020-01-06', NULL, NULL, '2020-05-31', NULL, 1285170),
(5000631, 26, 1, 1000, 1000, NULL, 1, 'Huawei - Claro 100 link', NULL, NULL, NULL, 'Ejecutado', 100, NULL, NULL, NULL, '2019-10-20', '2020-01-06', NULL, NULL, '2020-05-31', NULL, 1717212),
(5000632, 26, 1, 1000, 1000, NULL, 1, 'Huawei - Claro 100 link', NULL, NULL, NULL, 'Ejecutado', 100, NULL, NULL, NULL, '2019-10-20', '2020-01-06', NULL, NULL, '2020-05-31', NULL, 731761),
(5000633, 26, 1, 1000, 1000, NULL, 1, 'Huawei - Claro 100 link', NULL, NULL, NULL, 'Ejecutado', 100, NULL, NULL, NULL, '2019-10-20', '2020-01-06', NULL, NULL, '2020-05-31', NULL, 1285170),
(5000634, 26, 1, 1000, 1000, NULL, 1, 'Huawei - Claro 100 link', NULL, NULL, NULL, 'Ejecutado', 100, NULL, NULL, NULL, '2019-10-20', '2020-01-06', NULL, NULL, '2020-05-31', NULL, 759450),
(5000635, 26, 1, 1000, 1000, NULL, 1, 'Huawei - Claro 100 link', NULL, NULL, NULL, 'Ejecutado', 100, NULL, NULL, NULL, '2019-10-20', '2020-01-06', NULL, NULL, '2020-05-31', NULL, 731761),
(5000636, 26, 1, 1000, 1000, NULL, 3, 'Huawei - Claro 100 link', NULL, NULL, NULL, 'Ejecutado', 100, NULL, NULL, NULL, '2019-10-20', '2020-01-06', NULL, NULL, '2020-05-31', NULL, 5275096),
(5000637, 26, 1, 1000, 1000, NULL, 3, 'Huawei - Claro 100 link', NULL, NULL, NULL, 'Ejecutado', 100, NULL, NULL, NULL, '2019-10-20', '2020-01-06', NULL, NULL, '2020-05-31', NULL, 5191224),
(5000638, 26, 1, 1000, 1000, 1000, 1, 'Huawei - Claro 100 link BONO COVID', '2020-08-12', NULL, '', ' Activo', 100, '', '', '2019-10-29', '2020-01-06', '2020-05-31', '0000-00-00', '0000-00-00', '2019-10-20', '268475273', 0),
(5000639, 26, 1, 1000, 1000, 1000, NULL, 'Huawei - Claro 100 link', '2020-08-13', NULL, '', 'Activo', 100, '', '', '2019-10-20', '2020-01-06', '2020-05-31', '0000-00-00', '0000-00-00', '0000-00-00', '268475273', NULL),
(5000640, 26, 1, 1000, 1000, 1000, 1, 'Huawei - Claro 100 link', NULL, NULL, NULL, ' Ejecutado', 100, '', NULL, NULL, NULL, NULL, NULL, NULL, NULL, NULL, 0),
(5000641, 26, 1, 1000, 1000, 1000, 1, 'Huawei - Claro 100 link', NULL, NULL, NULL, ' Ejecutado', 100, '', NULL, NULL, NULL, NULL, NULL, NULL, NULL, NULL, 0),
(5000642, 26, 1, 1000, 1000, 1000, 1, 'Huawei - Claro 100 link', NULL, NULL, NULL, ' Ejecutado', 100, '', NULL, NULL, NULL, NULL, NULL, NULL, NULL, NULL, 0),
(5000643, 26, 1, 1000, 1000, 1000, 1, 'Huawei - Claro 100 link', NULL, NULL, NULL, ' Ejecutado', 100, '', NULL, NULL, NULL, NULL, NULL, NULL, NULL, NULL, 0),
(5000644, 26, 1, 1000, 1000, 1000, 1, 'Huawei - Claro 100 link', NULL, NULL, NULL, '  Ejecutado', 100, '', NULL, NULL, NULL, NULL, NULL, NULL, NULL, NULL, 0),
(5000645, 26, 1, 1000, 1000, 1000, 1, 'Huawei - Claro 100 link', NULL, NULL, NULL, ' Ejecutado', 100, '', NULL, NULL, NULL, NULL, NULL, NULL, NULL, NULL, 0),
(5000646, 26, 1, 1000, 1000, 1000, 1, 'Huawei - Claro 100 link', NULL, NULL, NULL, ' Ejecutado', 100, '', NULL, NULL, NULL, NULL, NULL, NULL, NULL, NULL, 0),
(5000647, 26, 1, 1000, 1000, 1000, 1, 'Huawei - Claro 100 link', NULL, NULL, NULL, ' Ejecutado', 100, '', NULL, NULL, NULL, NULL, NULL, NULL, NULL, NULL, 0),
(5000648, 26, 1, 1000, 1000, 1000, 1, 'Huawei - Claro 100 link', NULL, NULL, '', '   Ejecutado', 100, '', '', NULL, '2020-01-06', NULL, '1970-01-01', '1970-01-01', NULL, NULL, 0),
(5000649, 26, 1, 1, 4, 1, 3, 'Huawei - Claro 100 link', '2020-08-25', NULL, 'AM219', '  Activo', 100, '', '71899456', '2020-08-26', '2020-08-26', '2020-08-27', '2020-08-27', '2020-08-28', '2020-08-25', '268475273', 3508139),
(5000650, 24, 1, 1, 1, 1, 1, 'INSTAL OLITEL 2020-7 BC/Switch Isla', '2020-08-26', NULL, '', ' Activo', 100, '', '', '0000-00-00', '0000-00-00', '0000-00-00', '0000-00-00', '0000-00-00', '0000-00-00', '268475273', 900966),
(5000651, 1, 1, 1, 1, 1, NULL, 'CP ERROR', '2020-08-26', NULL, '', 'Activo', 0, '', '', '0000-00-00', '0000-00-00', '0000-00-00', '0000-00-00', '0000-00-00', '0000-00-00', '268475273', NULL),
(5000652, 24, 1, 63, 7, 25, 1, 'Instalacion Ran BI801 80%', '2020-08-26', NULL, 'BI801', ' Activo', 80, '', '841816', '2020-04-27', '2020-04-27', '0000-00-00', '0000-00-00', '0000-00-00', '2020-04-17', '268475273', 3602947),
(5000653, 24, 1, 63, 7, 25, 1, 'Instalacion Ran BI80120%', '2020-08-26', NULL, 'BI801', '  Activo', 100, '', '841816', '2020-04-27', '2020-04-27', '0000-00-00', '0000-00-00', '0000-00-00', '2020-04-17', '268475273', 900737),
(5000654, 24, 1, 63, 7, 25, 1, 'Instalacion Ran  ZE087 80%', '2020-08-26', NULL, 'ZE087', ' Activo', 20, '', '', '2020-04-27', '2020-04-27', '0000-00-00', '0000-00-00', '0000-00-00', '2020-04-17', '268475273', 4652905),
(5000655, 24, 1, 63, 7, 25, 1, 'Instalacion Ran  ZE087 20%', '2020-08-26', NULL, 'ZE087', '   Activo', 100, 'INSTALACION RAN', '', '2020-04-27', '2020-04-27', '0000-00-00', '2020-10-09', '2020-10-14', '2020-04-17', '268475273', 1032299),
(5000656, 24, 1, 63, 7, 25, 1, 'Instalacion Ran AR052 80%', '2020-08-26', NULL, 'AR052', ' Activo', 80, '', '', '2020-04-27', '2020-04-27', '0000-00-00', '0000-00-00', '0000-00-00', '2020-04-17', '268475273', 3788059),
(5000657, 24, 1, 1, 7, 25, 1, 'Instalacion Ran AR052 20%', '2020-08-26', NULL, 'AR052', ' Activo', 80, '', '', '2020-04-27', '2020-04-27', '0000-00-00', '0000-00-00', '0000-00-00', '2020-04-17', '268475273', 947015),
(5000658, 7, 1, 15, 4, 1000, 1, 'SANTA CRUZ CENTRO ADICIONALES', '2020-08-26', NULL, '', ' Activo', 30, 'Instalación de nuevos enlaces para cambio de PE Santa Cruz Centro', '52000030350', '2020-06-16', '2020-06-16', '2020-07-16', '0000-00-00', '0000-00-00', '2020-06-15', '268475273', 750000),
(5000659, 11, 1, 21, 1000, 25, 1, 'Reingenieria Santiago B', '2020-08-26', NULL, '', ' Activo', 20, '', '', '2020-04-27', '2020-04-27', '2020-06-05', '0000-00-00', '0000-00-00', '2020-03-23', '268475273', 11090550),
(5000660, 7, 1, 61, 4, 1000, 4, 'HIGUERAS - LOMA VERDE - CABILDO PCS', '2020-08-26', NULL, '', '  Activo', 10, 'Instalación nuevo enlace 2+0, migración y retiro.', '52000030822', '2020-08-24', '2020-08-25', '2020-09-10', '0000-00-00', '0000-00-00', '2020-08-10', '268475273', 2030000),
(5000661, 7, 1, 15, 4, 1000, 1, 'Antofagasta Estación PCS – Cerro los Morros PCS ADICIONALES', '2020-08-31', NULL, '', 'Terminado', 100, '', '26523', '2019-12-10', '2020-01-27', '0000-00-00', '0000-00-00', '0000-00-00', '2019-09-10', '268475273', 1941000),
(5000662, 7, 1, 24, 4, 33, 4, 'PEÑON – CERRO GUPO PCS', '2020-09-03', NULL, '', '  Activo', 50, 'normalización enlace por problemas de Paneo', '52000027332', '2020-09-03', '2020-09-04', '2020-10-04', '0000-00-00', '0000-00-00', '2020-09-02', '268475273', 1037750),
(5000663, 24, 1, 63, 1000, 1000, 4, 'Sitio AS641', '2020-09-03', NULL, 'AS641', '   Activo', 100, '', '', '2020-09-05', '2020-09-05', '2020-09-10', '2020-09-14', '2020-09-22', '0000-00-00', '268475273', 1514564),
(5000664, 24, 1, 63, 7, 1000, 4, 'Sitio _ AS278 Almirante Riveros', '2020-09-07', NULL, 'AS278', '   Activo', 100, '', '', '2020-09-09', '2020-09-09', '2020-09-09', '0000-00-00', '0000-00-00', '2020-09-07', '268475273', 426420),
(5000665, 24, 1, 63, 7, 1000, 4, 'Sitio _ RM884 Camino de las Estrellas', '2020-09-08', NULL, 'RM884', '   Activo', 100, '', '', '2020-09-10', '2020-09-10', '2020-09-13', '2020-09-22', '2020-09-22', '2020-09-10', '268475273', 1620000),
(5000666, 6, 1, 1000, 1000, 1000, 4, 'FN355 SAN FELIX', '2020-09-14', NULL, 'FN355', ' Activo', 100, '', 'FN355 SAN FELIX', '2020-08-05', '2020-08-05', '2020-08-10', '0000-00-00', '0000-00-00', '2020-08-04', '268475273', 907000),
(5000667, 7, 1, 23, 4, 1000, 3, 'Cerro Pajonales - Vallenar ADICIONALES', '2020-09-17', NULL, '', ' Activo', 100, '', '51900027841', '2020-03-10', '2020-03-30', '2020-04-11', '0000-00-00', '0000-00-00', '2020-03-10', '268475273', 1725000),
(5000668, 7, 1, 15, 4, 33, 4, 'Peñón - Pencahue Localidad Proyecto TG', '2020-09-21', NULL, '', '  Activo', 70, '', '52000032363', '2020-09-21', '2020-09-23', '2020-10-23', '0000-00-00', '0000-00-00', '2020-09-21', '268475273', 2072000),
(5000669, 24, 1, 63, 7, 1000, 4, 'FN567 La Orilla Sur', '2020-09-22', NULL, 'FN567', '   Activo', 50, '', '872556', '2020-09-24', '0000-00-00', '2020-09-30', '0000-00-00', '0000-00-00', '2020-09-21', '268475273', 4103724),
(5000670, 7, 1, 27, 1, 1000, 4, ' CELULOSA ARAUCO', '2020-09-23', NULL, '', '   Activo', 90, '', '', '0000-00-00', '0000-00-00', '0000-00-00', '0000-00-00', '0000-00-00', '2020-09-22', '268475273', 8519500),
(5000671, 7, 1, 15, 4, 20, 4, 'RE CABILDO - CHINCOLCO PCS', '2020-09-24', NULL, '', '  Activo', 40, '', '52000028730', '2020-09-24', '2020-09-30', '2020-10-15', '0000-00-00', '0000-00-00', '2020-09-03', '268475273', 2623000),
(5000672, 24, 1, 63, 7, 1000, 4, 'AR567 Pucon 2', '2020-10-07', NULL, 'AR567', '  Activo', 100, '', '846462', '2020-10-17', '2020-10-13', '2020-10-17', '2020-10-22', '2020-10-22', '2020-10-10', '268475273', 5161494),
(5000673, 7, 1, 24, 4, 1000, 4, 'BUIN - COLLIPEUMO PCS', '2020-10-13', NULL, '', '  Activo', 30, 'Instalación nuevos enlaces MMOO, ampliación de actuales, TG nuevo', '52000033729', '2020-10-13', '2020-10-13', '2020-12-04', '0000-00-00', '0000-00-00', '2020-10-10', '268475273', 4113000),
(5000674, 7, 1, 24, 4, 1000, 4, 'Lo Prado PCS - Curacaví PCS', '2020-10-13', NULL, '', ' Activo', 10, '', '52000033459', '2020-10-13', '2020-10-13', '2020-12-11', '0000-00-00', '0000-00-00', '2020-10-10', '268475273', 3003000),
(5000675, 6, 1, 45, 1000, 40, 4, 'ZR041 Planta Valdivia Aserradero', '2020-10-20', NULL, 'ZR041', ' Activo', 10, '', '72002778967', '2020-09-10', '2020-10-25', '2020-11-10', '0000-00-00', '0000-00-00', '2020-09-09', '268475273', 1550000),
(5000676, 24, 1, 63, 7, 25, 4, 'AS815 Gral Baquedano-Paine', '2020-10-20', NULL, 'AS815', '   Activo', 100, '', '', '2020-10-25', '2020-10-21', '2020-10-25', '2020-10-28', '2020-11-03', '2020-10-19', '268475273', 2600000),
(5000677, 6, 1, 36, 7, 1000, 4, 'ASIGNACIÓN ADHERENCIA 78 PAQ 4', '2020-10-22', NULL, '', ' Activo', 10, '', '', '2020-10-26', '2020-10-26', '2020-11-21', '0000-00-00', '0000-00-00', '2020-10-21', '268475273', 6090000),
(5000678, 24, 1, 63, 7, 25, 4, 'AS255  Coronel Alvarado Independencia', '2020-10-22', NULL, 'AS255', '  Activo', 20, '', '', '2020-10-27', '0000-00-00', '2020-10-29', '0000-00-00', '0000-00-00', '2020-10-21', '268475273', 1640047),
(5000679, 24, 1, 63, 7, 25, 3, 'AS213 PEDRO DONOSO - EL SALTO', '2020-10-22', NULL, 'AS213', '   Activo', 100, '', '', '2020-10-29', '2020-10-29', '2020-10-30', '2020-11-06', '2020-11-06', '2020-10-21', '268475273', 1640047),
(5000680, 6, 1, 1000, 1, 1000, 4, 'Sitio FN675 Maitencillo Yerbas Buenas PCS', '2020-10-27', NULL, 'FN6', ' Activo', 10, '', '72002757676', '0000-00-00', '2020-10-27', '0000-00-00', '0000-00-00', '0000-00-00', '0000-00-00', '268475273', 1223750),
(5000681, 7, 1, 1000, 4, 1000, 4, 'Trabajo retiro antenas en Torre MA337 Cerro Zapallar', '2020-11-02', NULL, '', ' Activo', 10, '', '52000030824', '2020-10-26', '2020-10-27', '2020-11-10', '0000-00-00', '0000-00-00', '2020-10-26', '268475273', 2800000),
(5000682, 24, 1, 63, 7, 1000, 4, 'ZB754 QUIRIHUE NORTE', '2020-11-02', NULL, 'ZB754', '  Activo', 20, '', '', '2020-11-06', '0000-00-00', '2020-11-10', '0000-00-00', '0000-00-00', '2020-10-30', '268475273', 3702135),
(5000683, 51, 2, 1000, 3, 1000, NULL, 'Olitel RM G2 (Nuevo) Dedicado a Proyectos con OOCC-NRO', '2020-11-02', NULL, '', 'Activo', 0, '', '', '2020-11-02', '2020-11-02', '0000-00-00', '0000-00-00', '0000-00-00', '2020-10-30', '268475273', NULL),
(5000684, 52, 2, 1000, 3, 1000, NULL, 'Olitel VI - VII (nuevo) Dedicado a Proyectos con OOCC-NRO', '2020-11-02', NULL, '', 'Activo', 0, '', '', '2020-11-02', '2020-11-02', '0000-00-00', '0000-00-00', '0000-00-00', '2020-10-30', '268475273', NULL),
(5000685, 53, 2, 1000, 3, 1000, NULL, 'Olitel VIII - IX (nuevo) Dedicado a Proyectos con OOCC-NRO', '2020-11-02', NULL, '', 'Activo', 0, '', '', '2020-11-02', '2020-11-02', '0000-00-00', '0000-00-00', '0000-00-00', '2020-10-30', '268475273', NULL),
(5000686, 24, 1, 63, 7, 36, 4, 'ZE295 NUEVA IMPERIAL NORTE', '2020-11-05', NULL, 'ZE295', ' Activo', 20, '', '', '2020-11-12', '0000-00-00', '2020-11-15', '0000-00-00', '0000-00-00', '2020-11-04', '268475273', 4344600),
(5000687, 6, 1, 45, 1000, 25, 4, 'AS880 Sucursal Florida Center', '2020-11-06', NULL, 'AS880', '  Activo', 10, 'Instalacion nuevo ATN para cliente Inbilding', '72002808817', '2020-11-05', '2020-11-10', '2020-11-15', '0000-00-00', '0000-00-00', '2020-11-05', '268475273', 597000),
(5000688, 6, 1, 45, 1000, 25, 4, 'Sitio AS718  Energy plaza Egaña', '2020-11-06', NULL, 'AS718', ' Activo', 10, '', '72002656816', '2020-11-05', '2020-11-10', '2020-11-15', '0000-00-00', '0000-00-00', '2020-11-05', '268475273', 597000),
(5000689, 55, 1, 1000, 1000, 1000, NULL, 'Gestion de Accesos', '2020-11-06', NULL, '', 'Activo', 0, '', '', '2020-11-09', '2020-11-09', '2020-12-09', '0000-00-00', '0000-00-00', '2020-11-09', '268475273', NULL),
(5000690, 7, 1, 75, 4, 31, 4, 'Zapallar - Cerro El Cerrillo', '2020-11-10', NULL, '', ' Activo', 10, '', 'Zapallar - Cerro El Cerrillo', '2020-11-09', '2020-11-16', '2020-11-30', '0000-00-00', '0000-00-00', '2020-11-09', '268475273', 2877000),
(5000691, 7, 1, 75, 4, 31, 4, 'CURICO -  CERRO CORACA PCS', '2020-11-10', NULL, '', ' Activo', 10, '', '52000032596', '2020-11-09', '2020-11-16', '2020-11-30', '0000-00-00', '0000-00-00', '2020-11-09', '268475273', 2514000),
(5000692, 24, 1, 27, 1, 1000, NULL, 'CELULOSA ARAUCO', '2020-11-13', NULL, '', 'Activo', 20, '', '', '0000-00-00', '0000-00-00', '0000-00-00', '0000-00-00', '0000-00-00', '2020-09-22', '268475273', NULL);

-- --------------------------------------------------------

--
-- Estructura de tabla para la tabla `detalle`
--

CREATE TABLE `detalle` (
  `ID_DETALLE` int(11) NOT NULL,
  `DESC_DET` char(200) COLLATE utf8_spanish_ci NOT NULL
) ENGINE=InnoDB DEFAULT CHARSET=utf8 COLLATE=utf8_spanish_ci;

--
-- Volcado de datos para la tabla `detalle`
--

INSERT INTO `detalle` (`ID_DETALLE`, `DESC_DET`) VALUES
(1, 'Administración'),
(2, 'Administración de Instalaciones'),
(3, 'Proyectos por demanda'),
(4, 'Team Fijo'),
(5, 'Venta de Productos'),
(6, 'Servicio Mensual'),
(7, 'Servicio por demanda'),
(8, 'Piloto');

-- --------------------------------------------------------

--
-- Estructura de tabla para la tabla `estado_cobranza`
--

CREATE TABLE `estado_cobranza` (
  `ID_EO_COB` int(11) NOT NULL,
  `NOM_EO_COB` char(30) COLLATE utf8_spanish_ci NOT NULL
) ENGINE=InnoDB DEFAULT CHARSET=utf8 COLLATE=utf8_spanish_ci;

--
-- Volcado de datos para la tabla `estado_cobranza`
--

INSERT INTO `estado_cobranza` (`ID_EO_COB`, `NOM_EO_COB`) VALUES
(1, 'facturado'),
(2, 'por enviar'),
(3, 'enviado'),
(4, 'en ejecucion'),
(5, 'Nulo'),
(6, 'team'),
(7, 'por facturar'),
(8, 'oc por confirmar'),
(9, 'Sin información');

-- --------------------------------------------------------

--
-- Estructura de tabla para la tabla `factura`
--

CREATE TABLE `factura` (
  `NFACT` char(200) COLLATE utf8_spanish_ci NOT NULL,
  `VALOR` bigint(20) NOT NULL,
  `ID_FACT` int(11) NOT NULL,
  `ID_CL` int(11) NOT NULL,
  `F_FACTURA` date DEFAULT NULL,
  `POR_FACTURAR` int(11) DEFAULT NULL
) ENGINE=InnoDB DEFAULT CHARSET=utf8 COLLATE=utf8_spanish_ci;

--
-- Volcado de datos para la tabla `factura`
--

INSERT INTO `factura` (`NFACT`, `VALOR`, `ID_FACT`, `ID_CL`, `F_FACTURA`, `POR_FACTURAR`) VALUES
('729', 20152093, 2, 1, '2019-06-28', 0),
('967', 4491986, 11, 1, '2020-06-17', 4491986),
('816', 9850344, 12, 1, '2020-01-08', 9850344),
('918', 39133500, 13, 1, '2020-04-30', 39133500),
('911', 1875000, 15, 1, '2020-04-27', 1875000),
('923', 53735000, 16, 1, '2020-05-11', 53735000),
('965', 29945000, 17, 1, '2020-06-16', 29945000),
('910', 45273087, 20, 1, '2020-04-27', 45273087),
('864', 2737777, 21, 1, '2020-03-23', 2737777),
('717', 8626254, 23, 1, '2019-06-07', 0),
('739', 4051648, 25, 1, '2019-07-19', 2139863),
('749', 37069899, 26, 1, '2019-08-21', 0),
('902', 28629422, 30, 1, '2020-04-22', 28629422),
('986', 8316000, 32, 1, '2020-06-25', 8316000),
('814', 125483, 34, 1, '2020-01-08', 125483),
('943', 3470320, 35, 1, '2020-05-22', 3470320),
('863', 344127, 36, 1, '2020-03-23', 344127),
('903', 1315669, 38, 1, '2020-04-22', 1315669),
('895', 3394790, 45, 1, '2020-03-31', 3394790),
('908', 11186923, 46, 1, '2020-04-24', 11186923),
('936', 6507395, 47, 1, '2020-05-18', 6507395),
('987', 376449, 61, 1, '2020-06-25', 376449),
('1029', 344127, 62, 1, '2020-07-21', 344127),
('1017', 125483, 65, 1, '2020-07-17', 125483),
('766', 34970384, 71, 1, '2019-10-14', 0),
('781', 121110324, 72, 1, '2019-11-26', 0),
('811', 210192, 73, 1, '2020-01-08', 210192),
('830', 1503680, 74, 1, '2020-01-30', 1503680),
('774', 5010192, 75, 1, '2019-11-08', 0),
('754', 48327509, 83, 1, '2019-08-30', 0),
('877', 3142577, 84, 1, '2020-03-30', 3142577),
('976', 3710920, 87, 1, '2020-06-22', 3710920),
('989', 100482565, 88, 1, '2020-06-26', 100482565),
('564', 5807528, 91, 1, '2018-06-04', 0),
('831', 8936920, 96, 1, '2020-01-30', 8936920),
('793', 360100, 97, 1, '2019-12-19', 360100),
('887', 41917500, 98, 1, '2020-04-06', 41917500),
('718', 56595416, 100, 1, '2019-06-11', 0),
('767', 39232552, 106, 1, '2019-10-23', 2298552),
('953', 20905600, 107, 1, '2020-06-09', 20905600),
('689', 3223360, 108, 1, '2019-04-05', 0),
('653', 16194902, 110, 1, '2019-01-02', 0),
('780', 60728000, 114, 1, '2019-11-18', 2904000),
('888', 10976575, 115, 1, '2020-04-08', 10976575),
('836', 566875, 117, 1, '2020-02-06', 566875),
('900', 3328774, 121, 1, '2020-04-21', 3328774),
('768', 71587689, 123, 1, '2019-10-23', 0),
('789', 49062666, 124, 1, '2019-12-06', 49062666),
('876', 4073600, 129, 1, '2020-03-30', 4073600),
('905', 9605560, 139, 1, '2020-04-23', 9605560),
('882', 1601000, 140, 1, '2020-04-02', 1601000),
('935', 14044267, 141, 1, '2020-05-15', 14044267),
('950', 3155000, 142, 1, '2020-06-08', 3155000),
('764', 67471908, 143, 1, '2019-10-14', 23044459),
('663', 32925430, 146, 1, '2019-01-31', 0),
('765', 759925, 148, 1, '2019-10-14', 0),
('782', 29911549, 149, 1, '2019-11-26', 29911549),
('813', 50183807, 151, 1, '2020-01-08', 50183807),
('832', 759925, 152, 1, '2020-01-31', 759925),
('591', 9456311, 153, 1, '2018-09-12', 0),
('606', 39462591, 155, 1, '2018-10-23', 0),
('624', 2396861, 160, 1, '2018-11-22', 0),
('645', 4633675, 161, 1, '2018-12-21', 0),
('659', 48216171, 162, 1, '2019-01-25', 0),
('741', 9536861, 163, 1, '2019-07-25', 0),
('703', 9329038, 164, 1, '2019-05-10', 0),
('755', 40390000, 169, 1, '2019-09-10', 0),
('818', 7140000, 170, 1, '2020-01-09', 7140000),
('802', 780000, 172, 1, '2019-12-31', 780000),
('827', 15380000, 174, 1, '2020-01-21', 15380000),
('752', 808430, 175, 1, '2019-08-30', 0),
('740', 20057784, 177, 1, '2019-07-19', 0),
('868', 18657573, 180, 1, '2020-03-25', 18657573),
('775', 841961, 182, 1, '2019-11-08', 0),
('964', 27519323, 184, 1, '2020-06-16', 27519323),
('872', 36234844, 187, 1, '2020-03-26', 36234844),
('889', 20379876, 189, 1, '2020-04-08', 20379876),
('933', 2516861, 190, 1, '2020-05-13', 2516861),
('1026', 49880786, 192, 1, '2020-07-20', 49880786),
('709', 14019388, 197, 1, '2019-05-24', 0),
('573', 5446368, 199, 1, '2018-07-06', 1455000),
('763', 15318028, 200, 1, '2019-10-07', 0),
('626', 1032002, 206, 1, '2018-11-23', 0),
('867', 3219200, 207, 1, '2020-03-24', 3219200),
('602', 61053855, 210, 1, '2018-10-16', 0),
('575', 18313898, 211, 1, '2018-07-06', 0),
('599', 1094152, 215, 1, '2018-10-01', 0),
('660', 11042666, 216, 1, '2019-01-25', 0),
('949', 23618886, 217, 1, '2020-05-28', 23618886),
('715', 1150000, 221, 1, '2019-06-07', 0),
('838', 2352758, 229, 1, '2020-02-14', 2352758),
('548', 8236388, 231, 1, '2018-04-27', 0),
('738', 1355400, 240, 1, '2019-07-19', 0),
('1011', 10995200, 243, 1, '2020-07-03', 10995200),
('699', 11708959, 244, 1, '2019-04-17', 0),
('611', 11760397, 246, 1, '2018-10-23', 0),
('770', 41426805, 249, 1, '2019-10-23', -2992473),
('762', 36588293, 251, 1, '2019-10-07', 0),
('579', 11151819, 252, 1, '2018-07-25', 0),
('788', 16374177, 261, 1, '2019-12-06', 16374177),
('623', 1460048, 274, 1, '2018-11-20', 0),
('990', 62237665, 278, 1, '2020-06-26', 62237665),
('898', 18464840, 279, 1, '2020-04-16', 18464840),
('801', 1490868, 280, 1, '2019-12-31', 1490868),
('897', 32304705, 281, 1, '2020-04-13', 32304705),
('790', 4519000, 283, 1, '2019-12-16', 4519000),
('550', 34582018, 286, 1, '2018-05-04', 0),
('922', 51074500, 287, 1, '2020-05-08', 51074500),
('654', 17028722, 293, 1, '2019-01-18', 0),
('687', 3233722, 295, 1, '2019-03-29', 0),
('691', 10616861, 297, 1, '2019-04-05', 0),
('726', 6416861, 298, 1, '2019-06-21', 0),
('853', 1616861, 300, 1, '2020-03-09', 1616861),
('892', 25418701, 301, 1, '2020-04-09', 25418701),
('985', 15901243, 304, 1, '2020-06-25', 15901243),
('533', 14999551, 310, 1, '2018-03-09', 0),
('542', 3653870, 312, 1, '2018-04-20', 0),
('561', 19254545, 313, 1, '2018-05-25', 0),
('549', 4317988, 317, 1, '2018-04-27', 0),
('873', 19766612, 323, 1, '2020-03-27', 19766612),
('758', 3584209, 330, 1, '2019-09-23', 0),
('771', 25002468, 331, 1, '2019-10-28', 0),
('828', 3400000, 333, 1, '2020-01-21', 3400000),
('570', 20199825, 340, 1, '2018-06-27', 0),
('794', 14915000, 343, 1, '2019-12-19', 14915000),
('535', 20165534, 352, 1, '2018-03-28', 0),
('546', 9566911, 356, 1, '2018-04-27', 1777030),
('916', 1793153, 359, 1, '2020-04-29', 1793153),
('651', 194196855, 364, 1, '2019-01-02', 185491579),
('848', 28797122, 372, 1, '2020-03-05', 28797122),
('761', 8876042, 378, 1, '2019-10-03', 8876042),
('596', 19258427, 386, 1, '2018-09-25', 0),
('795', 14078024, 392, 1, '2019-12-23', 14078024),
('804', 6000000, 396, 1, '2020-01-03', 6000000),
('823', 2000000, 397, 1, '2020-01-15', 2000000),
('939', 10000000, 400, 1, '2020-05-19', 10000000),
('919', 24026000, 410, 1, '2020-04-30', 24026000),
('778', 7261003, 419, 1, '2019-11-19', 5156691),
('722', 4145177, 426, 1, '2019-06-17', 0),
('678', 83620270, 428, 1, '2019-03-07', 0),
('604', 7514823, 434, 1, '2018-10-17', 0),
('720', 45678198, 443, 1, '2019-06-11', 45678198),
('693', 2575000, 466, 1, '2019-04-11', 0),
('710', 12223016, 467, 1, '2019-05-24', 0),
('732', 3011670, 468, 1, '2019-07-05', 436670),
('803', 5150000, 469, 1, '2020-01-03', 5150000),
('834', 2575000, 471, 1, '2020-02-04', 2575000),
('819', 5150000, 472, 1, '2020-01-10', 5150000),
('952', 16416612, 475, 1, '2020-06-08', 16416612),
('977', 2575000, 477, 1, '2020-06-22', 2575000),
('1016', 2575000, 478, 1, '2020-07-17', 2575000),
('917', 17151319, 480, 1, '2020-04-30', 17151319),
('988', 27814975, 482, 1, '2020-06-25', 27814975),
('1013', 8872892, 484, 1, '2020-07-07', 8872892),
('896', 16376890, 485, 1, '2020-03-31', 16376890),
('999', 2637846, 486, 1, '2020-06-30', 2637846),
('947', 92474631, 488, 1, '2020-05-28', 92474631),
('915', 20230244, 490, 1, '2020-04-29', 20230244),
('842', 3357575, 496, 1, '2020-02-24', 3357575),
('677', 12655898, 497, 1, '2019-03-07', 0),
('545', 2806881, 502, 1, '2018-04-20', 0),
('554', 2864908, 509, 1, '2018-05-10', 2864908),
('847', 2874549, 510, 1, '2020-03-04', 2874549),
('924', 22160433, 511, 1, '2020-05-11', 22160433),
('724', 12335059, 524, 1, '2019-06-17', 0),
('697', 32902139, 527, 1, '2019-04-17', 0),
('642', 17023030, 532, 1, '2018-12-19', 0),
('893', 12085000, 533, 1, '2020-04-09', 12085000),
('608', 37415016, 536, 1, '2018-10-23', 0),
('572', 37852116, 537, 1, '2018-07-06', 0),
('751', 12774315, 539, 1, '2019-08-21', 0),
('833', 22936600, 542, 1, '2020-01-31', 22936600),
('665', 17624507, 548, 1, '2019-02-11', 0),
('676', 3829507, 549, 1, '2019-03-07', 0),
('682', 3829507, 550, 1, '2019-03-22', 0),
('701', 43439507, 551, 1, '2019-05-03', 0),
('730', 3829507, 553, 1, '2019-06-28', 0),
('812', 3829507, 557, 1, '2020-01-08', 3829507),
('835', 43439507, 558, 1, '2020-02-06', 43439507),
('857', 3829507, 559, 1, '2020-03-11', 3829507),
('636', 3845857, 561, 1, '2019-01-02', 0),
('688', 17669652, 572, 1, '2019-03-29', 0),
('822', 79200000, 586, 1, '2020-01-15', 79200000),
('975', 25342088, 646, 1, '2020-06-22', 25342088),
('559', 4446368, 662, 1, '2018-05-22', 4000000),
('553', 42081412, 664, 1, '2018-05-10', 0),
('891', 4464944, 673, 1, '2020-04-08', 4464944),
('609', 26684734, 691, 1, '2018-10-23', 30000),
('731', 10479760, 699, 1, '2019-07-05', 0),
('759', 10063232, 701, 1, '2019-10-03', 10063232),
('760', 10077509, 702, 1, '2019-10-03', 10077509),
('808', 10080000, 703, 1, '2020-01-08', 10080000),
('809', 10102680, 705, 1, '2020-01-08', 10102680),
('807', 10160040, 706, 1, '2020-01-08', 10160040),
('837', 10191580, 707, 1, '2020-02-12', 10191580),
('912', 4847280, 717, 1, '2020-04-27', 4847280),
('577', 4895183, 719, 1, '2018-07-23', 0),
('584', 5179966, 722, 1, '2019-01-02', 0),
('798', 4908493, 723, 1, '2019-12-30', 4908493),
('451', 5235066, 724, 1, '2017-04-06', 0),
('612', 4933964, 726, 1, '2018-10-23', 0),
('620', 4949314, 728, 1, '2018-11-20', 0),
('865', 4954240, 729, 1, '2020-03-23', 4954240),
('860', 4959194, 730, 1, '2020-03-16', 4959194),
('904', 23384821, 732, 1, '2020-04-23', 23384821),
('941', 5004556, 733, 1, '2020-05-19', 5004556),
('954', 5020874, 735, 1, '2020-06-09', 5020874),
('598', 5022705, 736, 1, '2018-10-01', 0),
('991', 5025391, 737, 1, '2020-06-26', 5025391),
('773', 16787984, 756, 1, '2019-11-08', 5287512),
('886', 5078624, 758, 1, '2020-04-03', 5078624),
('821', 33150271, 759, 1, '2020-01-15', 33150271),
('861', 43502412, 760, 1, '2020-03-17', 43502412),
('753', 5102251, 761, 1, '2019-08-30', 0),
('646', 10617790, 767, 1, '2018-12-21', 5308895),
('810', 14546240, 769, 1, '2020-01-08', 14546240),
('966', 6863842, 770, 1, '2020-06-16', 6863842),
('574', 56903356, 772, 1, '2018-07-06', 0),
('585', 18201277, 773, 1, '2018-08-24', 0),
('594', 5446368, 775, 1, '2018-09-13', 0),
('750', 5781232, 785, 1, '2019-08-21', 0),
('680', 6069980, 788, 1, '2019-03-22', 0),
('787', 6491000, 793, 1, '2019-12-06', 6491000),
('734', 6657131, 795, 1, '2019-07-12', 6657131),
('858', 6967347, 804, 1, '2020-03-11', 6967347),
('885', 6967347, 806, 1, '2020-04-03', 6967347),
('587', 14294872, 810, 1, '2018-08-24', 0),
('631', 7192137, 811, 1, '2018-11-27', 0),
('610', 7297451, 813, 1, '2018-10-23', 0),
('629', 37113991, 815, 1, '2018-11-28', 0),
('671', 37202711, 817, 1, '2019-02-27', 0),
('615', 37258161, 818, 1, '2018-10-31', 0),
('674', 21554884, 819, 1, '2019-03-07', 21554884),
('647', 7563611, 820, 1, '2018-12-21', 0),
('707', 7772593, 821, 1, '2019-05-15', 0),
('866', 126408283, 822, 1, '2020-03-24', 126408283),
('530', 9287095, 827, 1, '2018-02-01', 0),
('560', 8084306, 828, 1, '2018-05-22', 0),
('566', 8084306, 829, 1, '2018-06-04', 0),
('581', 8084306, 831, 1, '2018-08-07', 0),
('588', 8084306, 832, 1, '2018-09-04', 0),
('597', 8084306, 833, 1, '2018-10-01', 0),
('616', 17641734, 834, 1, '2018-10-31', 0),
('637', 8084306, 835, 1, '2018-12-03', 0),
('657', 36465008, 836, 1, '2019-01-18', 0),
('684', 26974283, 837, 1, '2019-03-25', 0),
('704', 39261042, 838, 1, '2019-05-10', 0),
('728', 9393769, 839, 1, '2019-06-28', 1309463),
('777', 8084306, 840, 1, '2019-11-08', 8084306),
('534', 8088627, 841, 1, '2018-03-09', 0),
('537', 8090067, 842, 1, '2018-03-28', 0),
('622', 8868232, 846, 1, '2018-11-20', 0),
('694', 9219765, 856, 1, '2019-04-11', 0),
('934', 28053325, 860, 1, '2020-05-13', 28053325),
('649', 9552643, 862, 1, '2018-12-21', 0),
('669', 19287766, 864, 1, '2019-02-25', 0),
('656', 9645223, 866, 1, '2019-01-18', 0),
('685', 9648016, 867, 1, '2019-03-25', 0),
('756', 38914761, 869, 1, '2019-09-10', 0),
('641', 9648027, 870, 1, '2018-12-17', 0),
('679', 9784306, 874, 1, '2019-03-22', 0),
('661', 9941856, 875, 1, '2019-01-25', 0),
('743', 39610000, 877, 1, '2019-07-30', 0),
('745', 9860000, 878, 1, '2019-07-30', 0),
('744', 39610000, 879, 1, '2019-07-30', 0),
('820', 39610000, 884, 1, '2020-01-10', 39610000),
('909', 39610000, 888, 1, '2020-04-27', 39610000),
('1012', 50105250, 890, 1, '2020-07-07', 50105250),
('673', 9920131, 892, 1, '2019-02-27', 0),
('555', 9936907, 893, 1, '2018-05-10', 0),
('736', 9994518, 896, 1, '2019-07-12', 9994518),
('737', 10045189, 897, 1, '2019-07-12', 10045189),
('538', 74633026, 898, 1, '2018-04-10', 0),
('735', 10414807, 901, 1, '2019-07-12', 10414807),
('920', 21138874, 902, 1, '2020-04-30', 21138874),
('951', 45503919, 903, 1, '2020-06-08', 45503919),
('632', 40459138, 908, 1, '2018-11-28', 0),
('547', 19439453, 911, 1, '2018-04-27', 10799696),
('592', 10875160, 912, 1, '2018-09-12', 0),
('686', 11048903, 913, 1, '2019-03-25', 0),
('698', 11057766, 914, 1, '2019-04-17', 0),
('914', 11082882, 915, 1, '2020-04-28', 11082882),
('921', 25850000, 916, 1, '2020-05-06', 25850000),
('851', 23461169, 920, 1, '2020-03-09', 23461169),
('880', 22997768, 921, 1, '2020-04-01', 22997768),
('683', 12323609, 925, 1, '2019-03-25', 0),
('945', 12550187, 927, 1, '2020-05-22', 12550187),
('969', 13685894, 941, 1, '2020-06-17', 13685894),
('870', 13723639, 942, 1, '2020-03-25', 13723639),
('638', 13795000, 944, 1, '2018-12-07', 13795000),
('1030', 13961914, 947, 1, '2020-07-21', 13961914),
('883', 14600000, 953, 1, '2020-04-02', 14600000),
('1014', 15070000, 960, 1, '2020-07-07', 15070000),
('719', 15883365, 963, 1, '2019-06-11', 15883365),
('792', 16295961, 966, 1, '2019-12-19', 16295961),
('783', 16546668, 967, 1, '2019-11-26', 16546668),
('797', 16546668, 968, 1, '2019-12-30', 16546668),
('826', 16546668, 969, 1, '2020-01-20', 16546668),
('843', 16546668, 970, 1, '2020-02-27', 16546668),
('617', 17308771, 975, 1, '2018-11-14', 17308771),
('849', 38690622, 980, 1, '2020-03-05', 38690622),
('862', 18403679, 981, 1, '2020-03-17', 18403679),
('854', 19479876, 992, 1, '2020-03-10', 19479876),
('824', 19801526, 994, 1, '2020-01-16', 19801526),
('627', 20448830, 998, 1, '2018-11-23', 20448830),
('769', 41324986, 999, 1, '2019-10-23', 0),
('696', 20866911, 1001, 1, '2019-04-11', 0),
('666', 21931438, 1004, 1, '2019-02-11', 0),
('839', 22966366, 1006, 1, '2020-02-18', 22966366),
('785', 23122676, 1007, 1, '2019-11-29', 23122676),
('901', 24485243, 1008, 1, '2020-04-21', 24485243),
('63', 24522914, 1012, 1, '2019-12-30', 1),
('668', 24798555, 1013, 1, '2019-02-25', 24798555),
('672', 24800328, 1014, 1, '2019-02-27', 24800328),
('805', 27910208, 1018, 1, '2020-01-03', 27910208),
('721', 28192864, 1020, 1, '2019-06-17', 0),
('639', 28415999, 1023, 1, '2018-12-07', 0),
('840', 28900015, 1024, 1, '2020-02-21', 28900015),
('551', 29399406, 1025, 1, '2018-05-04', 0),
('580', 29750000, 1026, 1, '2018-07-25', 3000000),
('590', 29750000, 1027, 1, '2018-09-07', 0),
('650', 29750000, 1031, 1, '2018-12-24', 0),
('850', 30228688, 1050, 1, '2020-03-06', 30228688),
('565', 35838469, 1051, 1, '2018-06-04', 35838469),
('578', 36716247, 1053, 1, '2018-07-25', 0),
('595', 36890762, 1054, 1, '2018-09-13', 0),
('652', 83613382, 1055, 1, '2019-01-02', 83613382),
('664', 54734339, 1061, 1, '2019-01-31', 0),
('613', 55517805, 1064, 1, '2018-10-26', 0),
('625', 55694608, 1065, 1, '2018-11-22', 0),
('648', 55730309, 1066, 1, '2018-12-21', 0),
('690', 55820664, 1067, 1, '2019-04-05', 0),
('531', 0, 1105, 1, '2018-02-22', 0),
('442', 13665740, 1305, 1, '2017-03-14', 899060),
('470', 3569500, 1307, 1, '2018-01-05', 584701),
('841', 6467000, 1312, 1, '2017-10-19', 6467000),
('859', 7208250, 1315, 1, NULL, 7208250),
('906', 2740750, 1319, 1, '2020-06-11', 2740750),
('421', 316094, 1323, 1, '2017-12-18', 316094),
('438', 12246119, 1327, 1, '2019-12-23', 0),
('806', 4356138, 1329, 1, '2019-02-22', 4356138),
('441', 26656011, 1330, 1, '2018-04-27', 33152),
('520', 27418917, 1334, 1, '2017-12-18', 0),
('467', 1915702, 1335, 1, '2018-04-27', 0),
('462', 7950000, 1338, 1, '2018-10-23', 0),
('482', 4051579, 1341, 1, '2020-05-15', 0),
('452', 12181803, 1342, 1, '2019-06-21', 0),
('457', 398846, 1343, 1, '2019-01-31', 0),
('706', 306670, 1345, 1, NULL, 0),
('711', 3150000, 1347, 1, '2019-12-23', 0),
('925', 4129836, 1349, 1, NULL, 4129836),
('800', 803198, 1358, 1, NULL, 803198),
('884', 423864, 1362, 1, '2018-10-23', 423864),
('727', 3542911, 1365, 1, '2020-03-03', 151996),
('846', 4478128, 1367, 1, '2018-08-24', 4478128),
('948', 8160000, 1371, 1, '2018-10-23', 8160000),
('874', 3552263, 1372, 1, '2018-09-04', 3552263),
('784', 4035115, 1373, 1, '2019-01-18', 4035115),
('465', 5200300, 1376, 1, '2019-06-21', 0),
('444', 2354788, 1378, 1, '2018-11-23', 0),
('439', 2560033, 1380, 1, '2020-03-03', 0),
('521', 10166442, 1384, 1, '2020-01-20', 0),
('453', 8064111, 1386, 1, '2020-01-30', 0),
('443', 396093, 1387, 1, '2019-02-22', 0),
('776', 1380313, 1388, 1, '2019-01-18', 250966),
('757', 1380313, 1389, 1, '2020-01-30', 1380313),
('748', 1300000, 1395, 1, '2019-04-11', 0),
('829', 27240888, 1400, 1, '2019-07-19', 27240888),
('746', 1979000, 1401, 1, '2019-07-19', 0),
('907', 860206, 1404, 1, '2020-03-03', 860206),
('881', 1356250, 1407, 1, NULL, 1356250),
('825', 3951500, 1410, 1, '2020-01-20', 3951500),
('845', 7781232, 1411, 1, '2020-03-03', 7781232),
('796', 1428524, 1417, 1, '2020-01-20', 1428524),
('552', 4321893, 1424, 1, '2020-04-24', 0),
('447', 4898316, 1425, 1, '2020-03-30', 0),
('658', 2813284, 1427, 1, '2020-06-24', 0),
('494', 3564719, 1429, 1, '2020-07-02', 0),
('468', 1118501, 1430, 1, '2020-07-02', 0),
('478', 10655452, 1434, 1, '2020-07-20', 0),
('464', 1064690, 1435, 1, '2020-06-24', 0),
('506', 18665962, 1439, 1, '2020-07-20', 0),
('473', 5067042, 1440, 1, '2020-07-20', 0),
('499', 9904178, 1441, 1, NULL, 0),
('487', 5318090, 1444, 1, '2020-03-27', 0),
('504', 2486077, 1445, 1, '2020-03-24', 0),
('475', 4480332, 1446, 1, NULL, 0),
('541', 2698665, 1449, 1, '2019-11-29', 0),
('515', 1012201, 1452, 1, '2020-03-24', 0),
('571', 2334955, 1458, 1, '2020-04-08', 0),
('508', 1466055, 1459, 1, '2020-01-09', 0),
('485', 1496970, 1461, 1, '2020-03-25', 0),
('495', 5320476, 1462, 1, '2020-03-27', 0),
('501', 4827348, 1464, 1, '2020-03-30', 0),
('523', 10431517, 1469, 1, NULL, 1876172),
('492', 16910791, 1471, 1, '2020-05-19', 0),
('582', 5032000, 1472, 1, NULL, 0),
('510', 639156, 1473, 1, NULL, 0),
('556', 10183299, 1476, 1, '2019-12-23', 5859550),
('630', 2634663, 1478, 1, NULL, 0),
('509', 4185721, 1479, 1, NULL, 0),
('557', 2137328, 1485, 1, '2020-03-31', 0),
('517', 30004543, 1487, 1, NULL, 0),
('536', 1213510, 1491, 1, '2020-05-28', 0),
('791', 125483, 1492, 1, '2020-06-16', 125483),
('667', 11563155, 1495, 1, '2020-06-26', 0),
('576', 5983001, 1505, 1, NULL, 0),
('725', 7785545, 1507, 1, '2020-06-19', 0),
('662', 13348899, 1508, 1, '2020-06-19', 0),
('583', 2021775, 1512, 1, '2020-07-01', 0),
('695', 6051869, 1515, 1, '2020-06-11', 0),
('708', 2204797, 1517, 1, '2020-06-17', 0),
('568', 1877253, 1520, 1, '2020-05-19', 0),
('815', 1650000, 1522, 1, '2020-05-12', 1650000),
('586', 736100, 1524, 1, '2020-05-12', 0),
('513', 4181938, 1528, 1, NULL, 0),
('527', 2851316, 1531, 1, '2020-04-08', 0),
('543', 1565226, 1532, 1, '2020-05-13', 0),
('643', 36269100, 1536, 1, '2020-03-31', 0),
('589', 1752219, 1538, 1, '2020-05-12', 0),
('655', 844922, 1540, 1, '2020-06-09', 0),
('605', 820440, 1542, 1, NULL, 0),
('681', 826973, 1548, 1, '2020-06-26', 0),
('628', 1700000, 1549, 1, NULL, 0),
('640', 1050000, 1562, 1, '2020-07-21', 1050000),
('692', 2757493, 1565, 1, NULL, 0),
('702', 436670, 1573, 1, NULL, 436670),
('981', 2820766, 1590, 1, NULL, 2820766),
('980', 11184396, 1591, 1, NULL, 11184396),
('979', 12926000, 1592, 1, NULL, 12926000),
('1009', 490568, 1593, 1, NULL, 490568),
('1007', 277116, 1594, 1, NULL, 277116),
('1022', 490568, 1595, 1, NULL, 490568),
('994', 7971730, 1596, 1, NULL, 7971730),
('1019', 1686000, 1597, 1, NULL, 1686000),
('1024', 830964, 1598, 1, NULL, 830964),
('984', 1593417, 1599, 1, NULL, 1593417),
('983', 6504180, 1600, 1, NULL, 6504180),
('982', 9522030, 1601, 1, NULL, 9522030),
('997', 4295298, 1602, 1, NULL, 4295298),
('996', 578528, 1603, 1, NULL, 578528),
('1023', 634802, 1604, 1, NULL, 634802),
('1018', 138558, 1605, 1, NULL, 138558),
('844', 231315, 1609, 1, NULL, 231315),
('856', 196548, 1610, 1, NULL, 196548),
('932', 3365682, 1613, 1, NULL, 3365682),
('871', 1451250, 1617, 1, NULL, 1451250),
('998', 3206250, 1619, 1, NULL, 3206250),
('875', 1293000, 1620, 1, NULL, 1293000),
('899', 1054800, 1622, 1, NULL, 1054800),
('852', 495310, 1623, 1, NULL, 495310),
('944', 6524860, 1624, 1, NULL, 6524860),
('940', 2333000, 1627, 1, NULL, 2333000),
('817', 757474, 1629, 1, NULL, 757474),
('946', 2485500, 1633, 1, NULL, 2485500),
('974', 875131, 1645, 1, NULL, 875131),
('973', 245316, 1646, 1, NULL, 245316),
('972', 731761, 1647, 1, NULL, 731761),
('1010', 731761, 1648, 1, NULL, 731761),
('1008', 759450, 1649, 1, NULL, 759450),
('1006', 1285170, 1650, 1, NULL, 1285170),
('1005', 731761, 1651, 1, NULL, 731761),
('993', 1285170, 1652, 1, NULL, 1285170),
('1004', 7928839, 1653, 1, NULL, 7928839),
('1003', 1518900, 1654, 1, NULL, 1518900),
('1002', 1216634, 1655, 1, NULL, 1216634),
('1001', 245316, 1656, 1, NULL, 245316),
('1000', 731761, 1657, 1, NULL, 731761),
('1021', 731761, 1658, 1, NULL, 731761),
('1020', 245316, 1659, 1, NULL, 245316),
('955', 735948, 1660, 1, NULL, 735948),
('956', 2135017, 1661, 1, NULL, 2135017),
('957', 731761, 1662, 1, NULL, 731761),
('958', 485180, 1663, 1, NULL, 485180),
('959', 274270, 1664, 1, NULL, 274270),
('960', 701628, 1665, 1, NULL, 701628),
('961', 2135017, 1666, 1, NULL, 2135017),
('962', 735948, 1667, 1, NULL, 735948),
('963', 1285170, 1668, 1, NULL, 1285170),
('970', 1285170, 1669, 1, NULL, 1285170),
('971', 799880, 1670, 1, NULL, 799880),
('978', 5031928, 1671, 1, NULL, 5031928),
('938', 4390566, 1672, 1, NULL, 4390566),
('926', 6425850, 1674, 1, NULL, 6425850),
('927', 2165150, 1675, 1, NULL, 2165150),
('928', 1455540, 1676, 1, NULL, 1455540),
('929', 822810, 1677, 1, NULL, 822810),
('930', 1285170, 1678, 1, NULL, 1285170),
('931', 1717212, 1679, 1, NULL, 1717212),
('968', 402453, 1683, 1, NULL, 402453),
('992', 1923990, 1687, 1, NULL, 1923990),
('1015', 8785800, 1689, 1, NULL, 8785800),
('1028', 763728, 1690, 1, NULL, 763728),
('1027', 2254360, 1691, 1, NULL, 2254360),
('1058', 4168750, 1692, 2, '2020-08-18', 0),
('1061', 9993250, 1693, 2, '2020-08-24', 0),
('1062', 38394026, 1694, 2, '2020-08-24', 0),
('1063', 5871250, 1695, 2, '2020-08-24', 0),
('1064', 23657752, 1696, 1, '2020-08-24', 0),
('1065', 6492500, 1697, 2, '2020-08-26', 0),
('1060', 3429610, 1698, 1, '2020-08-19', 0),
('1066', 2360464, 1699, 1, '2020-08-28', 0),
('1069', 3479875, 1700, 1, '2020-08-28', 0),
('1070', 2360400, 1701, 1, '2020-08-28', 0),
('1067', 381864, 1702, 1, '2020-08-28', 0),
('1071', 1018500, 1703, 1, '2020-08-28', 0),
('1068', 786800, 1704, 1, '2020-08-28', 0),
('1072', 5008431, 1705, 1, '2020-08-31', 0),
('1073', 1941000, 1706, 2, '2020-08-31', 0),
('1080', 763875, 1707, 1, '2020-09-02', 0),
('1078', 970360, 1708, 1, '2020-09-02', 0),
('1082', 149626, 1709, 1, '2020-09-02', 0),
('1083', 1197008, 1710, 1, '2020-09-02', 0),
('1087', 485180, 1711, 1, '2020-09-02', 0),
('1074', 341006, 1712, 1, '2020-09-02', 0),
('1075', 1433389, 1713, 1, '2020-09-02', 0),
('1076', 701628, 1714, 1, '2020-09-02', 0),
('1077', 245316, 1715, 1, '2020-09-02', 0),
('1090', 1358000, 1716, 1, '2020-09-02', 0),
('1081', 225436, 1717, 1, '2020-09-02', 0),
('1084', 901744, 1718, 1, '2020-09-02', 0),
('1085', 1686000, 1719, 1, '2020-09-02', 0),
('1086', 381864, 1720, 1, '2020-09-02', 0),
('1088', 763728, 1721, 1, '2020-09-02', 0),
('1089', 338154, 1722, 1, '2020-09-02', 0),
('1079', 254625, 1723, 1, '2020-09-02', 0),
('1091', 12247232, 1724, 2, '2020-09-03', 0),
('1092', 62092322, 1725, 2, '2020-09-07', 0),
('1093', 3771250, 1726, 2, '2020-09-08', 0),
('1094', 5693500, 1727, 2, '2020-09-08', 0),
('1095', 18778976, 1728, 2, '2020-09-14', 0),
('1096', 24085000, 1729, 2, '2020-09-14', 0),
('1097', 35290000, 1730, 1, '2020-09-17', 0),
('1098', 1725000, 1731, 2, '2020-09-22', 0),
('1099', 44185956, 1732, 2, '2020-09-22', 0),
('1100', 1582000, 1733, 2, '2020-09-22', 0),
('1101', 2159000, 1734, 1, '2020-09-22', 0),
('1102', 1000000, 1735, 1, '2020-09-22', 0),
('1103', 10387238, 1736, 1, '2020-09-22', 0),
('1104', 6001188, 1737, 2, '2020-09-28', 0),
('1105', 154214758, 1738, 2, '2020-09-28', 0),
('1107', 13961432, 1741, 1, '2020-09-28', 0),
('1108', 22417083, 1742, 1, '2020-09-28', 0),
('1109', 3569390, 1743, 1, '2020-09-28', 0),
('1110', 2292972, 1744, 1, '2020-09-28', 0),
('1106', 34828600, 1745, 2, '2020-09-28', 0),
('1114', 562728, 1746, 1, '2020-09-29', 0),
('1046', 1281980, 1748, 1, '2020-07-31', 0),
('1112', 293953, 1749, 1, '2020-09-29', 0),
('1047', 187494, 1750, 1, '2020-07-31', 0),
('1045', 1875600, 1751, 1, '2020-07-31', 0),
('1048', 130286, 1752, 1, '2020-07-31', 0),
('1111', 130286, 1753, 1, '2020-09-29', 0),
('1113', 175500, 1754, 1, '2020-09-29', 0),
('1115', 1392764, 1755, 2, '2020-10-06', 0),
('1116', 8880801, 1756, 2, '2020-10-06', 0),
('1117', 26055000, 1757, 2, '2020-10-06', 0),
('1118', 808430, 1758, 2, '2020-10-13', 0),
('1119', 376449, 1759, 1, '2020-10-13', 0),
('1120', 15475622, 1760, 1, '2020-10-13', 0),
('1121', 4511250, 1761, 2, '2020-10-19', 0),
('1122', 26400000, 1762, 2, '2020-10-19', 0),
('1123', 2190323, 1763, 2, '2020-10-19', 0),
('1124', 15070000, 1764, 1, '2020-10-19', 0),
('1125', 250966, 1765, 1, '2020-10-19', 0),
('1127', 4402500, 1766, 2, '2020-10-26', 0),
('1128', 66397453, 1769, 2, '2020-10-26', 0),
('1129', 31734945, 1770, 1, '2020-10-26', 0),
('1130', 26499910, 1771, 1, '2020-10-26', 0),
('1131', 4074000, 1772, 1, '2020-10-26', 0),
('1132', 591500, 1773, 1, '2020-10-26', 0),
('1133', 509250, 1774, 1, '2020-10-29', 0),
('1134', 415482, 1775, 1, '2020-10-29', 0),
('1135', 2191060, 1776, 1, '2020-10-29', 0),
('1136', 3360180, 1777, 1, '2020-10-29', 0),
('1137', 1866073, 1778, 1, '2020-10-29', 0),
('1138', 4328625, 1779, 1, '2020-10-29', 0),
('1139', 67351363, 1780, 2, '2020-10-30', 0),
('1140', 15032370, 1781, 2, '2020-10-30', 0),
('1142', 27346644, 1782, 1, '2020-10-30', 0),
('1143', 25239011, 1783, 2, '2020-11-09', 0),
('1144', 2575000, 1784, 1, '2020-11-09', 0),
('1145', 750966, 1785, 1, '2020-11-09', 0);

-- --------------------------------------------------------

--
-- Estructura de tabla para la tabla `informe_de_pago`
--

CREATE TABLE `informe_de_pago` (
  `ID_IP` int(11) NOT NULL,
  `CP` int(11) NOT NULL,
  `ID_TIPO` int(11) NOT NULL,
  `NRO_COTI` char(250) COLLATE utf8_spanish_ci DEFAULT NULL,
  `ESTADO` char(250) COLLATE utf8_spanish_ci DEFAULT NULL,
  `FECHAENVIOIP` date DEFAULT NULL,
  `NIP` varchar(200) COLLATE utf8_spanish_ci NOT NULL,
  `VALOR_IP` bigint(20) DEFAULT NULL,
  `VALOR_FACTURADO` bigint(20) NOT NULL
) ENGINE=InnoDB DEFAULT CHARSET=utf8 COLLATE=utf8_spanish_ci;

--
-- Volcado de datos para la tabla `informe_de_pago`
--

INSERT INTO `informe_de_pago` (`ID_IP`, `CP`, `ID_TIPO`, `NRO_COTI`, `ESTADO`, `FECHAENVIOIP`, `NIP`, `VALOR_IP`, `VALOR_FACTURADO`) VALUES
(1, 9, 1, 'Olitel_001012', 'Enviado', '2019-12-10', '1012', 24522914, 24522914),
(2, 10005, 1, 'Olitel_000724', 'Facturado', '2017-03-09', '724', 4915522, 4917423),
(3, 90156, 2, 'Olitel_001618', 'Facturado', '2017-08-17', '1618', 16910791, 16910791),
(4, 13, 1, 'Olitel_000827', 'Enviado', '2018-01-28', '827', 8047743, 8047743),
(5, 16, 1, 'Olitel_001107', 'Enviado', '2017-12-04', '1107', 730637, 0),
(6, 16, 1, 'Olitel_000310', 'Enviado', '2018-01-23', '310', 1655040, 1655040),
(7, 16, 1, 'Olitel_000311', 'Enviado', '2018-01-23', '311', 1655040, 1655040),
(8, 16, 1, 'Olitel_000367', 'Enviado', '2018-01-23', '367', 1854660, 1854660),
(9, 16, 1, 'Olitel_000423', 'Enviado', '2018-01-23', '423', 2142164, 2142164),
(10, 16, 1, 'Olitel_000435', 'Enviado', '2018-01-23', '435', 2321517, 2321517),
(11, 16, 1, 'Olitel_000483', 'Enviado', '2018-01-23', '483', 2599430, 2599430),
(12, 16, 1, 'Olitel_000499', 'Enviado', '2018-01-23', '499', 2771700, 2771700),
(13, 13, 1, 'Olitel_000841', 'Enviado', '2018-02-21', '841', 7998102, 8088627),
(14, 16, 1, 'Olitel_000352', 'Enviado', '2018-03-06', '352', 1760395, 1760395),
(15, 16, 1, 'Olitel_000357', 'Enviado', '2018-03-06', '357', 1788120, 1788120),
(16, 16, 1, 'Olitel_000368', 'Enviado', '2018-03-06', '368', 1854660, 1854660),
(17, 16, 1, 'Olitel_000417', 'Enviado', '2018-01-23', '417', 2075624, 2075624),
(18, 16, 1, 'Olitel_000432', 'Enviado', '2018-03-06', '432', 2300000, 2300000),
(19, 16, 1, 'Olitel_000440', 'Enviado', '2018-03-06', '440', 2365877, 2365877),
(20, 16, 1, 'Olitel_000450', 'Enviado', '2018-03-06', '450', 2474864, 2474864),
(21, 16, 1, 'Olitel_000453', 'Enviado', '2018-03-06', '453', 2485954, 0),
(22, 16, 1, 'Olitel_000520', 'Enviado', '2018-03-06', '520', 3060040, 3060040),
(23, 13, 1, 'Olitel_000842', 'Enviado', '2018-03-16', '842', 8090067, 8090067),
(24, 10, 1, 'Olitel_000898', 'Enviado', '2018-03-05', '898', 10239860, 10247384),
(27, 10, 1, 'Olitel_000909', 'Enviado', '2018-02-21', '909', 12943680, 10773307),
(28, 10, 1, 'Olitel_001114', 'Enviado', '2018-02-21', '1114', NULL, 0),
(29, 10, 1, 'Olitel_001121', 'Enviado', '2018-03-05', '1121', NULL, 0),
(30, 10001, 1, 'Olitel_000928', 'Enviado', '2018-02-21', '928', 14494225, 12944064),
(31, 10001, 1, 'Olitel_000962', 'Enviado', '2018-03-05', '962', 12934560, 15384847),
(32, 10001, 1, 'Olitel_001237', 'Enviado', '2018-01-18', '1237', 4389000, 0),
(33, 10001, 1, 'Olitel_001238', 'Enviado', '2018-02-21', '1238', NULL, 0),
(34, 10001, 1, 'Olitel_001248', 'Enviado', '2018-03-05', '1248', NULL, 0),
(35, 10005, 1, 'Olitel_000910', 'Facturado', '2018-03-05', '910', 13217503, 10786520),
(36, 10005, 1, 'Olitel_000951', 'Facturado', '2018-01-18', '951', 17373456, 14496904),
(37, 90130, 2, 'Olitel_001592', 'Facturado', '2018-02-10', '1592', 0, 0),
(38, 16, 1, 'Olitel_000312', 'Enviado', '2018-04-05', '312', 1655040, 1655040),
(39, 16, 1, 'Olitel_000388', 'Enviado', '2018-04-06', '388', 1998830, 1998830),
(41, 16, 1, 'Olitel_000356', 'Enviado', '2018-04-06', '356', 1777030, 1777030),
(42, 16, 1, 'Olitel_000438', 'Enviado', '2018-04-06', '438', 2341784, 2341784),
(56, 14, 1, 'Olitel_000502', 'Enviado', '2018-03-02', '502', 2809971, 2806881),
(59, 16, 1, 'Olitel_000447', 'Enviado', '2018-04-06', '447', 2443507, 2443507),
(60, 16, 1, 'Olitel_000517', 'Enviado', '2018-04-06', '517', 3004590, 3004590),
(61, 10001, 1, 'Olitel_000231', 'Enviado', '2018-03-16', '231', 1190700, 1190666),
(62, 10001, 1, 'Olitel_001249', 'Enviado', '2018-03-16', '1249', NULL, 0),
(63, 14, 1, 'Olitel_000317', 'Enviado', '2018-03-05', '317', 1667203, 1667203),
(64, 14, 1, 'Olitel_000489', 'Enviado', '2018-04-09', '489', 2640950, 2650785),
(65, 14, 1, 'Olitel_000286', 'Enviado', '2018-02-01', '286', 780000, 1560000),
(66, 14, 1, 'Olitel_001120', 'Enviado', '2018-03-01', '1120', 780000, 0),
(67, 16, 1, 'Olitel_000439', 'Enviado', '2018-04-05', '439', 2363964, 2363964),
(68, 16, 1, 'Olitel_000487', 'Enviado', '2018-04-05', '487', 2643790, 2643790),
(69, 16, 1, 'Olitel_000797', 'Enviado', '2018-03-15', '797', 2439877, 6931481),
(70, 16, 1, 'Olitel_000807', 'Enviado', '2018-03-02', '807', 2495327, 6986931),
(71, 16, 1, 'Olitel_000808', 'Enviado', '2018-01-10', '808', 2506417, 6998021),
(72, 16, 1, 'Olitel_000809', 'Enviado', '2018-04-11', '809', 2506417, 7097831),
(73, 16, 1, 'Olitel_001108', 'Enviado', '2018-01-10', '1108', 2495327, 0),
(74, 16, 1, 'Olitel_001110', 'Enviado', '2018-01-10', '1110', 1996277, 0),
(75, 16, 1, 'Olitel_001111', 'Enviado', '2018-03-02', '1111', 2495327, 0),
(76, 16, 1, 'Olitel_001113', 'Enviado', '2018-03-02', '1113', 1996277, 0),
(77, 16, 1, 'Olitel_001116', 'Enviado', '2018-03-15', '1116', 2495327, 0),
(78, 16, 1, 'Olitel_001117', 'Enviado', '2018-03-15', '1117', 1996277, 0),
(79, 16, 1, 'Olitel_001123', 'Enviado', '2018-04-11', '1123', 2595137, 0),
(80, 16, 1, 'Olitel_001124', 'Enviado', '2018-04-11', '1124', 1996277, 0),
(81, 10001, 1, 'Olitel_001025', 'Enviado', '2018-04-09', '1025', 19898000, 29399406),
(82, 10001, 1, 'Olitel_001251', 'Enviado', '2018-04-09', '1251', NULL, 0),
(83, 10001, 1, 'Olitel_000670', 'Enviado', '2018-03-15', '670', 1782200, 4458435),
(84, 10001, 1, 'Olitel_000671', 'Enviado', '2018-03-05', '671', 4422000, 4458435),
(85, 10001, 1, 'Olitel_000672', 'Enviado', '2018-03-05', '672', 4422000, 4458435),
(86, 90147, 1, 'Olitel_000664', 'Enviado', '2018-01-18', '664', 4389000, 4458435),
(87, 90147, 1, 'Olitel_000665', 'Enviado', '2018-03-05', '665', 4422000, 4458435),
(88, 90147, 1, 'Olitel_000667', 'Enviado', '2018-03-05', '667', 4422000, 4458435),
(89, 90176, 1, 'Olitel_000666', 'Enviado', '2018-01-18', '666', 4389000, 4458435),
(90, 90176, 1, 'Olitel_000668', 'Enviado', '2018-03-05', '668', 4422000, 4458435),
(91, 90176, 1, 'Olitel_000669', 'Enviado', '2018-03-05', '669', 4422000, 4458435),
(92, 13, 1, 'Olitel_001127', 'Enviado', '2018-04-02', '1127', NULL, 0),
(93, 14, 1, 'Olitel_000509', 'Enviado', '2018-04-02', '509', NULL, 0),
(94, 10, 1, 'Olitel_000893', 'Enviado', '2018-04-09', '893', 10221620, 9936907),
(95, 90153, 2, 'Olitel_001614', 'Facturado', '2017-07-14', '1614', 0, 0),
(96, 90162, 2, 'Olitel_001625', 'Facturado', '2017-03-08', '1625', 0, 0),
(97, 13, 1, 'Olitel_001134', 'Enviado', '2018-05-01', '1134', NULL, 0),
(98, 14, 1, 'Olitel_000662', 'Enviado', '2018-05-01', '662', 4446368, 446368),
(99, 13, 1, 'Olitel_000828', 'Enviado', '2018-04-17', '828', 9000000, 8084306),
(100, 16, 1, 'Olitel_000313', 'Enviado', '2018-05-09', '313', 1655040, 1655040),
(101, 16, 1, 'Olitel_000345', 'Enviado', '2018-05-09', '345', 1721580, 1721580),
(102, 16, 1, 'Olitel_000389', 'Enviado', '2018-05-09', '389', 1998830, 1998830),
(103, 16, 1, 'Olitel_000452', 'Enviado', '2018-05-09', '452', 2476777, 2476777),
(109, 16, 1, 'Olitel_000091', 'Enviado', '2018-05-10', '91', 333065, 333543),
(110, 16, 1, 'Olitel_000092', 'Enviado', '2018-05-10', '92', 333065, 333543),
(113, 16, 1, 'Olitel_000458', 'Enviado', '2018-05-09', '458', 2530314, 2530314),
(114, 16, 1, 'Olitel_000459', 'Enviado', '2018-05-09', '459', 2541404, 2541404),
(115, 16, 1, 'Olitel_000518', 'Enviado', '2018-05-09', '518', 3009760, 3009760),
(116, 16, 1, 'Olitel_000534', 'Enviado', '2018-05-09', '534', 3320840, 3320840),
(117, 14, 1, 'Olitel_000462', 'Enviado', '2018-05-16', '462', 2565000, 2565441),
(120, 16, 1, 'Olitel_000479', 'Enviado', '2018-05-10', '479', 2575000, 2575001),
(121, 10001, 1, 'Olitel_001252', 'Enviado', '2018-05-10', '1252', 24300000, 0),
(122, 13, 1, 'Olitel_000829', 'Enviado', '2018-05-07', '829', 8084306, 8084306),
(123, 16, 1, 'Olitel_000340', 'Enviado', '2018-05-29', '340', 1710490, 1710490),
(124, 16, 1, 'Olitel_000415', 'Enviado', '2018-05-29', '415', 2043190, 2043190),
(125, 16, 1, 'Olitel_000430', 'Enviado', '2018-05-29', '430', 2288247, 2288247),
(126, 16, 1, 'Olitel_000454', 'Enviado', '2018-05-29', '454', 2485954, 2485954),
(127, 16, 1, 'Olitel_000455', 'Enviado', '2018-05-29', '455', 2519224, 2519224),
(128, 16, 1, 'Olitel_000481', 'Enviado', '2018-05-29', '481', 2588340, 2588340),
(129, 16, 1, 'Olitel_000521', 'Enviado', '2018-05-29', '521', 3065770, 3065770),
(130, 16, 1, 'Olitel_000538', 'Enviado', '2018-05-29', '538', 3498610, 3498610),
(131, 10001, 1, 'Olitel_000543', 'Enviado', '2018-03-15', '543', 1031800, 3665913),
(132, 10001, 1, 'Olitel_000546', 'Enviado', '2018-03-15', '546', 938000, 3785483),
(133, 10001, 1, 'Olitel_000679', 'Enviado', '2018-05-29', '679', 4454000, 4483882),
(134, 10001, 1, 'Olitel_000680', 'Enviado', '2018-05-29', '680', 4454000, 4483882),
(135, 90147, 1, 'Olitel_000537', 'Enviado', '2018-03-15', '537', 562800, 3497428),
(136, 90147, 1, 'Olitel_000675', 'Enviado', '2018-05-29', '675', 4454000, 4483882),
(137, 90147, 1, 'Olitel_000676', 'Enviado', '2018-05-29', '676', 4454000, 4483882),
(138, 90147, 1, 'Olitel_001115', 'Enviado', '2018-03-15', '1115', 281400, 0),
(139, 90147, 1, 'Olitel_001122', 'Enviado', '2018-03-15', '1122', 562800, 0),
(144, 90176, 1, 'Olitel_001118', 'Enviado', '2018-03-15', '1118', 1876000, 0),
(145, 13, 1, 'Olitel_000199', 'Enviado', '2018-06-01', '199', 1000000, 1000000),
(147, 14, 1, 'Olitel_000291', 'Enviado', '2018-06-01', '291', 1616861, 161861),
(150, 10, 1, 'Olitel_001133', 'Enviado', '2018-05-23', '1133', 42547, 0),
(152, 90176, 1, 'Olitel_000677', 'Enviado', '2018-05-29', '677', 4454000, 4483882),
(153, 90176, 1, 'Olitel_000678', 'Enviado', '2018-05-29', '678', 4454000, 55265399),
(154, 90176, 1, 'Olitel_001109', 'Enviado', '2018-03-15', '1109', 2157400, 0),
(155, 90176, 1, 'Olitel_001112', 'Enviado', '2018-03-15', '1112', 2157400, 0),
(158, 13, 1, 'Olitel_000504', 'Enviado', '2018-06-01', '504', 2575000, 2829507),
(160, 10, 1, 'Olitel_000772', 'Enviado', '2018-06-01', '772', 5417370, 5423323),
(161, 10, 1, 'Olitel_000794', 'Enviado', '2018-05-10', '794', 6513222, 6513222),
(163, 10001, 1, 'Olitel_001255', 'Enviado', '2018-05-23', '1255', 3784244, 0),
(164, 10001, 1, 'Olitel_001268', 'Enviado', '2018-06-01', '1268', 34020000, 0),
(165, 10005, 1, 'Olitel_000824', 'Facturado', '2018-05-23', '824', 2688320, 7872881),
(166, 10005, 1, 'Olitel_001052', 'Facturado', '2018-06-01', '1052', 12400000, 36686304),
(167, 1, 1, 'Olitel_000211', 'Enviado', '2018-06-01', '211', 1060576, 1060576),
(168, 1, 1, 'Olitel_000225', 'Enviado', '2018-06-01', '225', 1152800, 1152800),
(169, 1, 1, 'Olitel_000226', 'Enviado', '2018-06-01', '226', 1152800, 1152800),
(170, 1, 1, 'Olitel_000270', 'Enviado', '2018-06-01', '270', 1429472, 1429472),
(171, 1, 1, 'Olitel_000271', 'Enviado', '2018-06-01', '271', 1429472, 1429472),
(172, 1, 1, 'Olitel_000272', 'Enviado', '2018-06-01', '272', 1429472, 1429472),
(173, 13, 1, 'Olitel_000830', 'Enviado', '2018-06-06', '830', 8084306, 8084306),
(174, 14, 1, 'Olitel_000464', 'Enviado', '2018-06-01', '464', 2575000, 2575000),
(175, 10, 1, 'Olitel_000719', 'Enviado', '2018-07-10', '719', 4895183, 4895183),
(176, 10001, 1, 'Olitel_001273', 'Enviado', '2018-07-10', '1273', 24390000, 0),
(177, 10005, 1, 'Olitel_001053', 'Facturado', '2018-07-10', '1053', 12195000, 36716247),
(178, 1, 1, 'Olitel_000252', 'Enviado', '2018-07-09', '252', 1429463, 1429470),
(179, 1, 1, 'Olitel_000253', 'Enviado', '2018-07-09', '253', 1429463, 1429470),
(180, 1, 1, 'Olitel_000254', 'Enviado', '2018-07-09', '254', 1429463, 1429470),
(181, 1, 1, 'Olitel_000255', 'Enviado', '2018-07-09', '255', 1429463, 1429470),
(182, 1, 1, 'Olitel_000256', 'Enviado', '2018-07-09', '256', 1429463, 1429470),
(183, 1, 1, 'Olitel_000257', 'Enviado', '2018-07-09', '257', 1429463, 1429470),
(184, 14, 1, 'Olitel_000463', 'Enviado', '2018-07-09', '463', 2575000, 2574999),
(185, 16, 1, 'Olitel_001026', 'Enviado', '2018-07-10', '1026', 29750000, 26750000),
(186, 13, 1, 'Olitel_000831', 'Enviado', '2018-07-09', '831', 8084306, 8084306),
(187, 10, 1, 'Olitel_000722', 'Enviado', '2018-07-31', '722', 4907336, 4907336),
(188, 13, 1, 'Olitel_000773', 'Enviado', '2018-07-09', '773', 1000000, 5446368),
(189, 13, 1, 'Olitel_000774', 'Enviado', '2018-07-31', '774', 1000000, 5446368),
(190, 13, 1, 'Olitel_001141', 'Enviado', '2018-07-09', '1141', 2829507, 0),
(191, 13, 1, 'Olitel_001154', 'Enviado', '2018-07-29', '1154', 2829507, 0),
(192, 14, 1, 'Olitel_001146', 'Enviado', '2018-07-09', '1146', 1616861, 0),
(193, 14, 1, 'Olitel_001159', 'Enviado', '2018-07-29', '1159', 1616861, 0),
(194, 16, 1, 'Olitel_000814', 'Enviado', '2018-05-09', '814', 2683857, 7308541),
(195, 16, 1, 'Olitel_001128', 'Enviado', '2018-05-09', '1128', 2628407, 0),
(196, 16, 1, 'Olitel_001129', 'Enviado', '2018-05-09', '1129', 1996277, 0),
(197, 16, 1, 'Olitel_000810', 'Enviado', '2018-06-18', '810', 2550777, 7097831),
(198, 16, 1, 'Olitel_000812', 'Enviado', '2018-07-10', '812', 2606227, 7197041),
(199, 16, 1, 'Olitel_001135', 'Enviado', '2018-06-18', '1135', 2550777, 0),
(200, 16, 1, 'Olitel_001137', 'Enviado', '2018-06-18', '1137', 1996277, 0),
(201, 16, 1, 'Olitel_001142', 'Enviado', '2018-07-10', '1142', 2561867, 0),
(202, 16, 1, 'Olitel_001143', 'Enviado', '2018-07-10', '1143', 2029547, 0),
(203, 13, 1, 'Olitel_000832', 'Enviado', '2018-09-04', '832', 8084306, 8084306),
(204, 16, 1, 'Olitel_001027', 'Enviado', '2018-07-31', '1027', 29750000, 29750000),
(205, 14, 1, 'Olitel_000153', 'Enviado', '2018-07-09', '153', 780000, 780000),
(206, 14, 1, 'Olitel_000154', 'Enviado', '2018-07-09', '154', 780000, 780000),
(207, 16, 1, 'Olitel_000825', 'Enviado', '2018-08-10', '825', 3005467, 7896311),
(208, 16, 1, 'Olitel_001153', 'Enviado', '2018-08-10', '1153', 2839117, 0),
(209, 16, 1, 'Olitel_001157', 'Enviado', '2018-08-10', '1157', 2051727, 0),
(210, 1, 1, 'Olitel_000912', 'Enviado', '2018-07-31', '912', 1152800, 10875160),
(211, 1, 1, 'Olitel_001160', 'Enviado', '2018-07-31', '1160', 1429463, 0),
(212, 1, 1, 'Olitel_001161', 'Enviado', '2018-07-31', '1161', 1429463, 0),
(213, 1, 1, 'Olitel_001162', 'Enviado', '2018-07-31', '1162', 1429463, 0),
(214, 1, 1, 'Olitel_001163', 'Enviado', '2018-07-31', '1163', 1429463, 0),
(215, 1, 1, 'Olitel_001164', 'Enviado', '2018-07-31', '1164', 1429463, 0),
(216, 14, 1, 'Olitel_001155', 'Enviado', '2018-07-31', '1155', 2575000, 0),
(217, 13, 1, 'Olitel_000775', 'Enviado', '2018-09-07', '775', 1000000, 5446368),
(218, 13, 1, 'Olitel_001171', 'Enviado', '2018-09-07', '1171', 2829507, 0),
(219, 14, 1, 'Olitel_001174', 'Enviado', '2018-09-07', '1174', 1616861, 0),
(220, 17, 1, 'Olitel_001054', 'Facturado', '2018-07-31', '1054', 36888305, 36890762),
(221, 10, 1, 'Olitel_000386', 'Enviado', '2018-06-21', '386', 1073000, 1977285),
(222, 10, 1, 'Olitel_000725', 'Enviado', '2018-09-07', '725', 4914000, 4922701),
(223, 10, 1, 'Olitel_001126', 'Enviado', '2018-04-22', '1126', 1015560, 0),
(224, 10, 1, 'Olitel_001147', 'Enviado', '2018-07-23', '1147', 963690, 0),
(225, 10001, 1, 'Olitel_001270', 'Enviado', '2018-06-21', '1270', 1386000, 0),
(226, 10001, 1, 'Olitel_001275', 'Enviado', '2018-07-23', '1275', 2904720, 0),
(227, 10005, 1, 'Olitel_000926', 'Facturado', '2018-04-22', '926', 1299000, 12358441),
(228, 10005, 1, 'Olitel_001136', 'Facturado', '2018-06-21', '1136', 2229000, 0),
(229, 10005, 1, 'Olitel_001140', 'Facturado', '2018-07-25', '1140', 3063060, 0),
(230, 13, 1, 'Olitel_000833', 'Enviado', '2018-09-02', '833', 8084306, 8084306),
(231, 10, 1, 'Olitel_000736', 'Enviado', '2018-03-16', '736', 798000, 5022705),
(232, 10001, 1, 'Olitel_001250', 'Enviado', '2018-04-22', '1250', 2699000, 0),
(233, 10005, 1, 'Olitel_001119', 'Facturado', '2018-03-16', '1119', 1466100, 0),
(234, 10001, 1, 'Olitel_001271', 'Enviado', '2018-08-17', '1271', 461370, 0),
(235, 90176, 1, 'Olitel_000215', 'Enviado', '2018-08-17', '215', 630000, 1094152),
(236, 10, 1, 'Olitel_000210', 'Enviado', '2018-09-14', '210', 1056510, 1059086),
(237, 17, 1, 'Olitel_000692', 'Facturado', '2018-09-14', '692', 4500000, 4525219),
(238, 10001, 1, 'Olitel_001282', 'Enviado', '2018-09-07', '1282', 36855000, 0),
(239, 10005, 1, 'Olitel_001063', 'Facturado', '2018-09-07', '1063', 18427500, 55469550),
(240, 10001, 1, 'Olitel_001256', 'Enviado', '2018-08-17', '1256', 566083, 0),
(241, 10001, 1, 'Olitel_001276', 'Enviado', '2018-08-17', '1276', 445756, 0),
(242, 90147, 1, 'Olitel_000434', 'Enviado', '2018-08-17', '434', 708287, 708287),
(243, 90147, 1, 'Olitel_000508', 'Enviado', '2018-08-17', '508', 757512, 2859763),
(244, 90176, 1, 'Olitel_001131', 'Enviado', '2018-08-17', '1131', 1039186, 0),
(245, 90176, 1, 'Olitel_001145', 'Enviado', '2018-08-17', '1145', 1651759, 0),
(246, 13, 1, 'Olitel_000786', 'Enviado', '2018-10-01', '786', 5812591, 5812591),
(247, 13, 1, 'Olitel_001194', 'Enviado', '2018-10-05', '1194', NULL, 0),
(248, 14, 1, 'Olitel_000155', 'Enviado', '2018-07-09', '155', 780000, 780000),
(249, 14, 1, 'Olitel_000156', 'Enviado', '2018-07-09', '156', 780000, 780000),
(250, 14, 1, 'Olitel_000157', 'Enviado', '2018-07-09', '157', 780000, 780000),
(251, 14, 1, 'Olitel_000158', 'Enviado', '2018-09-07', '158', 780000, 780000),
(252, 14, 1, 'Olitel_000159', 'Enviado', '2018-10-09', '159', 780000, 780000),
(253, 14, 1, 'Olitel_001195', 'Enviado', '2018-10-01', '1195', NULL, 0),
(254, 16, 1, 'Olitel_001028', 'Enviado', '2018-09-07', '1028', 29750000, 29750000),
(255, 10001, 1, 'Olitel_000536', 'Enviado', '2018-08-17', '536', 670002, 3428773),
(256, 10001, 1, 'Olitel_000688', 'Enviado', '2018-09-07', '688', 4454000, 4522363),
(257, 10001, 1, 'Olitel_000689', 'Enviado', '2018-09-11', '689', 4454000, 4522363),
(258, 90147, 1, 'Olitel_000684', 'Enviado', '2018-07-19', '684', 4454000, 4522363),
(259, 90147, 1, 'Olitel_000685', 'Enviado', '2018-07-19', '685', 4454000, 4522363),
(260, 90147, 1, 'Olitel_000686', 'Enviado', '2018-09-07', '686', 4454000, 4522363),
(261, 90147, 1, 'Olitel_000687', 'Enviado', '2018-09-11', '687', 4454000, 4522363),
(262, 90147, 1, 'Olitel_001132', 'Enviado', '2018-08-17', '1132', 1055594, 0),
(263, 90176, 1, 'Olitel_000690', 'Enviado', '2018-09-11', '690', 4454000, 4522363),
(264, 90176, 1, 'Olitel_001125', 'Enviado', '2018-08-17', '1125', 1695514, 0),
(265, 10001, 1, 'Olitel_000695', 'Enviado', '2018-07-19', '695', 4454000, 4552800),
(266, 10001, 1, 'Olitel_000696', 'Enviado', '2018-07-19', '696', 4454000, 4552800),
(267, 90176, 1, 'Olitel_000691', 'Enviado', '2018-09-07', '691', 4454000, 4522800),
(268, 90176, 1, 'Olitel_000693', 'Enviado', '2018-07-19', '693', 4454000, 4522800),
(269, 90176, 1, 'Olitel_000694', 'Enviado', '2018-07-19', '694', 4454000, 4552800),
(270, 16, 1, 'Olitel_000813', 'Enviado', '2018-09-07', '813', 2839117, 7297451),
(271, 16, 1, 'Olitel_001172', 'Enviado', '2018-09-07', '1172', 2462057, 0),
(272, 16, 1, 'Olitel_001173', 'Enviado', '2018-09-07', '1173', 1996277, 0),
(273, 1, 1, 'Olitel_000246', 'Enviado', '2018-09-07', '246', 1429463, 1429463),
(274, 1, 1, 'Olitel_000247', 'Enviado', '2018-09-07', '247', 1429463, 1429463),
(275, 1, 1, 'Olitel_000248', 'Enviado', '2018-09-07', '248', 1429463, 1429463),
(276, 1, 1, 'Olitel_000285', 'Enviado', '2018-09-07', '285', 1534176, 1534176),
(277, 1, 1, 'Olitel_000309', 'Enviado', '2018-09-07', '309', 1651968, 1651968),
(278, 1, 1, 'Olitel_000341', 'Enviado', '2018-09-07', '341', 1710864, 1710864),
(283, 16, 1, 'Olitel_000818', 'Enviado', '2018-10-12', '818', 2761487, 7508161),
(285, 16, 1, 'Olitel_001182', 'Enviado', '2018-10-12', '1182', 2750397, 0),
(311, 14, 1, 'Olitel_000465', 'Enviado', '2018-09-07', '465', 2575000, 2575000),
(312, 10, 1, 'Olitel_000726', 'Enviado', '2018-10-10', '726', 4933964, 4933964),
(313, 10001, 1, 'Olitel_001288', 'Enviado', '2018-10-10', '1288', 36855000, 0),
(314, 10005, 1, 'Olitel_001064', 'Facturado', '2018-10-10', '1064', 18427400, 55517805),
(316, 16, 1, 'Olitel_001029', 'Enviado', '2018-10-01', '1029', 29750000, 29750000),
(318, 16, 1, 'Olitel_001184', 'Enviado', '2018-10-12', '1184', 1996277, 0),
(327, 1, 1, 'Olitel_000863', 'Enviado', '2018-10-05', '863', 1429463, 9557428),
(328, 1, 1, 'Olitel_001183', 'Enviado', '2018-10-05', '1183', 2129966, 0),
(329, 1, 1, 'Olitel_001185', 'Enviado', '2018-10-05', '1185', 1651966, 0),
(330, 1, 1, 'Olitel_001186', 'Enviado', '2018-10-05', '1186', 1521086, 0),
(331, 1, 1, 'Olitel_001187', 'Enviado', '2018-10-05', '1187', 1429463, 0),
(332, 1, 1, 'Olitel_001188', 'Enviado', '2018-10-05', '1188', 1429463, 0),
(333, 13, 1, 'Olitel_000834', 'Enviado', '2018-09-26', '834', 8084306, 8084306),
(334, 90147, 1, 'Olitel_001139', 'Enviado', '2018-05-10', '1139', 7411500, 0),
(335, 10, 1, 'Olitel_000728', 'Enviado', '2018-11-07', '728', 4941000, 4949314),
(336, 1, 1, 'Olitel_000846', 'Enviado', '2018-11-06', '846', 1504672, 8868232),
(337, 1, 1, 'Olitel_001204', 'Enviado', '2018-11-06', '1204', 1504672, 0),
(338, 1, 1, 'Olitel_001205', 'Enviado', '2018-11-06', '1205', 1504672, 0),
(339, 1, 1, 'Olitel_001206', 'Enviado', '2018-11-06', '1206', 1429463, 0),
(341, 1, 1, 'Olitel_001208', 'Enviado', '2018-11-06', '1208', 1429463, 0),
(342, 10001, 1, 'Olitel_001293', 'Enviado', '2018-10-25', '1293', 326000, 0),
(343, 10005, 1, 'Olitel_000274', 'Facturado', '2018-10-25', '274', 1128880, 1460048),
(344, 14, 1, 'Olitel_000160', 'Enviado', '2018-11-09', '160', 780000, 780000),
(345, 14, 1, 'Olitel_000292', 'Enviado', '2018-11-06', '292', 1616861, 1616861),
(346, 10001, 1, 'Olitel_001294', 'Enviado', '2018-11-07', '1294', 37057700, 0),
(348, 1, 1, 'Olitel_000206', 'Enviado', '2018-11-12', '206', 1032002, 1032002),
(350, 1, 1, 'Olitel_001207', 'Enviado', '2018-11-06', '1207', 1429463, 0),
(357, 10005, 1, 'Olitel_001065', 'Facturado', '2018-11-07', '1065', 18528750, 55694608),
(359, 90147, 1, 'Olitel_001144', 'Enviado', '2018-04-22', '1144', NULL, 0),
(360, 16, 1, 'Olitel_000815', 'Enviado', '2018-11-08', '815', 2816937, 7363991),
(361, 16, 1, 'Olitel_001030', 'Enviado', '2018-11-06', '1030', 29750000, 29750000),
(362, 16, 1, 'Olitel_001201', 'Enviado', '2018-11-08', '1201', 2550777, 0),
(363, 16, 1, 'Olitel_001202', 'Enviado', '2018-11-08', '1202', 1996277, 0),
(364, 5, 1, 'Olitel_000811', 'Enviado', '2018-10-02', '811', 7192137, 7192137),
(365, 10001, 1, 'Olitel_001267', 'Enviado', '2018-05-10', '1267', NULL, 0),
(366, 10001, 1, 'Olitel_001272', 'Enviado', '2018-06-01', '1272', NULL, 0),
(367, 10001, 1, 'Olitel_001277', 'Enviado', '2018-07-10', '1277', NULL, 0),
(368, 90224, 1, 'Olitel_000908', 'Facturado', '2018-05-10', '908', 10695227, 10731630),
(369, 90224, 1, 'Olitel_000958', 'Facturado', '2018-06-01', '958', 14813334, 14863754),
(370, 90224, 1, 'Olitel_000959', 'Facturado', '2018-07-10', '959', 14813334, 14863754),
(371, 13, 1, 'Olitel_000561', 'Enviado', '2018-11-06', '561', 1016350, 3845857),
(372, 13, 1, 'Olitel_001199', 'Enviado', '2018-11-06', '1199', 2829507, 0),
(373, 13, 1, 'Olitel_000835', 'Enviado', '2018-11-07', '835', 8084306, 8084306),
(374, 7, 1, 'Olitel_000944', 'Enviado', '2018-12-04', '944', 13795000, 0),
(375, 5, 1, 'Olitel_001023', 'Enviado', '2018-11-07', '1023', 28369207, 28415999),
(376, 5, 1, 'Olitel_000870', 'Enviado', '2018-11-07', '870', 9648027, 9648027),
(377, 7, 1, 'Olitel_000532', 'Enviado', '2018-10-01', '532', 3228030, 3228030),
(378, 7, 1, 'Olitel_000943', 'Enviado', '2018-11-07', '943', 13795000, 13795000),
(379, 13, 1, 'Olitel_000562', 'Enviado', '2018-12-04', '562', 3853675, 3853675),
(380, 13, 1, 'Olitel_001223', 'Enviado', '2018-12-04', '1223', NULL, 0),
(381, 14, 1, 'Olitel_000161', 'Enviado', '2018-12-04', '161', 780000, 780000),
(382, 10001, 1, 'Olitel_001269', 'Enviado', '2018-06-01', '1269', 3403533, 0),
(383, 10003, 1, 'Olitel_000768', 'Facturado', '2018-06-01', '768', 1458382, 5308895),
(384, 90224, 1, 'Olitel_001138', 'Facturado', '2018-06-01', '1138', 32964, 0),
(385, 16, 1, 'Olitel_000820', 'Enviado', '2018-12-04', '820', 2672767, 7563611),
(386, 16, 1, 'Olitel_001215', 'Enviado', '2018-12-04', '1215', 2894567, 0),
(387, 16, 1, 'Olitel_001216', 'Enviado', '2018-12-04', '1216', 1996277, 0),
(388, 10001, 1, 'Olitel_001299', 'Enviado', '2018-12-04', '1299', 37125000, 0),
(389, 10005, 1, 'Olitel_001066', 'Facturado', '2018-12-04', '1066', 18572000, 55730309),
(390, 1, 1, 'Olitel_000862', 'Enviado', '2018-12-07', '862', 1429463, 9552643),
(391, 1, 1, 'Olitel_001217', 'Enviado', '2018-12-07', '1217', 1769778, 0),
(392, 1, 1, 'Olitel_001218', 'Enviado', '2018-12-07', '1218', 1627950, 0),
(393, 1, 1, 'Olitel_001219', 'Enviado', '2018-12-07', '1219', 1617470, 0),
(394, 1, 1, 'Olitel_001220', 'Enviado', '2018-12-07', '1220', 1594670, 0),
(395, 1, 1, 'Olitel_001221', 'Enviado', '2018-12-07', '1221', 1513305, 0),
(396, 16, 1, 'Olitel_001031', 'Enviado', '2018-12-04', '1031', 29750000, 29750000),
(397, 10001, 1, 'Olitel_001253', 'Enviado', '2018-05-10', '1253', 5914840, 0),
(398, 10001, 1, 'Olitel_001274', 'Enviado', '2018-07-10', '1274', 3106950, 0),
(399, 10001, 1, 'Olitel_001278', 'Enviado', '2018-07-19', '1278', 9690000, 0),
(400, 10001, 1, 'Olitel_001279', 'Enviado', '2018-12-07', '1279', 1168750, 0),
(401, 10001, 1, 'Olitel_001280', 'Enviado', '2018-07-19', '1280', 1017500, 0),
(402, 10001, 1, 'Olitel_001287', 'Enviado', '2018-12-07', '1287', 1133000, 0),
(403, 10001, 1, 'Olitel_001289', 'Enviado', '2018-10-11', '1289', 9828000, 0),
(404, 10001, 1, 'Olitel_001290', 'Enviado', '2018-11-05', '1290', 1652189, 0),
(405, 10001, 1, 'Olitel_001291', 'Enviado', '2018-12-07', '1291', 1028500, 0),
(406, 10001, 1, 'Olitel_001295', 'Enviado', '2018-11-07', '1295', 9882000, 0),
(407, 10001, 1, 'Olitel_001298', 'Enviado', '2018-11-20', '1298', 733700, 0),
(408, 10001, 1, 'Olitel_001301', 'Enviado', '2018-12-04', '1301', 9900000, 0),
(409, 90147, 1, 'Olitel_000456', 'Enviado', '2018-12-07', '456', 1311750, 2519513),
(410, 90147, 1, 'Olitel_000515', 'Enviado', '2018-12-07', '515', 814000, 2971592),
(411, 90147, 1, 'Olitel_000530', 'Enviado', '2018-12-07', '530', 918500, 3214171),
(412, 90147, 1, 'Olitel_001149', 'Enviado', '2018-11-05', '1149', 345807, 0),
(413, 90147, 1, 'Olitel_001150', 'Enviado', '2018-05-10', '1150', 537588, 0),
(414, 90147, 1, 'Olitel_001151', 'Enviado', '2018-11-20', '1151', 770000, 0),
(415, 90147, 1, 'Olitel_001158', 'Enviado', '2018-04-22', '1158', 1166550, 0),
(416, 90147, 1, 'Olitel_001167', 'Enviado', '2018-07-10', '1167', 1746543, 0),
(417, 90147, 1, 'Olitel_001170', 'Enviado', '2018-07-19', '1170', 1947000, 0),
(418, 90147, 1, 'Olitel_001176', 'Enviado', '2018-10-11', '1176', 14742000, 0),
(419, 90147, 1, 'Olitel_001177', 'Enviado', '2018-11-07', '1177', 14823000, 0),
(420, 90147, 1, 'Olitel_001179', 'Enviado', '2018-07-19', '1179', 14850000, 0),
(421, 90147, 1, 'Olitel_001181', 'Enviado', '2018-12-04', '1181', 14850000, 0),
(422, 90176, 1, 'Olitel_001165', 'Enviado', '2018-12-07', '1165', 1122000, 0),
(423, 90176, 1, 'Olitel_001175', 'Enviado', '2018-12-07', '1175', 1017500, 0),
(424, 90176, 1, 'Olitel_001190', 'Enviado', '2018-12-07', '1190', 1271360, 0),
(425, 90224, 1, 'Olitel_001148', 'Facturado', '2018-07-10', '1148', 115500, 0),
(426, 90224, 1, 'Olitel_001152', 'Facturado', '2018-07-19', '1152', 3915000, 0),
(427, 90224, 1, 'Olitel_001166', 'Facturado', '2018-07-19', '1166', 115500, 0),
(428, 90224, 1, 'Olitel_001180', 'Facturado', '2018-10-11', '1180', 4914000, 0),
(431, 90224, 1, 'Olitel_001210', 'Facturado', '2018-11-20', '1210', 198000, 0),
(432, 90224, 1, 'Olitel_001213', 'Facturado', '2018-12-04', '1213', 4950000, 0),
(442, 90224, 1, 'Olitel_001193', 'Facturado', '2018-11-05', '1193', 164670, 0),
(443, 90224, 1, 'Olitel_001198', 'Facturado', '2018-11-07', '1198', 4941000, 0),
(446, 10001, 1, 'Olitel_001283', 'Enviado', '2018-09-07', '1283', 9844920, 0),
(447, 10001, 1, 'Olitel_001286', 'Enviado', '2018-10-18', '1286', 1177000, 0),
(448, 10001, 1, 'Olitel_001306', 'Enviado', '2018-12-11', '1306', 9900000, 0),
(449, 90147, 1, 'Olitel_001189', 'Enviado', '2018-10-18', '1189', 984000, 0),
(450, 90147, 1, 'Olitel_001192', 'Enviado', '2018-09-07', '1192', 14767380, 0),
(451, 90147, 1, 'Olitel_001196', 'Enviado', '2018-12-11', '1196', 14850000, 0),
(452, 90224, 1, 'Olitel_001169', 'Facturado', '2018-09-07', '1169', 4922460, 0),
(453, 90224, 1, 'Olitel_001178', 'Facturado', '2018-10-18', '1178', 462000, 0),
(454, 90224, 1, 'Olitel_001236', 'Facturado', '2018-12-11', '1236', 4950000, 0),
(455, 10001, 1, 'Olitel_001302', 'Enviado', '2018-12-20', '1302', 7559750, 0),
(456, 10005, 1, 'Olitel_000798', 'Facturado', '2018-12-20', '798', 4419250, 6941066),
(457, 90147, 1, 'Olitel_000110', 'Enviado', '2018-12-20', '110', 470240, 471375),
(458, 90147, 1, 'Olitel_000845', 'Enviado', '2018-12-04', '845', 8761500, 8782461),
(459, 7, 1, 'Olitel_000945', 'Enviado', '2019-01-02', '945', 13795000, 13795000),
(460, 14, 1, 'Olitel_000293', 'Enviado', '2018-12-04', '293', 1616861, 1616861),
(461, 14, 1, 'Olitel_000294', 'Enviado', '2019-01-09', '294', 1616861, 1616861),
(462, 5, 1, 'Olitel_000866', 'Enviado', '2018-12-04', '866', 9625000, 9645223),
(463, 5, 1, 'Olitel_001021', 'Enviado', '2018-12-04', '1021', 28415999, 28380702),
(464, 13, 1, 'Olitel_000836', 'Enviado', '2018-12-31', '836', 8084306, 8084306),
(465, 14, 1, 'Olitel_000162', 'Enviado', '2019-01-02', '162', 780000, 780000),
(466, 14, 1, 'Olitel_000764', 'Enviado', '2018-10-01', '764', 2829507, 5150000),
(467, 14, 1, 'Olitel_000765', 'Enviado', '2018-12-04', '765', 2575000, 5150000),
(468, 14, 1, 'Olitel_001200', 'Enviado', '2018-11-06', '1200', 2650000, 0),
(469, 14, 1, 'Olitel_001232', 'Enviado', '2019-01-02', '1232', 2575000, 0),
(470, 16, 1, 'Olitel_000816', 'Enviado', '2019-01-07', '816', 2617317, 7386171),
(471, 16, 1, 'Olitel_001032', 'Enviado', '2019-01-02', '1032', 29750000, 29750000),
(472, 16, 1, 'Olitel_001224', 'Enviado', '2019-01-07', '1224', 2772577, 0),
(473, 16, 1, 'Olitel_001225', 'Enviado', '2019-01-07', '1225', 1996277, 0),
(474, 10, 1, 'Olitel_000216', 'Enviado', '2019-01-16', '216', 1124104, 1124104),
(475, 10, 1, 'Olitel_000891', 'Enviado', '2019-01-02', '891', 9900000, 9918562),
(476, 1, 1, 'Olitel_000875', 'Enviado', '2019-01-02', '875', 1429472, 9805356),
(477, 1, 1, 'Olitel_001227', 'Enviado', '2019-01-02', '1227', 1771712, 0),
(478, 1, 1, 'Olitel_001228', 'Enviado', '2019-01-02', '1228', 1615792, 0),
(479, 1, 1, 'Olitel_001229', 'Enviado', '2019-01-02', '1229', 1531948, 0),
(480, 1, 1, 'Olitel_001230', 'Enviado', '2019-01-02', '1230', 1712896, 0),
(481, 1, 1, 'Olitel_001231', 'Enviado', '2019-01-02', '1231', 1743536, 0),
(482, 5, 1, 'Olitel_000547', 'Enviado', '2019-01-18', '547', 3799161, 3799161),
(483, 5, 1, 'Olitel_001022', 'Enviado', '2019-01-18', '1022', 28390169, 28390169),
(484, 15, 1, 'Olitel_000146', 'Enviado', '2019-01-22', '146', 736100, 736100),
(485, 10001, 1, 'Olitel_001061', 'Enviado', '2019-01-02', '1061', 36080000, 54734339),
(486, 10005, 1, 'Olitel_001235', 'Facturado', '2019-01-02', '1235', 18562500, 0),
(487, 7, 1, 'Olitel_000946', 'Enviado', '2019-01-30', '946', 13795000, 13795000),
(488, 13, 1, 'Olitel_000548', 'Enviado', '2019-01-02', '548', 2829507, 3829507),
(489, 13, 1, 'Olitel_001226', 'Enviado', '2019-01-02', '1226', 1000000, 0),
(490, 10001, 1, 'Olitel_001284', 'Enviado', '2018-10-24', '1284', 4945700, 0),
(491, 10001, 1, 'Olitel_001296', 'Enviado', '2018-11-19', '1296', 5487403, 0),
(492, 10005, 1, 'Olitel_001004', 'Facturado', '2018-10-24', '1004', 3794900, 21931438),
(496, 10005, 1, 'Olitel_001197', 'Facturado', '2018-11-19', '1197', 4956807, 0),
(497, 10005, 1, 'Olitel_001233', 'Facturado', '2019-01-16', '1233', 2458500, 0),
(498, 10003, 1, 'Olitel_001209', 'Facturado', '2018-06-01', '1209', NULL, 0),
(499, 5, 1, 'Olitel_000864', 'Enviado', '2019-01-18', '864', 9643883, 9643883),
(500, 5, 1, 'Olitel_000865', 'Enviado', '2019-02-05', '865', 9643883, 9643883),
(501, 16, 1, 'Olitel_000817', 'Enviado', '2019-02-07', '817', 2717127, 7452711),
(502, 16, 1, 'Olitel_001033', 'Enviado', '2019-01-30', '1033', 29750000, 29750000),
(503, 16, 1, 'Olitel_001245', 'Enviado', '2019-02-07', '1245', 1996277, 0),
(504, 16, 1, 'Olitel_001246', 'Enviado', '2019-02-07', '1246', 2739307, 0),
(505, 90147, 1, 'Olitel_001211', 'Enviado', '2018-07-10', '1211', NULL, 0),
(506, 10, 1, 'Olitel_000892', 'Enviado', '2019-01-30', '892', 9900000, 9920131),
(507, 10001, 1, 'Olitel_001303', 'Enviado', '2018-12-20', '1303', 1545500, 0),
(508, 10001, 1, 'Olitel_001305', 'Enviado', '2019-01-18', '1305', 1881000, 0),
(509, 90147, 1, 'Olitel_001212', 'Enviado', '2018-12-20', '1212', 2211000, 0),
(510, 90147, 1, 'Olitel_001214', 'Enviado', '2019-01-18', '1214', 5406500, 0),
(511, 90224, 1, 'Olitel_001222', 'Facturado', '2018-12-20', '1222', 1215500, 0),
(512, 90224, 1, 'Olitel_001234', 'Facturado', '2019-01-18', '1234', 2524500, 0),
(513, 13, 1, 'Olitel_000549', 'Enviado', '2019-01-30', '549', 1000000, 3829507),
(514, 13, 1, 'Olitel_001247', 'Enviado', '2019-01-30', '1247', 2829507, 0),
(515, 1, 1, 'Olitel_000894', 'Enviado', '2019-01-30', '894', 1429472, 9950488),
(516, 1, 1, 'Olitel_001239', 'Enviado', '2019-01-30', '1239', 1544834, 0),
(517, 1, 1, 'Olitel_001240', 'Enviado', '2019-01-30', '1240', 1671688, 0),
(518, 1, 1, 'Olitel_001242', 'Enviado', '2019-01-30', '1242', 1748486, 0),
(519, 1, 1, 'Olitel_001243', 'Enviado', '2019-01-30', '1243', 1755532, 0),
(520, 1, 1, 'Olitel_001244', 'Enviado', '2019-01-30', '1244', 1800476, 0),
(521, 14, 1, 'Olitel_000497', 'Enviado', '2019-01-30', '497', 2705410, 2705410),
(522, 5, 1, 'Olitel_000428', 'Enviado', '2018-10-02', '428', 2234192, 2260231),
(523, 10001, 1, 'Olitel_001015', 'Enviado', '2019-01-16', '1015', 12430000, 26094640),
(524, 10001, 1, 'Olitel_001307', 'Enviado', '2019-02-19', '1307', 13585000, 0),
(525, 10001, 1, 'Olitel_001309', 'Enviado', '2019-01-30', '1309', 37125000, 0),
(526, 10005, 1, 'Olitel_001062', 'Facturado', '2019-01-30', '1062', 18012500, 55265399),
(527, 13, 1, 'Olitel_000874', 'Enviado', '2019-02-05', '874', 8084306, 9784306),
(528, 15, 1, 'Olitel_001241', 'Enviado', '2019-01-30', '1241', 1700000, 0),
(529, 10005, 1, 'Olitel_000788', 'Facturado', '2019-02-19', '788', 6050000, 6069980),
(530, 13, 1, 'Olitel_000550', 'Enviado', '2019-03-01', '550', 1000000, 3829507),
(531, 13, 1, 'Olitel_001266', 'Enviado', '2019-03-01', '1266', 2829507, 0),
(532, 5, 1, 'Olitel_000925', 'Enviado', '2019-02-05', '925', 12323609, 12323609),
(533, 5, 1, 'Olitel_000987', 'Enviado', '2019-02-05', '987', 18889977, 18889977),
(534, 13, 1, 'Olitel_000837', 'Enviado', '2019-03-01', '837', 8084306, 8084306),
(535, 5, 1, 'Olitel_000867', 'Enviado', '2019-03-01', '867', 9625000, 9648016),
(536, 1, 1, 'Olitel_000913', 'Enviado', '2019-03-01', '913', 1429456, 11048903),
(537, 1, 1, 'Olitel_001257', 'Enviado', '2019-03-01', '1257', 1687966, 0),
(538, 1, 1, 'Olitel_001258', 'Enviado', '2019-03-01', '1258', 1809920, 0),
(539, 1, 1, 'Olitel_001259', 'Enviado', '2019-03-01', '1259', 1894984, 0),
(540, 1, 1, 'Olitel_001260', 'Enviado', '2019-03-01', '1260', 1951166, 0),
(541, 1, 1, 'Olitel_001261', 'Enviado', '2019-03-01', '1261', 2275411, 0),
(542, 14, 1, 'Olitel_000295', 'Enviado', '2019-01-30', '295', 1616861, 1616861),
(543, 14, 1, 'Olitel_000296', 'Enviado', '2019-03-01', '296', 1616861, 1616861),
(544, 10001, 1, 'Olitel_000940', 'Enviado', '2019-03-14', '940', 13255000, 13289453),
(545, 10005, 1, 'Olitel_000572', 'Facturado', '2019-03-14', '572', 4345000, 4380199),
(546, 5, 1, 'Olitel_000108', 'Enviado', '2019-04-01', '108', 445500, 445500),
(547, 14, 1, 'Olitel_000500', 'Enviado', '2019-03-01', '500', 2777860, 2777860),
(548, 10001, 1, 'Olitel_001310', 'Enviado', '2019-03-01', '1310', 37125000, 0),
(549, 10005, 1, 'Olitel_001067', 'Facturado', '2019-03-01', '1067', 18562500, 55820664),
(550, 7, 1, 'Olitel_000681', 'Enviado', '2019-03-01', '681', 4500000, 4500000),
(551, 7, 1, 'Olitel_000682', 'Enviado', '2019-04-01', '682', 4500000, 4500000),
(552, 14, 1, 'Olitel_000297', 'Enviado', '2019-04-02', '297', 1616861, 1616861),
(553, 14, 1, 'Olitel_000466', 'Enviado', '2019-04-02', '466', 2575000, 2575000),
(554, 5, 1, 'Olitel_000856', 'Enviado', '2019-03-01', '856', 9219765, 9219765),
(555, 5, 1, 'Olitel_001001', 'Enviado', '2019-03-01', '1001', 20866911, 20866911),
(556, 5, 1, 'Olitel_000527', 'Enviado', '2019-03-01', '527', 3152139, 3152139),
(557, 16, 1, 'Olitel_001034', 'Enviado', '2019-03-01', '1034', 29750000, 29750000),
(558, 16, 1, 'Olitel_000914', 'Enviado', '2019-03-08', '914', 1197766, 11057766),
(559, 16, 1, 'Olitel_001262', 'Enviado', '2019-03-08', '1262', 2465000, 0),
(560, 16, 1, 'Olitel_001263', 'Enviado', '2019-03-08', '1263', 2465000, 0),
(561, 16, 1, 'Olitel_001264', 'Enviado', '2019-03-08', '1264', 2465000, 0),
(562, 16, 1, 'Olitel_001265', 'Enviado', '2019-03-08', '1265', 2465000, 0),
(563, 10, 1, 'Olitel_000244', 'Enviado', '2019-02-19', '244', 1399444, 1399444),
(564, 10, 1, 'Olitel_000899', 'Enviado', '2019-03-14', '899', 9900000, 10309515),
(565, 10, 1, 'Olitel_001254', 'Enviado', '2019-03-14', '1254', 357500, 0),
(566, 13, 1, 'Olitel_000551', 'Enviado', '2019-04-08', '551', 1000000, 3829507),
(567, 13, 1, 'Olitel_001092', 'Enviado', '2019-04-08', '1092', 2829507, 0),
(568, 16, 1, 'Olitel_000876', 'Enviado', '2019-04-01', '876', 9860000, 9860000),
(569, 16, 1, 'Olitel_001035', 'Enviado', '2019-04-01', '1035', 29750000, 29750000),
(570, 5, 1, 'Olitel_000526', 'Enviado', '2019-04-02', '526', 3149038, 3149038),
(571, 7, 1, 'Olitel_000186', 'Enviado', '2019-05-02', '186', 900000, 900000),
(572, 7, 1, 'Olitel_000683', 'Enviado', '2019-05-02', '683', 4800000, 4500000),
(573, 14, 1, 'Olitel_000164', 'Enviado', '2019-03-01', '164', 780000, 780000),
(574, 1, 1, 'Olitel_000900', 'Enviado', '2019-04-02', '900', 1861897, 10309825),
(575, 1, 1, 'Olitel_001086', 'Enviado', '2019-04-02', '1086', 1429472, 0),
(576, 1, 1, 'Olitel_001087', 'Enviado', '2019-04-02', '1087', 1642136, 0),
(577, 1, 1, 'Olitel_001089', 'Enviado', '2019-04-02', '1089', 1725552, 0),
(578, 1, 1, 'Olitel_001090', 'Enviado', '2019-04-02', '1090', 1830048, 0),
(579, 1, 1, 'Olitel_001091', 'Enviado', '2019-04-02', '1091', 1820720, 0),
(580, 5, 1, 'Olitel_001002', 'Enviado', '2019-04-02', '1002', 20866911, 20866911),
(581, 13, 1, 'Olitel_000838', 'Enviado', '2019-04-01', '838', 8084306, 8084306),
(582, 10001, 1, 'Olitel_000821', 'Enviado', '2019-04-15', '821', 7700000, 7772593),
(583, 5, 1, 'Olitel_000857', 'Enviado', '2019-04-02', '857', 9219765, 9219765),
(584, 13, 1, 'Olitel_000552', 'Enviado', '2019-05-02', '552', 1000000, 3829507),
(585, 13, 1, 'Olitel_001094', 'Enviado', '2019-05-02', '1094', 2829507, 0),
(586, 14, 1, 'Olitel_000197', 'Enviado', '2019-05-02', '197', 970116, 970116),
(587, 5, 1, 'Olitel_000868', 'Enviado', '2019-04-02', '868', 9648016, 9648016),
(588, 14, 1, 'Olitel_000467', 'Enviado', '2019-05-02', '467', 2575000, 2575000),
(589, 14, 1, 'Olitel_000221', 'Enviado', '2019-05-02', '221', 646745, 1150000),
(590, 4, 1, 'Olitel_000023', 'Facturado', '2019-01-09', '23', 78000, 78000),
(591, 4, 1, 'Olitel_000024', 'Facturado', '2019-01-30', '24', 78000, 78000),
(592, 4, 1, 'Olitel_000068', 'Facturado', '2019-01-03', '68', 152950, 152950),
(593, 4, 1, 'Olitel_000131', 'Facturado', '2018-12-04', '131', 683785, 683785),
(594, 4, 1, 'Olitel_000132', 'Facturado', '2018-12-04', '132', 683785, 683785),
(595, 4, 1, 'Olitel_000133', 'Facturado', '2019-01-02', '133', 683785, 683785),
(596, 4, 1, 'Olitel_000147', 'Facturado', '2019-01-30', '147', 741798, 741798),
(597, 4, 1, 'Olitel_000218', 'Facturado', '2019-01-30', '218', 1150000, 1150000),
(598, 4, 1, 'Olitel_000228', 'Facturado', '2019-01-02', '228', 1161361, 1161361),
(599, 1, 1, 'Olitel_000391', 'Enviado', '2019-01-03', '391', 2000000, 2000000),
(600, 5, 1, 'Olitel_000100', 'Enviado', NULL, '100', 377053, 377053),
(601, 5, 1, 'Olitel_000104', 'Enviado', NULL, '104', 404563, 404563),
(602, 5, 1, 'Olitel_000305', 'Enviado', NULL, '305', 1618254, 1618254),
(603, 5, 1, 'Olitel_000306', 'Enviado', NULL, '306', 1618254, 1618254),
(604, 10001, 1, 'Olitel_001068', 'Enviado', '2019-01-22', '1068', 957000, 0),
(605, 10001, 1, 'Olitel_001069', 'Enviado', '2018-12-10', '1069', 4537500, 0),
(606, 10001, 1, 'Olitel_001101', 'Enviado', '2018-12-07', '1101', 4454000, 0),
(607, 10001, 1, 'Olitel_001102', 'Enviado', '2018-12-07', '1102', 1248500, 0),
(608, 10001, 1, 'Olitel_001103', 'Enviado', '2018-11-07', '1103', 4454000, 0),
(609, 10001, 1, 'Olitel_001104', 'Enviado', '2018-12-07', '1104', 1210000, 0),
(610, 90147, 1, 'Olitel_000971', 'Enviado', '2019-01-22', '971', 990000, 16659516),
(611, 90147, 1, 'Olitel_000972', 'Enviado', '2018-12-07', '972', 946000, 16897905),
(612, 90147, 1, 'Olitel_000973', 'Enviado', '2018-12-07', '973', 1215000, 17019871),
(613, 90147, 1, 'Olitel_001076', 'Enviado', '2018-12-10', '1076', 4537500, 0),
(614, 90147, 1, 'Olitel_001099', 'Enviado', '2018-12-07', '1099', 4454000, 0),
(615, 90147, 1, 'Olitel_001100', 'Enviado', '2018-11-07', '1100', 4454000, 0),
(616, 90176, 1, 'Olitel_001074', 'Enviado', '2019-01-22', '1074', 968000, 0),
(617, 90176, 1, 'Olitel_001077', 'Enviado', '2018-12-10', '1077', 4537500, 0),
(618, 90176, 1, 'Olitel_001095', 'Enviado', '2018-12-07', '1095', 4454000, 0),
(619, 90176, 1, 'Olitel_001096', 'Enviado', '2018-12-07', '1096', 957000, 0),
(620, 90176, 1, 'Olitel_001097', 'Enviado', '2018-11-07', '1097', 4454000, 0),
(621, 90176, 1, 'Olitel_001098', 'Enviado', '2018-12-07', '1098', 847000, 0),
(622, 10001, 1, 'Olitel_001070', 'Enviado', '2019-02-20', '1070', 687500, 0),
(623, 10001, 1, 'Olitel_001071', 'Enviado', '2019-01-30', '1071', 4454000, 0),
(624, 90147, 1, 'Olitel_000963', 'Enviado', '2019-02-20', '963', 715000, 0),
(625, 90147, 1, 'Olitel_001078', 'Enviado', '2019-01-30', '1078', 4454000, 0),
(626, 90176, 1, 'Olitel_001079', 'Enviado', '2019-02-20', '1079', 742500, 0),
(627, 90176, 1, 'Olitel_001080', 'Enviado', '2019-01-30', '1080', 4454000, 0),
(628, 5, 1, 'Olitel_000443', 'Enviado', '2019-02-05', '443', 2427381, 0),
(629, 5, 1, 'Olitel_000444', 'Enviado', '2019-03-05', '444', 2427381, 0),
(630, 13, 1, 'Olitel_001281', 'Enviado', '2019-05-02', '1281', 8084306, 0),
(631, 10001, 1, 'Olitel_000663', 'Enviado', '2019-03-01', '663', 4454000, 0),
(632, 10001, 1, 'Olitel_000757', 'Enviado', '2019-03-05', '757', 5051764, 0),
(633, 10001, 1, 'Olitel_001072', 'Enviado', '2019-03-11', '1072', 522500, 0),
(634, 10001, 1, 'Olitel_001073', 'Enviado', '2019-04-15', '1073', 632500, 0),
(635, 10001, 1, 'Olitel_001075', 'Enviado', '2019-04-02', '1075', 4454000, 0),
(636, 90147, 1, 'Olitel_000961', 'Enviado', '2019-03-11', '961', 489500, 0),
(637, 90147, 1, 'Olitel_000965', 'Enviado', '2019-04-15', '965', 852500, 0),
(638, 90147, 1, 'Olitel_001081', 'Enviado', '2019-03-01', '1081', 4454000, 0),
(639, 90147, 1, 'Olitel_001082', 'Enviado', '2019-04-02', '1082', 4454000, 0),
(640, 90176, 1, 'Olitel_001083', 'Enviado', '2019-03-11', '1083', 341000, 0),
(641, 90176, 1, 'Olitel_001084', 'Enviado', '2019-03-01', '1084', 4454000, 0),
(642, 90176, 1, 'Olitel_001088', 'Enviado', '2019-04-15', '1088', 962500, 0),
(643, 90176, 1, 'Olitel_001093', 'Enviado', '2019-04-02', '1093', 4454000, 0),
(644, 10001, 1, 'Olitel_001315', 'Enviado', '2019-04-02', '1315', 18562500, 0),
(645, 10005, 1, 'Olitel_001020', 'Facturado', '2019-04-02', '1020', 9295000, 57385728),
(646, 10005, 1, 'Olitel_000426', 'Facturado', '2019-04-15', '426', 327250, 2240650),
(647, 5, 1, 'Olitel_000524', 'Enviado', '2019-05-02', '524', 3115294, 3115294),
(648, 5, 1, 'Olitel_000858', 'Enviado', '2019-05-02', '858', 9219765, 9219765),
(649, 7, 1, 'Olitel_000711', 'Enviado', '2019-06-05', '711', 4800000, 4800000),
(650, 14, 1, 'Olitel_000298', 'Enviado', '2019-06-05', '298', 1616861, 1616861),
(652, 90147, 1, 'Olitel_000002', 'Enviado', '2019-05-02', '2', 4454000, 0),
(654, 90147, 1, 'Olitel_000771', 'Enviado', '2019-05-27', '771', 935000, 5413870),
(655, 90176, 1, 'Olitel_000005', 'Enviado', '2019-05-02', '5', 4454000, 0),
(656, 90176, 1, 'Olitel_000698', 'Enviado', '2019-06-05', '698', 4454000, 4602208),
(658, 13, 1, 'Olitel_000008', 'Enviado', '2019-06-05', '8', 2829507, 0),
(659, 13, 1, 'Olitel_000553', 'Enviado', '2019-06-05', '553', 1000000, 3829507),
(663, 13, 1, 'Olitel_000839', 'Enviado', '2019-06-05', '839', 8084306, 8084306),
(665, 90147, 1, 'Olitel_000697', 'Enviado', '2019-06-05', '697', 4454000, 4602208),
(669, 90176, 1, 'Olitel_000783', 'Enviado', '2019-05-27', '783', 1072500, 5533807),
(672, 10001, 1, 'Olitel_000699', 'Enviado', '2019-06-05', '699', 4454000, 4608636),
(673, 10001, 1, 'Olitel_000787', 'Enviado', '2019-05-27', '787', 1457500, 5871124),
(674, 14, 1, 'Olitel_000468', 'Enviado', '2019-06-05', '468', 2575000, 2575000),
(675, 14, 1, 'Olitel_000240', 'Enviado', '2019-07-05', '240', 1355400, 1355400),
(676, 4, 1, 'Olitel_000025', 'Facturado', '2019-03-01', '25', 78000, 78000),
(677, 4, 1, 'Olitel_000134', 'Facturado', '2019-03-01', '134', 683785, 683785),
(678, 4, 1, 'Olitel_000219', 'Facturado', '2019-03-01', '219', 1150000, 1150000),
(679, 5, 1, 'Olitel_000177', 'Enviado', '2019-04-20', '177', 809127, 809127),
(680, 5, 1, 'Olitel_000988', 'Enviado', '2019-05-02', '988', 19248657, 19248657),
(681, 7, 1, 'Olitel_000712', 'Enviado', '2019-07-02', '712', 4800000, 4800000),
(682, 14, 1, 'Olitel_000163', 'Enviado', '2019-01-30', '163', 780000, 780000),
(683, 14, 1, 'Olitel_000165', 'Enviado', '2019-04-02', '165', 780000, 780000),
(684, 14, 1, 'Olitel_000166', 'Enviado', '2019-05-23', '166', 780000, 780000),
(685, 14, 1, 'Olitel_000167', 'Enviado', '2019-06-05', '167', 780000, 780000),
(686, 14, 1, 'Olitel_000299', 'Enviado', '2019-07-02', '299', 1616861, 1616861),
(687, 16, 1, 'Olitel_000877', 'Enviado', '2019-05-02', '877', 9860000, 9860000),
(688, 16, 1, 'Olitel_001036', 'Enviado', '2019-05-02', '1036', 29750000, 29750000),
(689, 16, 1, 'Olitel_000879', 'Enviado', '2019-07-02', '879', 9860000, 9860000),
(690, 16, 1, 'Olitel_001038', 'Enviado', '2019-07-02', '1038', 29750000, 29750000),
(691, 16, 1, 'Olitel_000878', 'Enviado', '2019-06-05', '878', 9860000, 9860000),
(692, 4, 1, 'Olitel_000026', 'Facturado', '2019-04-01', '26', 78000, 78000),
(693, 4, 1, 'Olitel_000027', 'Facturado', '2019-05-02', '27', 78000, 78000),
(694, 4, 1, 'Olitel_000028', 'Facturado', '2019-06-05', '28', 78000, 78000),
(695, 4, 1, 'Olitel_000029', 'Facturado', '2019-07-02', '29', 78000, 78000),
(696, 4, 1, 'Olitel_000135', 'Facturado', '2019-04-01', '135', 683785, 683785),
(697, 4, 1, 'Olitel_000136', 'Facturado', '2019-05-02', '136', 683785, 683785),
(698, 4, 1, 'Olitel_000137', 'Facturado', '2019-06-05', '137', 683785, 683785),
(699, 4, 1, 'Olitel_000138', 'Facturado', '2019-07-02', '138', 683785, 683785),
(700, 4, 1, 'Olitel_000220', 'Facturado', '2019-04-01', '220', 1150000, 1150000),
(701, 4, 1, 'Olitel_000222', 'Facturado', '2019-05-02', '222', 1150000, 1150000),
(702, 4, 1, 'Olitel_000223', 'Facturado', '2019-06-05', '223', 1150000, 1150000),
(703, 4, 1, 'Olitel_000224', 'Facturado', '2019-07-02', '224', 1150000, 1150000),
(704, 5, 1, 'Olitel_001003', 'Enviado', '2019-06-07', '1003', 20866911, 20866911),
(705, 15, 1, 'Olitel_000326', 'Enviado', '2019-03-01', '326', 1700000, 1700000),
(706, 15, 1, 'Olitel_000327', 'Enviado', '2019-04-01', '327', 1700000, 1700000),
(707, 15, 1, 'Olitel_000328', 'Enviado', '2019-05-02', '328', 1700000, 1700000),
(708, 15, 1, 'Olitel_000329', 'Enviado', '2019-07-02', '329', 1700000, 1700000),
(709, 15, 1, 'Olitel_000349', 'Enviado', '2019-06-05', '349', 1700000, 1755848),
(710, 90225, 1, 'Olitel_000785', 'Enviado', '2019-07-25', '785', 5786000, 5781232),
(711, 5, 1, 'Olitel_000539', 'Enviado', '2019-06-05', '539', 3554550, 3554550),
(712, 5, 1, 'Olitel_000859', 'Enviado', '2019-09-21', '859', 9219765, 9219765),
(713, 14, 1, 'Olitel_000175', 'Enviado', '2019-08-05', '175', 808430, 1616860),
(714, 10004, 1, 'Olitel_000761', 'Enviado', '2019-05-05', '761', 5102251, 5102251),
(715, 5, 1, 'Olitel_000083', 'Enviado', '2019-06-05', '83', 247500, 247500),
(716, 5, 1, 'Olitel_000109', 'Enviado', '2019-05-05', '109', 445500, 445500),
(717, 5, 1, 'Olitel_000523', 'Enviado', '2019-07-02', '523', 3069020, 3069020),
(718, 5, 1, 'Olitel_000855', 'Enviado', '2019-07-02', '855', 9207058, 9207058),
(719, 7, 1, 'Olitel_000713', 'Enviado', '2019-07-31', '713', 4800000, 4800000),
(720, 14, 1, 'Olitel_000176', 'Enviado', '2019-08-05', '176', 808431, 808431),
(721, 16, 1, 'Olitel_001037', 'Enviado', '2019-06-05', '1037', 29750000, 29750000),
(722, 14, 1, 'Olitel_000169', 'Enviado', '2019-07-31', '169', 780000, 780000),
(723, 16, 1, 'Olitel_000880', 'Enviado', '2019-07-31', '880', 9860000, 9860000),
(724, 16, 1, 'Olitel_001039', 'Enviado', '2019-07-31', '1039', 29750000, 29750000),
(729, 15, 1, 'Olitel_000330', 'Enviado', '2019-09-06', '330', 1700000, 1700000),
(730, 15, 1, 'Olitel_000373', 'Enviado', '2019-07-31', '373', 1884209, 1884209),
(731, 1, 1, 'Olitel_000251', 'Enviado', '2019-09-09', '251', 1429463, 1429463),
(732, 1, 1, 'Olitel_000344', 'Enviado', '2019-09-09', '344', 1719872, 1719872),
(733, 1, 1, 'Olitel_000366', 'Enviado', '2019-09-09', '366', 1851872, 1851872),
(734, 1, 1, 'Olitel_000375', 'Enviado', '2019-09-09', '375', 1891472, 1891472),
(735, 1, 1, 'Olitel_000409', 'Enviado', '2019-09-09', '409', 2023472, 2023472),
(736, 1, 1, 'Olitel_000412', 'Enviado', '2019-09-09', '412', 2036672, 2036672),
(737, 13, 1, 'Olitel_000708', 'Enviado', '2019-07-02', '708', 8084306, 4733429),
(739, 13, 1, 'Olitel_000800', 'Enviado', '2019-09-06', '800', 6967347, 6967347),
(740, 13, 1, 'Olitel_000805', 'Enviado', '2019-10-22', '805', 6967347, 6967347),
(741, 13, 1, 'Olitel_000200', 'Enviado', '2019-07-02', '200', 1000000, 1000000),
(742, 13, 1, 'Olitel_000201', 'Enviado', '2019-07-31', '201', 1000000, 1000000),
(743, 13, 1, 'Olitel_000505', 'Enviado', '2019-07-02', '505', 2829507, 2829507),
(744, 13, 1, 'Olitel_000506', 'Enviado', '2019-07-31', '506', 2829507, 2829507),
(745, 13, 1, 'Olitel_000554', 'Enviado', '2019-09-06', '554', 3829507, 3829507),
(746, 13, 1, 'Olitel_000555', 'Enviado', '2019-10-22', '555', 3829507, 3829507),
(750, 5, 1, 'Olitel_000869', 'Enviado', '2019-05-02', '869', 9681760, 9648016),
(751, 5, 1, 'Olitel_000871', 'Enviado', '2019-06-07', '871', 10000000, 9716893),
(752, 5, 1, 'Olitel_000872', 'Enviado', '2019-07-02', '872', 9766155, 9766155),
(753, 5, 1, 'Olitel_000873', 'Enviado', '2019-08-05', '873', 9783697, 9783697),
(763, 13, 1, 'Olitel_000799', 'Enviado', '2019-07-31', '799', 8084306, 6967347),
(777, 90147, 1, 'Olitel_000143', 'Enviado', '2019-04-16', '143', 705600, 707247),
(778, 90147, 1, 'Olitel_000541', 'Enviado', '2019-02-26', '541', 3570000, 3578332),
(779, 90147, 1, 'Olitel_000750', 'Enviado', '2019-02-05', '750', 5040000, 5051763),
(781, 90224, 1, 'Olitel_000365', 'Facturado', '2019-02-26', '365', 1832667, 1832667),
(783, 14, 1, 'Olitel_000148', 'Enviado', '2019-09-06', '148', 759925, 759925),
(785, 14, 1, 'Olitel_000071', 'Enviado', '2019-09-06', '71', 210192, 210192),
(786, 16, 1, 'Olitel_001040', 'Enviado', '2019-09-06', '1040', 29750000, 29750000),
(788, 10001, 1, 'Olitel_000514', 'Enviado', '2019-02-26', '514', 2940000, 2946862),
(789, 10001, 1, 'Olitel_000739', 'Enviado', '2019-02-05', '739', 5040000, 5051763),
(790, 10001, 1, 'Olitel_000740', 'Enviado', '2019-02-05', '740', 5040000, 5051763),
(791, 10002, 1, 'Olitel_000749', 'Facturado', '2019-02-05', '749', 5040000, 5051763);
INSERT INTO `informe_de_pago` (`ID_IP`, `CP`, `ID_TIPO`, `NRO_COTI`, `ESTADO`, `FECHAENVIOIP`, `NIP`, `VALOR_IP`, `VALOR_FACTURADO`) VALUES
(792, 10003, 1, 'Olitel_000748', 'Facturado', '2019-02-05', '748', 5040000, 5051763),
(796, 90147, 1, 'Olitel_000751', 'Enviado', '2019-04-05', '751', 5040000, 5051763),
(798, 90224, 1, 'Olitel_000742', 'Facturado', '2019-01-30', '742', 5040000, 5051763),
(800, 7, 1, 'Olitel_000734', 'Enviado', '2019-09-06', '734', 4800000, 5010192),
(803, 10001, 1, 'Olitel_000276', 'Enviado', '2019-03-21', '276', 1472800, 1476237),
(804, 10001, 1, 'Olitel_000741', 'Enviado', '2019-03-05', '741', 5040000, 5051763),
(805, 10002, 1, 'Olitel_000753', 'Facturado', '2019-03-05', '753', 5040000, 5051763),
(806, 10002, 1, 'Olitel_000754', 'Facturado', '2019-04-05', '754', 5040000, 5051763),
(807, 10003, 1, 'Olitel_000752', 'Facturado', '2019-04-05', '752', 5040000, 5051763),
(808, 90147, 1, 'Olitel_000288', 'Enviado', '2019-03-21', '288', 1534500, 1567602),
(809, 90147, 1, 'Olitel_000755', 'Enviado', '2019-03-05', '755', 5040000, 5051763),
(810, 90224, 1, 'Olitel_000106', 'Facturado', '2019-04-16', '106', 379500, 438183),
(811, 90224, 1, 'Olitel_000128', 'Facturado', '2019-03-21', '128', 666400, 666400),
(812, 90224, 1, 'Olitel_000451', 'Facturado', '2019-04-02', '451', 2475000, 2475000),
(813, 90224, 1, 'Olitel_000745', 'Facturado', '2019-03-01', '745', 5040000, 5051763),
(814, 5, 1, 'Olitel_000522', 'Enviado', '2019-08-05', '522', 3067265, 3067265),
(815, 5, 1, 'Olitel_000847', 'Enviado', '2019-08-05', '847', 9201796, 9201840),
(816, 5, 1, 'Olitel_000848', 'Enviado', '2019-09-06', '848', 9201840, 9201840),
(817, 14, 1, 'Olitel_000123', 'Enviado', '2019-09-06', '123', 646744, 646744),
(818, 16, 1, 'Olitel_000881', 'Enviado', '2019-09-06', '881', 9860000, 9860000),
(819, 16, 1, 'Olitel_000882', 'Enviado', '2019-10-22', '882', 9860000, 9860000),
(820, 16, 1, 'Olitel_001041', 'Enviado', '2019-10-22', '1041', 29750000, 29750000),
(821, 5, 1, 'Olitel_000999', 'Enviado', '2019-08-05', '999', 20483489, 20483489),
(822, 5, 1, 'Olitel_001000', 'Enviado', '2019-07-02', '1000', 20841497, 20841497),
(823, 1, 1, 'Olitel_000249', 'Enviado', '2019-06-05', '249', 1429463, 1429463),
(824, 1, 1, 'Olitel_000250', 'Enviado', '2019-07-02', '250', 1429463, 1429463),
(825, 1, 1, 'Olitel_000258', 'Enviado', '2019-05-02', '258', 1429470, 1429470),
(826, 1, 1, 'Olitel_000273', 'Enviado', '2019-07-31', '273', 1429472, 1429470),
(827, 1, 1, 'Olitel_000282', 'Enviado', '2019-05-02', '282', 1506380, 1506380),
(828, 1, 1, 'Olitel_000284', 'Enviado', '2019-07-02', '284', 1531948, 1531948),
(829, 1, 1, 'Olitel_000307', 'Enviado', '2019-07-31', '307', 1637990, 1637990),
(830, 1, 1, 'Olitel_000318', 'Enviado', '2019-06-05', '318', 1673417, 1673417),
(831, 1, 1, 'Olitel_000339', 'Enviado', '2019-07-31', '339', 1708952, 1708952),
(832, 1, 1, 'Olitel_000346', 'Enviado', '2019-07-31', '346', 1731936, 1731936),
(833, 1, 1, 'Olitel_000347', 'Enviado', '2019-05-02', '347', 1736660, 1736660),
(834, 1, 1, 'Olitel_000350', 'Enviado', '2019-06-05', '350', 1755848, 1755848),
(835, 1, 1, 'Olitel_000351', 'Enviado', '2019-07-02', '351', 1755848, 1755848),
(836, 1, 1, 'Olitel_000354', 'Enviado', '2019-06-05', '354', 1764848, 1764848),
(837, 1, 1, 'Olitel_000355', 'Enviado', '2019-07-31', '355', 1772802, 1772802),
(838, 1, 1, 'Olitel_000358', 'Enviado', '2019-07-02', '358', 1790872, 1790872),
(839, 1, 1, 'Olitel_000362', 'Enviado', '2019-07-02', '362', 1826456, 1826456),
(840, 1, 1, 'Olitel_000363', 'Enviado', '2019-05-02', '363', 1830058, 1830058),
(841, 1, 1, 'Olitel_000371', 'Enviado', '2019-06-05', '371', 1883168, 1883168),
(842, 1, 1, 'Olitel_000374', 'Enviado', '2019-07-31', '374', 1890932, 1890932),
(843, 1, 1, 'Olitel_000379', 'Enviado', '2019-07-02', '379', 1906314, 0),
(844, 1, 1, 'Olitel_000382', 'Enviado', '2019-05-02', '382', 1937166, 1937166),
(845, 1, 1, 'Olitel_000408', 'Enviado', '2019-05-02', '408', 2022590, 2022590),
(846, 1, 1, 'Olitel_000416', 'Enviado', '2019-06-05', '416', 2044752, 2044752),
(847, 5, 1, 'Olitel_000720', 'Enviado', '2019-09-19', '720', 4898789, 4898789),
(848, 5, 1, 'Olitel_000977', 'Enviado', '2019-09-19', '977', 18403679, 18403679),
(849, 15, 1, 'Olitel_000331', 'Enviado', '2019-10-22', '331', 1700000, 1700000),
(851, 10001, 1, 'Olitel_000792', 'Enviado', '2019-04-02', '792', 4950000, 6448709),
(852, 10001, 1, 'Olitel_001312', 'Enviado', '2019-04-16', '1312', 847000, 0),
(853, 10003, 1, 'Olitel_000756', 'Facturado', '2019-03-03', '756', 5040000, 5051763),
(854, 7, 1, 'Olitel_000714', 'Enviado', '2019-10-22', '714', 4800000, 4800000),
(855, 14, 1, 'Olitel_000075', 'Enviado', '2019-10-22', '75', 210192, 210192),
(856, 33101, 1, 'Olitel_000182', 'Facturado', '2019-12-04', '182', 845546, 841961),
(857, 13, 1, 'Olitel_000840', 'Enviado', '2019-11-08', '840', 8084306, 0),
(858, 90225, 1, 'Olitel_000419', 'Enviado', '2019-06-25', '419', 4330125, 2104312),
(859, 90225, 1, 'Olitel_000449', 'Enviado', '2019-06-25', '449', NULL, 0),
(860, 90225, 1, 'Olitel_000491', 'Enviado', '2019-06-25', '491', NULL, 0),
(861, 10001, 1, 'Olitel_000114', 'Enviado', '2019-08-05', '114', 538000, 538000),
(862, 10001, 1, 'Olitel_000573', 'Enviado', '2019-07-02', '573', 4454000, 4400000),
(863, 10001, 1, 'Olitel_000574', 'Enviado', '2019-07-31', '574', 4454000, 4400000),
(864, 10001, 1, 'Olitel_000575', 'Enviado', '2019-11-29', '575', 4400000, 4400000),
(865, 10001, 1, 'Olitel_000576', 'Enviado', '2019-11-29', '576', 4400000, 4400000),
(866, 90147, 1, 'Olitel_000245', 'Enviado', '2019-08-05', '245', 1418000, 1418000),
(867, 90147, 1, 'Olitel_000585', 'Enviado', '2019-12-02', '585', 4400000, 4400000),
(868, 90147, 1, 'Olitel_000589', 'Enviado', '2019-11-29', '589', 4400000, 4400000),
(869, 90147, 1, 'Olitel_000591', 'Enviado', '2019-07-02', '591', 4454000, 4400000),
(870, 90147, 1, 'Olitel_000592', 'Enviado', '2019-07-31', '592', 4454000, 4400000),
(871, 90176, 1, 'Olitel_000194', 'Enviado', '2019-08-05', '194', 934000, 934000),
(872, 90176, 1, 'Olitel_000590', 'Enviado', '2019-07-02', '590', 4454000, 4400000),
(873, 90176, 1, 'Olitel_000593', 'Enviado', '2019-07-31', '593', 4454000, 4400000),
(874, 90176, 1, 'Olitel_000594', 'Enviado', '2019-11-29', '594', 4400000, 4400000),
(875, 90176, 1, 'Olitel_000599', 'Enviado', '2019-11-29', '599', 4400000, 4400000),
(876, 90225, 1, 'Olitel_000235', 'Enviado', '2019-07-02', '235', NULL, 0),
(877, 90225, 1, 'Olitel_000324', 'Enviado', '2019-07-02', '324', NULL, 0),
(878, 90225, 1, 'Olitel_000422', 'Enviado', '2019-07-02', '422', 3926000, 2134000),
(879, 5, 1, 'Olitel_000796', 'Enviado', '2019-10-22', '796', 7952041, 6918947),
(880, 5, 1, 'Olitel_000826', 'Enviado', '2019-09-19', '826', 7952041, 7952041),
(881, 5, 1, 'Olitel_000849', 'Enviado', '2019-10-22', '849', 9201840, 9201840),
(882, 7, 1, 'Olitel_000715', 'Enviado', '2019-11-07', '715', 4800000, 4800000),
(883, 9, 1, 'Olitel_001005', 'Enviado', '2019-10-22', '1005', 22885119, 22885119),
(884, 9, 1, 'Olitel_001016', 'Enviado', '2019-10-05', '1016', 27799337, 27799337),
(885, 14, 1, 'Olitel_000072', 'Enviado', '2019-11-07', '72', 210192, 210192),
(886, 14, 1, 'Olitel_000168', 'Enviado', '2019-07-02', '168', 780000, 780000),
(887, 16, 1, 'Olitel_000195', 'Enviado', '2019-10-22', '195', 952848, 952848),
(888, 16, 1, 'Olitel_000883', 'Enviado', '2019-11-02', '883', 9860000, 9860000),
(889, 16, 1, 'Olitel_001042', 'Enviado', '2019-11-02', '1042', 29750000, 29750000),
(890, 1, 1, 'Olitel_000259', 'Enviado', '2019-10-22', '259', 1429470, 0),
(891, 1, 1, 'Olitel_000260', 'Enviado', '2019-10-22', '260', 1429470, 0),
(892, 1, 1, 'Olitel_000322', 'Enviado', '2019-10-22', '322', 1689470, 0),
(893, 1, 1, 'Olitel_000353', 'Enviado', '2019-10-22', '353', 1761470, 0),
(894, 1, 1, 'Olitel_000360', 'Enviado', '2019-10-22', '360', 1806670, 0),
(895, 1, 1, 'Olitel_000370', 'Enviado', '2019-10-22', '370', 1871470, 0),
(896, 5, 1, 'Olitel_000978', 'Enviado', '2019-10-22', '978', 18403679, 0),
(897, 14, 1, 'Olitel_000149', 'Enviado', '2019-10-22', '149', 759925, 0),
(898, 14, 1, 'Olitel_000150', 'Enviado', '2019-11-07', '150', 759925, 0),
(899, 9, 1, 'Olitel_000967', 'Enviado', '2019-10-22', '967', 16546668, 0),
(900, 9, 1, 'Olitel_001007', 'Enviado', '2019-11-05', '1007', 23122676, 0),
(901, 90225, 1, 'Olitel_000793', 'Enviado', '2019-08-05', '793', 6491000, 0),
(902, 1, 1, 'Olitel_000261', 'Enviado', '2019-11-19', '261', 1429470, 0),
(903, 1, 1, 'Olitel_000275', 'Enviado', '2019-11-19', '275', 1475072, 0),
(904, 1, 1, 'Olitel_000277', 'Enviado', '2019-11-19', '277', 1481472, 0),
(905, 1, 1, 'Olitel_000314', 'Enviado', '2019-11-19', '314', 1664072, 0),
(906, 1, 1, 'Olitel_000320', 'Enviado', '2019-11-19', '320', 1676872, 0),
(907, 1, 1, 'Olitel_000321', 'Enviado', '2019-11-19', '321', 1679872, 0),
(908, 13, 1, 'Olitel_000801', 'Enviado', '2019-11-07', '801', 6967347, 0),
(909, 9, 1, 'Olitel_000964', 'Enviado', '2019-10-22', '964', 16087418, 0),
(910, 9, 1, 'Olitel_001017', 'Enviado', '2019-11-05', '1017', 27993302, 0),
(912, 14, 1, 'Olitel_000124', 'Enviado', '2019-10-22', '124', 646744, 0),
(913, 14, 1, 'Olitel_000125', 'Enviado', '2019-11-07', '125', 646744, 0),
(914, 90225, 1, 'Olitel_000283', 'Enviado', '2019-12-02', '283', 1517000, 0),
(917, 33101, 1, 'Olitel_000097', 'Facturado', '2019-12-04', '97', 360100, 0),
(918, 90225, 1, 'Olitel_000343', 'Enviado', '2019-12-02', '343', 1715000, 0),
(919, 90225, 1, 'Olitel_000932', 'Enviado', '2019-12-02', '932', 13200000, 0),
(920, 2, 1, 'Olitel_000392', 'Facturado', '2019-01-02', '392', 2000000, 0),
(921, 2, 1, 'Olitel_000393', 'Facturado', '2019-01-30', '393', 2000000, 0),
(922, 2, 1, 'Olitel_000394', 'Facturado', '2019-03-01', '394', 2000000, 0),
(923, 2, 1, 'Olitel_000395', 'Facturado', '2019-06-05', '395', 2000000, 0),
(924, 2, 1, 'Olitel_000407', 'Facturado', '2019-07-02', '407', 2000000, 0),
(925, 2, 1, 'Olitel_000413', 'Facturado', '2019-04-02', '413', 2000000, 0),
(926, 2, 1, 'Olitel_000414', 'Facturado', '2019-05-02', '414', 2000000, 0),
(927, 9, 1, 'Olitel_000968', 'Enviado', '2019-12-10', '968', 16546668, 0),
(928, 5, 1, 'Olitel_000723', 'Enviado', '2019-09-19', '723', 4898789, 0),
(929, 2, 1, 'Olitel_000280', 'Facturado', '2019-11-12', '280', 1490868, 0),
(930, 14, 1, 'Olitel_000172', 'Enviado', '2019-11-07', '172', 780000, 0),
(933, 2, 1, 'Olitel_000396', 'Facturado', '2019-07-31', '396', 2000000, 0),
(934, 2, 1, 'Olitel_000398', 'Facturado', '2019-09-30', '398', 2000000, 0),
(935, 13, 1, 'Olitel_000556', 'Enviado', '2019-11-07', '556', 3829507, 0),
(939, 90225, 1, 'Olitel_000516', 'Enviado', '2019-12-02', '516', 3002000, 0),
(940, 9, 1, 'Olitel_000966', 'Enviado', '2019-11-05', '966', 16546668, 0),
(955, 14, 1, 'Olitel_000469', 'Enviado', '2019-07-31', '469', 2575000, 0),
(956, 14, 1, 'Olitel_000470', 'Enviado', '2019-09-06', '470', 2575000, 0),
(959, 2, 1, 'Olitel_000399', 'Facturado', '2019-11-07', '399', 2000000, 0),
(960, 9, 1, 'Olitel_001018', 'Enviado', '2019-12-10', '1018', 27910208, 0),
(961, 5, 1, 'Olitel_000769', 'Enviado', '2019-11-06', '769', 5649793, 0),
(962, 5, 1, 'Olitel_000850', 'Enviado', '2019-11-06', '850', 9416321, 0),
(963, 14, 1, 'Olitel_000073', 'Enviado', '2019-12-02', '73', 210192, 0),
(964, 13, 1, 'Olitel_000557', 'Enviado', '2019-12-02', '557', 3829507, 0),
(965, 1, 1, 'Olitel_000262', 'Enviado', '2019-12-02', '262', 1429470, 0),
(966, 1, 1, 'Olitel_000263', 'Enviado', '2019-12-02', '263', 1429470, 0),
(967, 1, 1, 'Olitel_000316', 'Enviado', '2019-12-02', '316', 1667070, 0),
(968, 1, 1, 'Olitel_000319', 'Enviado', '2019-12-02', '319', 1676470, 0),
(969, 1, 1, 'Olitel_000338', 'Enviado', '2019-12-02', '338', 1706070, 0),
(970, 1, 1, 'Olitel_000361', 'Enviado', '2019-12-02', '361', 1813070, 0),
(971, 5, 1, 'Olitel_000178', 'Enviado', '2019-11-06', '178', 809127, 0),
(972, 5, 1, 'Olitel_000445', 'Enviado', '2019-11-06', '445', 2427381, 0),
(973, 5, 1, 'Olitel_000446', 'Enviado', '2019-11-06', '446', 2427381, 0),
(974, 5, 1, 'Olitel_000979', 'Enviado', '2019-11-06', '979', 18832643, 0),
(975, 13, 1, 'Olitel_000802', 'Enviado', '2019-12-02', '802', 6967347, 0),
(976, 13, 1, 'Olitel_000803', 'Enviado', '2019-12-02', '803', 6967347, 0),
(977, 14, 1, 'Olitel_000151', 'Enviado', '2019-12-02', '151', 759925, 0),
(978, 15, 1, 'Olitel_000332', 'Enviado', '2019-11-07', '332', 1700000, 0),
(979, 90812, 3, 'Olitel_000034', 'Enviado', '2019-11-07', '34', 125483, 0),
(980, 5, 1, 'Olitel_000012', 'Enviado', '2019-11-06', '12', 18924, 0),
(981, 5, 1, 'Olitel_000014', 'Enviado', '2019-11-06', '14', 43160, 0),
(982, 5, 1, 'Olitel_000066', 'Enviado', '2019-11-06', '66', 133985, 0),
(983, 5, 1, 'Olitel_000076', 'Enviado', '2019-11-06', '76', 9416321, 5287512),
(984, 5, 1, 'Olitel_000089', 'Enviado', '2019-11-06', '89', 5649793, 0),
(985, 5, 1, 'Olitel_000105', 'Enviado', '2019-11-06', '105', 18832643, 0),
(986, 5, 1, 'Olitel_000545', 'Enviado', '2019-11-06', '545', 3766529, 0),
(987, 5, 1, 'Olitel_000727', 'Enviado', '2019-12-04', '727', 5674851, 0),
(988, 7, 1, 'Olitel_000716', 'Enviado', '2019-12-02', '716', 4800000, 0),
(989, 14, 1, 'Olitel_000170', 'Enviado', '2019-09-06', '170', 780000, 0),
(990, 14, 1, 'Olitel_000171', 'Enviado', '2019-10-05', '171', 780000, 0),
(991, 14, 1, 'Olitel_000173', 'Enviado', '2019-12-02', '173', 780000, 0),
(992, 14, 1, 'Olitel_000472', 'Enviado', '2019-12-04', '472', 2575000, 0),
(993, 14, 1, 'Olitel_000473', 'Enviado', '2019-12-04', '473', 2575000, 0),
(994, 16, 1, 'Olitel_000884', 'Enviado', '2019-12-02', '884', 9860000, 0),
(995, 16, 1, 'Olitel_001043', 'Enviado', '2019-12-02', '1043', 29750000, 0),
(996, 90225, 1, 'Olitel_000759', 'Enviado', '2019-05-02', '759', 5023428, 0),
(997, 90225, 1, 'Olitel_000949', 'Enviado', '2019-07-04', '949', 13860000, 0),
(998, 90225, 1, 'Olitel_000950', 'Enviado', '2019-05-02', '950', 13860000, 0),
(999, 90225, 1, 'Olitel_000586', 'Enviado', '2019-07-02', '586', 4400000, 0),
(1000, 90225, 1, 'Olitel_000587', 'Enviado', '2019-07-02', '587', 4400000, 0),
(1001, 90225, 1, 'Olitel_000588', 'Enviado', '2019-07-02', '588', 4400000, 0),
(1002, 90225, 1, 'Olitel_000929', 'Enviado', '2019-08-05', '929', 13200000, 0),
(1003, 90225, 1, 'Olitel_000930', 'Enviado', '2019-12-02', '930', 13200000, 0),
(1004, 90225, 1, 'Olitel_000931', 'Enviado', '2019-12-02', '931', 13200000, 0),
(1005, 90225, 1, 'Olitel_000933', 'Enviado', '2019-12-02', '933', 13200000, 0),
(1006, 90225, 1, 'Olitel_000934', 'Enviado', '2019-12-02', '934', 13200000, 0),
(1007, 2, 1, 'Olitel_000397', 'Facturado', '2019-08-31', '397', 2000000, 0),
(1008, 9, 1, 'Olitel_000994', 'Enviado', '2019-11-05', '994', 19698090, 0),
(1009, 9, 1, 'Olitel_000969', 'Enviado', '2019-12-11', '969', 16546668, 0),
(1010, 6, 1, 'Olitel_000791', 'Enviado', '2019-11-06', '791', 14600000, 0),
(1011, 6, 1, 'Olitel_000844', 'Enviado', '2019-11-06', '844', 14600000, 0),
(1012, 14, 1, 'Olitel_000174', 'Enviado', '2019-12-02', '174', 780000, 0),
(1013, 15, 1, 'Olitel_000333', 'Enviado', '2019-12-02', '333', 1700000, 0),
(1014, 15, 1, 'Olitel_000334', 'Enviado', '2019-12-02', '334', 1700000, 0),
(1015, 14, 1, 'Olitel_000074', 'Enviado', '2019-12-02', '74', 210192, 0),
(1016, 14, 1, 'Olitel_000126', 'Enviado', '2019-12-02', '126', 646744, 0),
(1017, 14, 1, 'Olitel_000127', 'Enviado', '2019-12-02', '127', 646744, 0),
(1018, 1, 1, 'Olitel_000264', 'Enviado', '2019-12-10', '264', 1429470, 0),
(1019, 1, 1, 'Olitel_000265', 'Enviado', '2019-12-10', '265', 1429470, 0),
(1020, 1, 1, 'Olitel_000266', 'Enviado', '2019-12-10', '266', 1429470, 0),
(1021, 1, 1, 'Olitel_000267', 'Enviado', '2019-12-10', '267', 1429470, 0),
(1022, 1, 1, 'Olitel_000268', 'Enviado', '2019-12-10', '268', 1429470, 0),
(1023, 1, 1, 'Olitel_000269', 'Enviado', '2019-12-10', '269', 1429470, 0),
(1024, 33101, 1, 'Olitel_000096', 'Facturado', '2019-12-04', '96', 360100, 0),
(1025, 14, 1, 'Olitel_000152', 'Enviado', '2019-12-02', '152', 759925, 0),
(1026, 6, 1, 'Olitel_000542', 'Enviado', '2019-09-19', '542', 3584738, 0),
(1027, 6, 1, 'Olitel_000709', 'Enviado', '2019-09-19', '709', 4751862, 0),
(1028, 6, 1, 'Olitel_000790', 'Enviado', '2019-10-22', '790', 6278000, 0),
(1029, 6, 1, 'Olitel_000843', 'Enviado', '2019-10-22', '843', 8322000, 0),
(1030, 14, 1, 'Olitel_000471', 'Enviado', '2019-11-07', '471', 2575000, 0),
(1031, 13, 1, 'Olitel_000558', 'Enviado', '2019-12-02', '558', 3829507, 0),
(1032, 16, 1, 'Olitel_000885', 'Enviado', '2019-12-02', '885', 9860000, 0),
(1033, 16, 1, 'Olitel_001044', 'Enviado', '2019-12-02', '1044', 29750000, 0),
(1034, 33101, 1, 'Olitel_000117', 'Facturado', '2019-12-04', '117', 563697, 0),
(1035, 16, 1, 'Olitel_000229', 'Enviado', NULL, '229', NULL, 0),
(1036, 16, 1, 'Olitel_000230', 'Enviado', NULL, '230', NULL, 0),
(1037, 9, 1, 'Olitel_001006', 'Enviado', '2019-12-11', '1006', 22966366, 0),
(1040, 9, 1, 'Olitel_000970', 'Enviado', '2020-01-30', '970', 16546668, 0),
(1041, 14, 1, 'Olitel_000510', 'Enviado', '2019-07-02', '510', 2575000, 0),
(1042, 5, 1, 'Olitel_000372', 'Enviado', '2019-12-04', '372', 1883264, 0),
(1047, 5, 1, 'Olitel_000980', 'Enviado', '2019-12-04', '980', 18832643, 0),
(1048, 5, 1, 'Olitel_000997', 'Enviado', '2019-12-04', '997', 18916197, 0),
(1049, 9, 1, 'Olitel_001050', 'Enviado', '2020-02-04', '1050', 30228688, 0),
(1051, 9, 1, 'Olitel_000924', 'Enviado', '2020-02-06', '924', 12018609, 0),
(1052, 14, 1, 'Olitel_000300', 'Enviado', '2020-02-03', '300', 1616861, 0),
(1055, 13, 1, 'Olitel_000804', 'Enviado', '2020-02-03', '804', 6967347, 0),
(1056, 5, 1, 'Olitel_000730', 'Enviado', '2020-02-03', '730', 3766529, 0),
(1057, 5, 1, 'Olitel_000760', 'Enviado', '2020-02-03', '760', 5649793, 0),
(1062, 90812, 3, 'Olitel_000036', 'Enviado', '2020-03-11', '36', 125483, 0),
(1063, 90812, 3, 'Olitel_000077', 'Enviado', '2020-02-06', '77', 218644, 0),
(1064, 33101, 1, 'Olitel_000021', 'Facturado', '2020-03-01', '21', 73683, 0),
(1065, 33101, 1, 'Olitel_000022', 'Facturado', '2020-03-01', '22', 75110, 0),
(1066, 33101, 1, 'Olitel_000086', 'Facturado', '2020-03-01', '86', 258068, 0),
(1068, 33101, 1, 'Olitel_000118', 'Facturado', '2020-03-01', '118', 571857, 0),
(1069, 33101, 1, 'Olitel_000242', 'Facturado', '2020-03-01', '242', 1369800, 0),
(1074, 9, 1, 'Olitel_001024', 'Enviado', '2019-12-11', '1024', 28900015, 0),
(1075, 14, 1, 'Olitel_000496', 'Enviado', '2020-02-03', '496', 2697269, 0),
(1079, 5, 1, 'Olitel_000535', 'Enviado', '2019-12-04', '535', 3783234, 0),
(1080, 5, 1, 'Olitel_000762', 'Enviado', '2019-12-04', '762', 5649793, 0),
(1081, 5, 1, 'Olitel_000851', 'Enviado', '2019-12-04', '851', 9458061, 0),
(1082, 5, 1, 'Olitel_000852', 'Enviado', '2019-12-04', '852', 9416320, 0),
(1086, 9, 1, 'Olitel_000920', 'Enviado', '2020-02-06', '920', 11442560, 0),
(1089, 9, 1, 'Olitel_000992', 'Enviado', '2020-02-06', '992', 19479876, 0),
(1090, 13, 1, 'Olitel_000559', 'Enviado', '2020-02-03', '559', 3829507, 0),
(1094, 5, 1, 'Olitel_000853', 'Enviado', '2020-02-03', '853', 9416321, 0),
(1095, 6, 1, 'Olitel_000952', 'Enviado', '2019-12-02', '952', 14600000, 0),
(1096, 6, 1, 'Olitel_000954', 'Enviado', '2020-02-03', '954', 14600000, 0),
(1097, 5, 1, 'Olitel_000981', 'Enviado', '2020-02-03', '981', 18832643, 0),
(1103, 33101, 1, 'Olitel_000103', 'Facturado', '2019-12-04', '103', 389259, 0),
(1106, 5, 1, 'Olitel_000729', 'Enviado', '2019-12-04', '729', 3766529, 0),
(1107, 3, 1, 'Olitel_000822', 'Enviado', '2020-01-08', '822', 7806194, 0),
(1108, 3, 1, 'Olitel_000990', 'Enviado', '2020-02-03', '990', 19273577, 0),
(1109, 3, 1, 'Olitel_000995', 'Enviado', '2020-03-02', '995', 20108512, 0),
(1110, 16, 1, 'Olitel_000886', 'Enviado', '2020-02-03', '886', 9860000, 0),
(1111, 16, 1, 'Olitel_000887', 'Enviado', '2020-03-02', '887', 9860000, 0),
(1112, 16, 1, 'Olitel_001045', 'Enviado', '2020-02-03', '1045', 29750000, 0),
(1113, 16, 1, 'Olitel_001046', 'Enviado', '2020-03-02', '1046', 29750000, 0),
(1114, 10001, 1, 'Olitel_000207', 'Enviado', '2019-11-29', '207', 1035000, 0),
(1115, 10001, 1, 'Olitel_000198', 'Enviado', '2019-11-29', '198', 972000, 0),
(1116, 90147, 1, 'Olitel_000202', 'Enviado', '2019-12-02', '202', 1010000, 0),
(1117, 90147, 1, 'Olitel_000237', 'Enviado', '2019-12-02', '237', 1322000, 0),
(1118, 90147, 1, 'Olitel_000325', 'Enviado', '2019-07-25', '325', 1694000, 0),
(1119, 90176, 1, 'Olitel_000180', 'Enviado', '2019-12-02', '180', 827000, 0),
(1120, 90176, 1, 'Olitel_000239', 'Enviado', '2019-12-02', '239', 1338000, 0),
(1121, 90176, 1, 'Olitel_000308', 'Enviado', '2019-07-17', '308', 1650000, 0),
(1122, 90225, 1, 'Olitel_000381', 'Enviado', '2020-01-13', '381', 1918000, 0),
(1123, 90225, 1, 'Olitel_000442', 'Enviado', '2019-12-13', '442', 2425000, 0),
(1124, 90225, 1, 'Olitel_000780', 'Enviado', '2020-02-12', '780', 5501573, 0),
(1125, 9, 1, 'Olitel_000942', 'Enviado', '2020-03-17', '942', 13961431, 0),
(1126, 9, 1, 'Olitel_001019', 'Enviado', '2020-03-18', '1019', 28030337, 0),
(1127, 13, 1, 'Olitel_000560', 'Enviado', '2020-03-02', '560', 3829507, 0),
(1128, 14, 1, 'Olitel_000187', 'Enviado', '2020-02-03', '187', 900000, 0),
(1129, 14, 1, 'Olitel_000188', 'Enviado', '2020-03-02', '188', 900000, 0),
(1130, 14, 1, 'Olitel_000474', 'Enviado', '2020-03-02', '474', 2575000, 0),
(1131, 10001, 1, 'Olitel_000323', 'Enviado', '2019-07-25', '323', 1694000, 0),
(1132, 90225, 1, 'Olitel_000935', 'Enviado', '2020-02-03', '935', 13200000, 0),
(1133, 1, 1, 'Olitel_000129', 'Enviado', '2020-02-06', '129', 673600, 0),
(1134, 15, 1, 'Olitel_000335', 'Enviado', '2020-02-03', '335', 1700000, 0),
(1135, 15, 1, 'Olitel_000336', 'Enviado', '2020-03-02', '336', 1700000, 0),
(1136, 90813, 3, 'Olitel_000084', 'Enviado', '2020-03-11', '84', 250966, 0),
(1137, 9, 1, 'Olitel_000921', 'Enviado', '2020-03-18', '921', 11442560, 0),
(1138, 9, 1, 'Olitel_000922', 'Enviado', '2020-03-18', '922', 11555208, 0),
(1139, 10001, 1, 'Olitel_000140', 'Enviado', '2019-12-10', '140', 704000, 0),
(1140, 90147, 1, 'Olitel_000185', 'Enviado', '2019-12-10', '185', 897000, 0),
(1141, 6, 1, 'Olitel_000953', 'Enviado', '2019-12-02', '953', 14600000, 0),
(1142, 13, 1, 'Olitel_000806', 'Enviado', '2020-03-02', '806', 6967347, 0),
(1143, 5, 1, 'Olitel_000758', 'Enviado', '2020-03-10', '758', 5649793, 0),
(1144, 10001, 1, 'Olitel_000098', 'Enviado', '2020-01-13', '98', 374000, 0),
(1145, 10001, 1, 'Olitel_000577', 'Enviado', '2019-11-29', '577', 4400000, 0),
(1146, 10001, 1, 'Olitel_000578', 'Enviado', '2019-11-29', '578', 4400000, 0),
(1147, 10001, 1, 'Olitel_000579', 'Enviado', '2019-12-29', '579', 4400000, 0),
(1148, 10001, 1, 'Olitel_000580', 'Enviado', '2020-02-12', '580', 4400000, 0),
(1149, 90147, 1, 'Olitel_000596', 'Enviado', '2019-12-02', '596', 4400000, 0),
(1150, 90147, 1, 'Olitel_000597', 'Enviado', '2019-12-02', '597', 4400000, 0),
(1151, 90147, 1, 'Olitel_000598', 'Enviado', '2020-02-12', '598', 4400000, 0),
(1152, 90176, 1, 'Olitel_000383', 'Enviado', '2019-12-10', '383', 1943500, 0),
(1153, 90176, 1, 'Olitel_000611', 'Enviado', '2019-12-02', '611', 4400000, 0),
(1154, 90176, 1, 'Olitel_000617', 'Enviado', '2019-12-02', '617', 4400000, 0),
(1155, 10001, 1, 'Olitel_000115', 'Enviado', '2019-11-29', '115', 541000, 0),
(1156, 90147, 1, 'Olitel_000179', 'Enviado', '2020-01-13', '179', 820000, 0),
(1157, 90176, 1, 'Olitel_000501', 'Enviado', '2020-01-13', '501', 2778500, 0),
(1158, 9, 1, 'Olitel_000991', 'Enviado', '2019-12-11', '991', 19479876, 0),
(1159, 14, 1, 'Olitel_000189', 'Enviado', '2020-04-01', '189', 900000, 0),
(1160, 90225, 1, 'Olitel_000673', 'Enviado', '2019-07-04', '673', 4367245, 0),
(1161, 5, 1, 'Olitel_000854', 'Enviado', '2020-03-10', '854', 9416320, 0),
(1162, 6, 1, 'Olitel_000955', 'Enviado', '2020-03-02', '955', 14600000, 0),
(1163, 14, 1, 'Olitel_000301', 'Enviado', '2020-03-02', '301', 1616861, 0),
(1164, 90147, 1, 'Olitel_000533', 'Enviado', '2020-03-20', '533', 3285000, 0),
(1165, 90147, 1, 'Olitel_000603', 'Enviado', '2020-03-20', '603', 4400000, 0),
(1166, 90176, 1, 'Olitel_000633', 'Enviado', '2020-03-20', '633', 4400000, 0),
(1167, 90813, 3, 'Olitel_000045', 'Enviado', '2020-03-15', '45', 125483, 0),
(1168, 90225, 1, 'Olitel_000485', 'Enviado', '2020-03-23', '485', 2367000, 0),
(1169, 90225, 1, 'Olitel_000936', 'Enviado', '2020-03-23', '936', 13200000, 0),
(1170, 10001, 1, 'Olitel_000380', 'Enviado', '2020-02-12', '380', 1915000, 0),
(1171, 10001, 1, 'Olitel_000498', 'Enviado', '2020-03-20', '498', 2768000, 0),
(1172, 10001, 1, 'Olitel_000581', 'Enviado', '2020-03-20', '581', 4400000, 0),
(1173, 90147, 1, 'Olitel_000377', 'Enviado', '2020-02-12', '377', 1895000, 0),
(1174, 90147, 1, 'Olitel_000420', 'Enviado', '2019-12-02', '420', 2111000, 0),
(1175, 90147, 1, 'Olitel_000606', 'Enviado', '2019-11-29', '606', 4400000, 0),
(1176, 90176, 1, 'Olitel_000281', 'Enviado', '2020-02-12', '281', 1492000, 0),
(1177, 90176, 1, 'Olitel_000384', 'Enviado', '2020-03-20', '384', 1969705, 0),
(1178, 90176, 1, 'Olitel_000461', 'Enviado', '2019-12-02', '461', 2554000, 0),
(1179, 90176, 1, 'Olitel_000608', 'Enviado', '2019-11-29', '608', 4400000, 0),
(1180, 90176, 1, 'Olitel_000627', 'Enviado', '2020-02-12', '627', 4400000, 0),
(1181, 7, 1, 'Olitel_000279', 'Enviado', '2020-01-06', '279', 1490646, 0),
(1182, 7, 1, 'Olitel_000566', 'Enviado', '2020-01-31', '566', 4200000, 0),
(1183, 7, 1, 'Olitel_000567', 'Enviado', '2020-03-09', '567', 4200000, 0),
(1184, 7, 1, 'Olitel_000568', 'Enviado', '2020-04-01', '568', 4200000, 0),
(1185, 7, 1, 'Olitel_000571', 'Enviado', '2019-12-02', '571', 4374194, 0),
(1186, 10002, 1, 'Olitel_000494', 'Facturado', '2019-11-29', '494', 2696774, 0),
(1187, 90224, 1, 'Olitel_000121', 'Facturado', '2019-11-29', '121', 632000, 0),
(1188, 9, 1, 'Olitel_001008', 'Enviado', '2020-04-07', '1008', 24485243, 0),
(1189, 10002, 1, 'Olitel_000145', 'Facturado', '2019-12-10', '145', 733000, 0),
(1190, 10002, 1, 'Olitel_000208', 'Facturado', '2019-12-02', '208', 1049400, 0),
(1191, 10003, 1, 'Olitel_000495', 'Facturado', '2019-12-02', '495', 2696774, 0),
(1192, 10004, 1, 'Olitel_000119', 'Enviado', '2019-12-10', '119', 575700, 0),
(1193, 10004, 1, 'Olitel_000130', 'Enviado', '2019-11-29', '130', 681000, 0),
(1194, 10004, 1, 'Olitel_000493', 'Enviado', '2019-11-29', '493', 2696774, 0),
(1195, 10004, 1, 'Olitel_000610', 'Enviado', '2019-11-29', '610', 4400000, 0),
(1196, 10005, 1, 'Olitel_000183', 'Facturado', '2019-11-29', '183', 879000, 0),
(1197, 10005, 1, 'Olitel_000492', 'Facturado', '2019-11-29', '492', 2696774, 0),
(1198, 10005, 1, 'Olitel_000529', 'Facturado', '2019-12-10', '529', 3212000, 0),
(1199, 90224, 1, 'Olitel_000030', 'Facturado', '2019-12-10', '30', 88000, 0),
(1200, 90224, 1, 'Olitel_000033', 'Facturado', '2019-11-29', '33', 121000, 0),
(1201, 90224, 1, 'Olitel_000595', 'Facturado', '2019-11-29', '595', 4400000, 0),
(1202, 90224, 1, 'Olitel_000613', 'Facturado', '2019-12-10', '613', 4400000, 0),
(1203, 90812, 3, 'Olitel_000038', 'Enviado', '2020-04-13', '38', 125483, 0),
(1204, 90812, 3, 'Olitel_000039', 'Enviado', '2020-04-13', '39', 125483, 0),
(1205, 90812, 3, 'Olitel_000040', 'Enviado', '2020-04-13', '40', 125483, 0),
(1206, 90812, 3, 'Olitel_000041', 'Enviado', '2020-04-13', '41', 125483, 0),
(1207, 90812, 3, 'Olitel_000042', 'Enviado', '2020-04-13', '42', 125483, 0),
(1208, 90812, 3, 'Olitel_000043', 'Enviado', '2020-04-13', '43', 125483, 0),
(1209, 90812, 3, 'Olitel_000044', 'Enviado', '2020-04-13', '44', 125483, 0),
(1210, 90812, 3, 'Olitel_000078', 'Enviado', '2020-04-13', '78', 218644, 0),
(1211, 90812, 3, 'Olitel_000079', 'Enviado', '2020-04-13', '79', 218644, 0),
(1212, 5, 1, 'Olitel_000732', 'Enviado', '2020-03-10', '732', 3766529, 0),
(1213, 5, 1, 'Olitel_000982', 'Enviado', '2020-03-10', '982', 18832643, 0),
(1214, 90812, 3, 'Olitel_000046', 'Enviado', '2020-04-15', '46', 125483, 0),
(1215, 16, 1, 'Olitel_000888', 'Enviado', '2020-04-01', '888', 9860000, 0),
(1216, 16, 1, 'Olitel_001047', 'Enviado', '2020-04-01', '1047', 29750000, 0),
(1217, 10002, 1, 'Olitel_000070', 'Facturado', '2020-02-27', '70', 194000, 0),
(1218, 10002, 1, 'Olitel_000615', 'Facturado', '2019-11-29', '615', 4400000, 0),
(1219, 10002, 1, 'Olitel_000616', 'Facturado', '2019-12-02', '616', 4400000, 0),
(1220, 10003, 1, 'Olitel_000196', 'Facturado', '2019-11-29', '196', 953000, 0),
(1221, 10003, 1, 'Olitel_000213', 'Facturado', '2020-02-27', '213', 1078087, 0),
(1222, 10003, 1, 'Olitel_000563', 'Facturado', '2019-11-29', '563', 3947000, 0),
(1223, 10003, 1, 'Olitel_000564', 'Facturado', '2019-12-10', '564', 3947000, 0),
(1224, 10003, 1, 'Olitel_000612', 'Facturado', '2019-11-29', '612', 4400000, 0),
(1225, 10004, 1, 'Olitel_000241', 'Enviado', '2020-01-13', '241', 1366000, 0),
(1226, 10004, 1, 'Olitel_000605', 'Enviado', '2019-11-29', '605', 4400000, 0),
(1227, 10005, 1, 'Olitel_000120', 'Facturado', '2020-02-27', '120', 626000, 0),
(1228, 10005, 1, 'Olitel_000209', 'Facturado', '2020-01-13', '209', 1058000, 0),
(1229, 10005, 1, 'Olitel_000604', 'Facturado', '2019-11-29', '604', 4400000, 0),
(1230, 10005, 1, 'Olitel_000609', 'Facturado', '2019-11-29', '609', 4400000, 0),
(1231, 12000, 2, 'Olitel_001417', 'Enviado', '2020-06-10', '1417', 1179000, 0),
(1232, 19999, 2, 'Olitel_001416', 'Facturado', '2017-02-23', '1416', 2403000, 2410539),
(1235, 90224, 1, 'Olitel_000020', 'Facturado', '2020-01-13', '20', 66000, 0),
(1236, 90224, 1, 'Olitel_000069', 'Facturado', '2020-02-07', '69', 165000, 0),
(1237, 90224, 1, 'Olitel_000607', 'Facturado', '2019-11-29', '607', 4400000, 0),
(1238, 10004, 1, 'Olitel_000233', 'Enviado', '2019-11-29', '233', 1193000, 0),
(1239, 10005, 1, 'Olitel_000122', 'Facturado', '2019-11-29', '122', 638000, 0),
(1240, 90224, 1, 'Olitel_000015', 'Facturado', '2019-11-29', '15', 44000, 0),
(1241, 90224, 1, 'Olitel_000717', 'Facturado', '2019-08-05', '717', 4675000, 0),
(1242, 9, 1, 'Olitel_000915', 'Enviado', '2020-04-07', '915', 11082882, 0),
(1243, 5, 1, 'Olitel_000490', 'Enviado', '2020-04-07', '490', 3766529, 0),
(1244, 9, 1, 'Olitel_000976', 'Enviado', '2020-03-18', '976', 17569516, 0),
(1245, 15, 1, 'Olitel_000359', 'Enviado', '2020-04-01', '359', 1793153, 0),
(1246, 90224, 1, 'Olitel_000480', 'Facturado', '2019-07-03', '480', 2475000, 0),
(1247, 90224, 1, 'Olitel_000710', 'Facturado', '2019-07-03', '710', 5010500, 0),
(1248, 90224, 1, 'Olitel_000718', 'Facturado', '2019-07-24', '718', 4950000, 0),
(1249, 20001, 2, 'Olitel_001929', 'Facturado', NULL, '1929', NULL, 0),
(1250, 20002, 2, 'Olitel_001419', 'Enviado', '2019-12-04', '1419', 4867000, 0),
(1251, 20003, 2, 'Olitel_001740', 'Enviado', '2019-12-05', '1740', 2750135, 0),
(1252, 20005, 2, 'Olitel_001420', 'Enviado', '2020-06-03', '1420', 4160000, 0),
(1253, 20006, 2, 'Olitel_001723', 'Enviado', '2019-12-04', '1723', 2662500, 0),
(1254, 20007, 2, 'Olitel_001421', 'Enviado', '2019-12-13', '1421', 6467000, 0),
(1255, 20008, 2, 'Olitel_001728', 'Enviado', '2019-12-05', '1728', 4630500, 0),
(1256, 20009, 2, 'Olitel_001731', 'Enviado', '2019-12-05', '1731', 4069143, 0),
(1257, 20010, 2, 'Olitel_001736', 'Enviado', '2019-12-05', '1736', 1416000, 0),
(1258, 20011, 2, 'Olitel_001422', 'Enviado', '2020-03-10', '1422', 2461000, 0),
(1259, 20012, 2, 'Olitel_001930', 'Facturado', NULL, '1930', NULL, 3771250),
(1260, 20013, 2, 'Olitel_001425', 'Enviado', '2020-03-06', '1425', 2181250, 0),
(1261, 20014, 2, 'Olitel_001424', 'Enviado', '2020-07-01', '1424', 2685000, 0),
(1262, 20015, 2, 'Olitel_001427', 'Enviado', '2019-12-13', '1427', 7208250, 0),
(1263, 20016, 2, 'Olitel_001428', 'Enviado', '2020-05-15', '1428', 1748000, 0),
(1264, 20017, 2, 'Olitel_001426', 'Facturado', NULL, '1426', NULL, 0),
(1265, 20018, 2, 'Olitel_001429', 'Enviado', '2020-03-11', '1429', 8035200, 0),
(1266, 20019, 2, 'Olitel_001931', 'Facturado', NULL, '1931', NULL, 3900000),
(1267, 20020, 2, 'Olitel_001433', 'Enviado', '2020-03-10', '1433', 1657000, 0),
(1268, 20021, 2, 'Olitel_001431', 'Facturado', NULL, '1431', NULL, 0),
(1269, 20023, 2, 'Olitel_001432', 'Enviado', '2020-06-04', '1432', 3077400, 0),
(1270, 20024, 2, 'Olitel_001434', 'Facturado', NULL, '1434', NULL, 0),
(1271, 20025, 2, 'Olitel_001447', 'Facturado', '2017-01-18', '1447', 10803500, 17154859),
(1272, 20026, 2, 'Olitel_001448', 'Facturado', '2017-01-18', '1448', 9468000, 9468000),
(1273, 20027, 2, 'Olitel_001449', 'Enviado', '2017-02-23', '1449', 6324000, 0),
(1274, 20028, 2, 'Olitel_001450', 'Enviado', '2017-03-30', '1450', 2650000, 0),
(1275, 20029, 2, 'Olitel_001451', 'Enviado', '2017-03-10', '1451', 5711000, 3663896),
(1276, 20030, 2, 'Olitel_001452', 'Facturado', '2017-05-02', '1452', 1893600, 1915702),
(1277, 20031, 2, 'Olitel_001453', 'Enviado', '2017-05-12', '1453', 1857100, 0),
(1278, 20032, 2, 'Olitel_001454', 'Facturado', '2017-01-13', '1454', 315600, 317643),
(1279, 20033, 2, 'Olitel_001455', 'Enviado', '2017-03-30', '1455', 7662807, 7632000),
(1280, 90224, 1, 'Olitel_000721', 'Facturado', '2019-07-03', '721', 4950000, 0),
(1281, 20035, 2, 'Olitel_001457', 'Enviado', '2017-02-21', '1457', 5270620, 5228590),
(1282, 20036, 2, 'Olitel_001458', 'Facturado', '2017-02-21', '1458', 1950112, 1956778),
(1283, 20037, 2, 'Olitel_001459', 'Enviado', '2017-03-15', '1459', 4220000, 3191267),
(1284, 20038, 2, 'Olitel_001460', 'Facturado', '2017-03-06', '1460', 12181803, 12181803),
(1285, 20039, 2, 'Olitel_001461', 'Facturado', '2017-02-23', '1461', 398846, 398846),
(1287, 21001, 2, 'Olitel_001549', 'Enviado', '2019-06-20', '1549', 412500, 0),
(1288, 21002, 2, 'Olitel_001464', 'Facturado', '2019-02-11', '1464', 305500, 306670),
(1289, 21002, 2, 'Olitel_001465', 'Facturado', '2020-07-07', '1465', NULL, 0),
(1290, 21003, 2, 'Olitel_001693', 'Enviado', '2019-12-05', '1693', 436000, 0),
(1291, 21004, 2, 'Olitel_001468', 'Facturado', '2019-04-16', '1468', 1150000, 1150000),
(1292, 21005, 2, 'Olitel_001545', 'Enviado', '2019-06-20', '1545', 412500, 0),
(1293, 21006, 2, 'Olitel_001470', 'Facturado', '2019-04-01', '1470', 2000000, 2000000),
(1294, 21007, 2, 'Olitel_001516', 'Enviado', '2019-12-05', '1516', 1083750, 0),
(1295, 21008, 2, 'Olitel_001680', 'Enviado', '2019-12-05', '1680', 1083750, 0),
(1296, 21009, 2, 'Olitel_001538', 'Enviado', '2019-12-05', '1538', 1638750, 0),
(1297, 21010, 2, 'Olitel_001751', 'Enviado', '2019-12-05', '1751', 736000, 0),
(1298, 21012, 2, 'Olitel_001438', 'Enviado', '2019-12-05', '1438', 736000, 0),
(1299, 21013, 2, 'Olitel_001756', 'Enviado', '2019-12-06', '1756', 853000, 0),
(1300, 30000, 1, 'Olitel_001817', 'Enviado', '2020-01-15', '1817', 6524860, 0),
(1301, 30000, 1, 'Olitel_001818', 'Enviado', '2020-01-15', '1818', 2717431, 0),
(1302, 31001, 3, 'Olitel_001483', 'Facturado', '2019-09-27', '1483', 3212790, 3212790),
(1303, 31002, 3, 'Olitel_001734', 'Enviado', '2019-09-04', '1734', 4096062, 0),
(1304, 31003, 3, 'Olitel_001722', 'Enviado', '2019-09-05', '1722', 3032346, 0),
(1305, 10002, 1, 'Olitel_000621', 'Facturado', '2019-12-02', '621', 4400000, 0),
(1306, 31005, 3, 'Olitel_001443', 'Enviado', '2019-11-15', '1443', 1695456, 0),
(1307, 31006, 3, 'Olitel_001488', 'Facturado', '2020-02-27', '1488', 1695457, 3390915),
(1308, 31007, 3, 'Olitel_001490', 'Enviado', '2019-11-13', '1490', 1695457, 0),
(1309, 31008, 3, 'Olitel_001552', 'Enviado', '2019-09-24', '1552', 1476237, 0),
(1310, 31009, 3, 'Olitel_001727', 'Enviado', '2019-09-16', '1727', 1476238, 0),
(1311, 31010, 3, 'Olitel_001755', 'Enviado', '2019-09-24', '1755', 1796410, 0),
(1312, 31011, 3, 'Olitel_001762', 'Enviado', '2019-10-24', '1762', 2940055, 0),
(1313, 31012, 3, 'Olitel_001446', 'Enviado', '2019-12-12', '1446', 2106302, 0),
(1314, 31013, 3, 'Olitel_001467', 'Enviado', '2019-05-22', '1467', 1685041, 0),
(1315, 31014, 3, 'Olitel_001472', 'Enviado', '2020-04-01', '1472', 1368008, 0),
(1316, 31015, 3, 'Olitel_001474', 'Enviado', '2019-11-29', '1474', 1364200, 0),
(1317, 31016, 3, 'Olitel_001476', 'Enviado', '2019-12-06', '1476', 1349840, 0),
(1318, 31017, 3, 'Olitel_001768', 'Enviado', '2019-12-27', '1768', 1368008, 0),
(1319, 31018, 3, 'Olitel_001861', 'Enviado', '2020-04-15', '1861', 1581210, 0),
(1320, 31019, 3, 'Olitel_001909', 'Enviado', '2020-01-10', '1909', 1614663, 0),
(1321, 31020, 3, 'Olitel_001840', 'Enviado', '2020-02-06', '1840', 1436000, 0),
(1322, 31021, 3, 'Olitel_001843', 'Enviado', '2020-04-22', '1843', 1619618, 0),
(1323, 31022, 3, 'Olitel_001855', 'Enviado', '2020-04-20', '1855', 1936061, 0),
(1324, 32001, 3, 'Olitel_001502', 'Facturado', '2019-11-15', '1502', 1904527, 1904527),
(1325, 32002, 3, 'Olitel_001478', 'Enviado', '2019-11-15', '1478', 1904527, 0),
(1326, 33012, 3, 'Olitel_001479', 'Enviado', '2019-05-22', '1479', 125483, 0),
(1327, 33013, 3, 'Olitel_001480', 'Enviado', '2019-05-22', '1480', 125483, 0),
(1328, 33014, 3, 'Olitel_001769', 'Enviado', '2019-12-24', '1769', 125483, 0),
(1329, 33015, 3, 'Olitel_001828', 'Enviado', '2019-11-30', '1828', 125483, 0),
(1330, 33016, 3, 'Olitel_001829', 'Enviado', '2019-11-30', '1829', 125483, 0),
(1331, 33017, 3, 'Olitel_001830', 'Enviado', '2020-04-20', '1830', 125483, 0),
(1332, 33051, 3, 'Olitel_001831', 'Enviado', '2019-11-07', '1831', 125483, 0),
(1333, 33052, 3, 'Olitel_001832', 'Enviado', '2019-12-24', '1832', 125483, 0),
(1334, 10002, 1, 'Olitel_000624', 'Facturado', '2020-02-27', '624', 4400000, 0),
(1335, 10003, 1, 'Olitel_000512', 'Facturado', '2020-01-13', '512', 2898500, 0),
(1336, 10003, 1, 'Olitel_000619', 'Facturado', '2019-11-29', '619', 4400000, 0),
(1337, 10003, 1, 'Olitel_000620', 'Facturado', '2020-02-27', '620', 4400000, 0),
(1338, 10004, 1, 'Olitel_000601', 'Enviado', '2019-11-29', '601', 4400000, 0),
(1339, 10005, 1, 'Olitel_000204', 'Facturado', '2020-03-25', '204', 1013000, 0),
(1340, 10005, 1, 'Olitel_000600', 'Facturado', '2019-11-29', '600', 4400000, 0),
(1341, 90224, 1, 'Olitel_000602', 'Facturado', '2019-11-29', '602', 4400000, 0),
(1342, 90224, 1, 'Olitel_000622', 'Facturado', '2020-01-13', '622', 4400000, 0),
(1343, 10003, 1, 'Olitel_000625', 'Facturado', '2019-11-29', '625', 4400000, 0),
(1344, 10003, 1, 'Olitel_000626', 'Facturado', '2019-11-29', '626', 4400000, 0),
(1345, 10004, 1, 'Olitel_000410', 'Enviado', '2020-02-27', '410', 2026000, 0),
(1346, 10004, 1, 'Olitel_000628', 'Enviado', '2020-02-27', '628', 4400000, 0),
(1347, 10005, 1, 'Olitel_000623', 'Facturado', '2020-02-27', '623', 4400000, 0),
(1348, 90224, 1, 'Olitel_000629', 'Facturado', '2020-02-07', '629', 4400000, 0),
(1349, 40002, 2, 'Olitel_001507', 'Enviado', '2019-11-29', '1507', 1265417, 0),
(1350, 9, 1, 'Olitel_000902', 'Enviado', '2020-04-07', '902', 10495248, 0),
(1351, 40004, 2, 'Olitel_001509', 'Enviado', '2019-10-29', '1509', 2192808, 0),
(1352, 9, 1, 'Olitel_000907', 'Enviado', '2020-04-07', '907', 10643626, 0),
(1353, 5, 1, 'Olitel_000916', 'Enviado', '2020-04-07', '916', 9416320, 0),
(1354, 6, 1, 'Olitel_000956', 'Enviado', '2020-04-01', '956', 14600000, 0),
(1355, 40008, 2, 'Olitel_001789', 'Enviado', '2019-11-06', '1789', 200000, 0),
(1356, 40008, 2, 'Olitel_001790', 'Enviado', '2019-11-06', '1790', 200000, 0),
(1357, 10001, 1, 'Olitel_000390', 'Enviado', '2020-04-16', '390', 2000000, 0),
(1358, 40010, 2, 'Olitel_001792', 'Enviado', '2019-11-06', '1792', 221612, 0),
(1359, 40011, 2, 'Olitel_001793', 'Enviado', '2019-11-06', '1793', 210806, 0),
(1360, 40012, 2, 'Olitel_001794', 'Enviado', '2019-12-12', '1794', 576890, 0),
(1361, 40013, 2, 'Olitel_001795', 'Enviado', '2020-01-27', '1795', 427278, 0),
(1362, 40013, 2, 'Olitel_001796', 'Enviado', '2020-01-27', '1796', 427278, 0),
(1363, 40014, 2, 'Olitel_001797', 'Enviado', '2019-12-12', '1797', 790608, 0),
(1364, 40015, 2, 'Olitel_001798', 'Enviado', '2019-11-25', '1798', 384847, 0),
(1365, 40016, 2, 'Olitel_001799', 'Enviado', '2020-04-09', '1799', 821966, 0),
(1366, 40017, 2, 'Olitel_001800', 'Facturado', NULL, '1800', NULL, 0),
(1367, 40018, 2, 'Olitel_001801', 'Enviado', '2020-03-06', '1801', 471408, 0),
(1368, 40019, 2, 'Olitel_001802', 'Enviado', '2020-01-08', '1802', 289410, 0),
(1369, 40020, 2, 'Olitel_001803', 'Facturado', '2020-02-20', '1803', 662505, 1392764),
(1370, 40021, 2, 'Olitel_001808', 'Enviado', '2019-12-12', '1808', 256000, 0),
(1371, 40022, 2, 'Olitel_001814', 'Enviado', '2020-01-31', '1814', 911605, 0),
(1372, 40023, 2, 'Olitel_001815', 'Enviado', '2020-02-10', '1815', 1054800, 0),
(1373, 40024, 2, 'Olitel_001816', 'Enviado', '2020-01-08', '1816', 492110, 0),
(1374, 40025, 2, 'Olitel_001819', 'Enviado', '2020-04-01', '1819', 906935, 0),
(1375, 40026, 2, 'Olitel_001826', 'Facturado', NULL, '1826', NULL, 0),
(1376, 40027, 2, 'Olitel_001827', 'Enviado', '2020-03-25', '1827', 885528, 0),
(1377, 40028, 2, 'Olitel_001839', 'Enviado', '2020-03-25', '1839', 527832, 0),
(1378, 40029, 2, 'Olitel_001848', 'Enviado', '2020-04-03', '1848', 1937247, 0),
(1379, 40030, 2, 'Olitel_001849', 'Enviado', '2020-03-11', '1849', 893842, 0),
(1380, 40031, 2, 'Olitel_001850', 'Enviado', '2020-03-09', '1850', 676942, 0),
(1381, 40032, 2, 'Olitel_001851', 'Facturado', NULL, '1851', NULL, 0),
(1382, 40033, 2, 'Olitel_001856', 'Enviado', '2020-03-10', '1856', 557797, 0),
(1383, 40034, 2, 'Olitel_001903', 'Facturado', NULL, '1903', NULL, 0),
(1384, 40035, 2, 'Olitel_001904', 'Enviado', '2020-03-13', '1904', 474575, 0),
(1385, 40036, 2, 'Olitel_001905', 'Enviado', '2020-04-03', '1905', 722245, 0),
(1386, 40037, 2, 'Olitel_001906', 'Enviado', '2020-04-03', '1906', 416214, 0),
(1387, 40038, 2, 'Olitel_001907', 'Enviado', '2020-04-15', '1907', 402453, 0),
(1388, 40039, 2, 'Olitel_001908', 'Enviado', '2020-04-15', '1908', 415265, 0),
(1389, 40044, 2, 'Olitel_001513', 'Facturado', '2017-05-05', '1513', 5200000, 5200300),
(1390, 50001, 2, 'Olitel_001548', 'Enviado', '2019-06-20', '1548', 1356250, 0),
(1391, 10001, 1, 'Olitel_000582', 'Enviado', '2020-04-16', '582', 4400000, 0),
(1392, 10002, 1, 'Olitel_000369', 'Facturado', '2020-01-13', '369', 1863500, 0),
(1393, 50004, 2, 'Olitel_001692', 'Enviado', '2019-12-04', '1692', 485000, 0),
(1394, 50005, 4, 'Olitel_001787', 'Enviado', NULL, '1787', NULL, 0),
(1395, 50006, 4, 'Olitel_001864', 'Enviado', NULL, '1864', NULL, 0),
(1396, 50007, 4, 'Olitel_001920', 'Facturado', '2020-07-07', '1920', 1638431, 1638431),
(1397, 50008, 4, 'Olitel_001921', 'Facturado', '2020-07-07', '1921', 2436668, 2436668),
(1398, 50009, 4, 'Olitel_001940', 'Enviado', '2020-07-07', '1940', 381864, 0),
(1399, 60000, 2, 'Olitel_001820', 'Enviado', '2019-12-17', '1820', 125483, 0),
(1400, 60320, 2, 'Olitel_001517', 'Facturado', '2017-02-15', '1517', 710100, 714374),
(1401, 60344, 2, 'Olitel_001518', 'Facturado', '2017-02-15', '1518', 312000, 317315),
(1402, 60349, 2, 'Olitel_001519', 'Facturado', '2017-01-26', '1519', 312000, 316705),
(1403, 60355, 2, 'Olitel_001520', 'Facturado', '2017-01-26', '1520', 312000, 317499),
(1404, 60358, 2, 'Olitel_001521', 'Facturado', '2017-01-26', '1521', 315600, 317315),
(1408, 60374, 2, 'Olitel_001525', 'Facturado', '2017-03-13', '1525', 395295, 397521),
(1409, 60375, 2, 'Olitel_001526', 'Facturado', '2017-02-22', '1526', 395295, 396093),
(1412, 60360, 2, 'Olitel_001522', 'Facturado', '2017-01-04', '1522', 2235500, 2243328),
(1413, 60365, 2, 'Olitel_001523', 'Facturado', '2017-08-16', '1523', 666250, 670062),
(1414, 60373, 2, 'Olitel_001524', 'Facturado', '2017-02-23', '1524', 1317000, 1322915),
(1421, 70008, 3, 'Olitel_001534', 'Enviado', '2019-07-17', '1534', 125483, 0),
(1423, 70010, 2, 'Olitel_001536', 'Enviado', '2019-07-10', '1536', 1300000, 1300000),
(1424, 70010, 3, 'Olitel_001537', 'Enviado', '2019-07-24', '1537', 125483, 0),
(1425, 70010, 2, 'Olitel_001764', 'Enviado', '2019-09-12', '1764', 420000, 0),
(1426, 70011, 3, 'Olitel_001539', 'Enviado', '2019-07-29', '1539', 125483, 0),
(1428, 70013, 2, 'Olitel_001542', 'Enviado', '2019-07-29', '1542', 1979000, 1979000),
(1429, 70013, 3, 'Olitel_001594', 'Enviado', '2019-08-01', '1594', 125483, 0),
(1430, 70014, 3, 'Olitel_001543', 'Enviado', '2019-08-06', '1543', 125483, 0),
(1431, 70015, 3, 'Olitel_001544', 'Enviado', '2019-08-08', '1544', 125483, 0),
(1432, 70016, 3, 'Olitel_001626', 'Enviado', '2019-08-12', '1626', 125483, 0),
(1433, 70017, 3, 'Olitel_001546', 'Enviado', '2019-08-14', '1546', 125483, 0),
(1434, 70018, 3, 'Olitel_001547', 'Enviado', '2019-08-19', '1547', 125483, 0),
(1435, 70019, 3, 'Olitel_001646', 'Enviado', '2019-08-28', '1646', 125483, 0),
(1436, 70020, 3, 'Olitel_001647', 'Enviado', '2019-08-29', '1647', 125483, 0),
(1437, 70021, 3, 'Olitel_001652', 'Enviado', '2019-08-30', '1652', 125483, 0),
(1438, 70022, 3, 'Olitel_001659', 'Enviado', '2019-08-30', '1659', 125483, 0),
(1439, 70023, 3, 'Olitel_001553', 'Enviado', '2019-09-02', '1553', 125483, 0),
(1440, 70024, 3, 'Olitel_001554', 'Enviado', '2019-09-02', '1554', 125483, 0),
(1441, 70025, 3, 'Olitel_001555', 'Enviado', '2019-09-03', '1555', 125483, 0),
(1442, 70026, 3, 'Olitel_001556', 'Enviado', '2019-09-03', '1556', 125483, 0),
(1443, 70027, 3, 'Olitel_001557', 'Enviado', '2019-09-03', '1557', 125483, 0),
(1444, 70028, 3, 'Olitel_001558', 'Enviado', '2019-09-06', '1558', 125483, 0),
(1445, 70029, 3, 'Olitel_001559', 'Enviado', '2019-09-06', '1559', 125483, 0),
(1446, 70030, 3, 'Olitel_001560', 'Enviado', '2019-09-09', '1560', 125483, 0),
(1447, 70031, 3, 'Olitel_001561', 'Facturado', '2019-09-10', '1561', 125483, 1129347),
(1448, 70032, 3, 'Olitel_001671', 'Enviado', '2019-10-16', '1671', 125483, 0),
(1449, 70033, 3, 'Olitel_001687', 'Enviado', '2019-10-22', '1687', 125483, 0),
(1450, 80000, 2, 'Olitel_001435', 'Enviado', '2020-06-10', '1435', 434550, 0),
(1451, 80001, 2, 'Olitel_001486', 'Enviado', '2020-06-10', '1486', 434550, 0),
(1452, 80002, 2, 'Olitel_001812', 'Enviado', '2020-01-03', '1812', 1293000, 0),
(1453, 80003, 2, 'Olitel_001493', 'Enviado', '2020-06-10', '1493', 1895325, 0),
(1454, 80004, 2, 'Olitel_001494', 'Enviado', '2020-06-10', '1494', 1017000, 0),
(1455, 80005, 2, 'Olitel_001496', 'Enviado', '2020-06-03', '1496', 646500, 0),
(1456, 80006, 2, 'Olitel_001498', 'Facturado', NULL, '1498', NULL, 0),
(1457, 80007, 2, 'Olitel_001847', 'Enviado', '2020-04-03', '1847', 672500, 0),
(1458, 80008, 2, 'Olitel_001852', 'Enviado', '2020-04-03', '1852', 538000, 0),
(1459, 80009, 2, 'Olitel_001853', 'Enviado', '2020-04-03', '1853', 1013000, 0),
(1460, 80010, 2, 'Olitel_001857', 'Enviado', '2020-06-10', '1857', 538000, 0),
(1461, 80011, 2, 'Olitel_001757', 'Enviado', '2020-06-03', '1757', 1391938, 0),
(1462, 90100, 2, 'Olitel_001564', 'Facturado', '2017-04-07', '1564', 4704000, 5943999),
(1463, 90101, 2, 'Olitel_001565', 'Facturado', '2017-08-16', '1565', 3458000, 4321893),
(1464, 90102, 2, 'Olitel_001566', 'Facturado', '2017-02-22', '1566', 4875305, 4898316),
(1465, 90103, 2, 'Olitel_001567', 'Enviado', '2017-04-07', '1567', 1698000, 0),
(1466, 90105, 2, 'Olitel_001568', 'Enviado', '2017-08-04', '1568', 1981700, 1963284),
(1467, 90106, 2, 'Olitel_001569', 'Facturado', '2017-02-28', '1569', 316296, 318000),
(1468, 90107, 2, 'Olitel_001570', 'Facturado', '2017-02-24', '1570', 2074800, 2074986),
(1469, 90108, 2, 'Olitel_001571', 'Facturado', '2017-05-02', '1571', 1118501, 1118501),
(1470, 90109, 2, 'Olitel_001572', 'Facturado', '2017-08-02', '1572', 4956900, 4993298),
(1471, 90110, 2, 'Olitel_001573', 'Enviado', '2017-03-28', '1573', 768500, 0),
(1472, 90111, 2, 'Olitel_001574', 'Facturado', '2017-02-09', '1574', 2527516, 2536143),
(1473, 90112, 2, 'Olitel_001575', 'Facturado', '2017-06-03', '1575', 10640000, 10655452),
(1474, 90113, 2, 'Olitel_001576', 'Facturado', '2017-05-15', '1576', 1064690, 1064690),
(1475, 90114, 2, 'Olitel_001577', 'Facturado', '2017-08-02', '1577', 5863000, 5896542),
(1476, 90115, 2, 'Olitel_001578', 'Facturado', '2017-10-03', '1578', 1722591, 1722591),
(1477, 90116, 2, 'Olitel_001579', 'Facturado', '2017-08-02', '1579', 912646, 919592),
(1478, 10002, 1, 'Olitel_000528', 'Facturado', '2020-03-25', '528', 3166000, 0),
(1479, 90118, 2, 'Olitel_001581', 'Enviado', '2017-09-21', '1581', 19345000, 18665962),
(1480, 90119, 2, 'Olitel_001582', 'Facturado', '2017-05-15', '1582', 4522000, 4533669),
(1481, 90120, 2, 'Olitel_001583', 'Facturado', '2017-06-30', '1583', 8512000, 8519952),
(1482, 90121, 2, 'Olitel_001584', 'Facturado', '2017-05-17', '1584', 1596000, 1608148),
(1483, 90122, 2, 'Olitel_001585', 'Facturado', '2017-08-03', '1585', 1968400, 2680246),
(1484, 90123, 2, 'Olitel_001586', 'Facturado', '2017-06-14', '1586', 5318090, 5318090),
(1485, 90124, 2, 'Olitel_001587', 'Facturado', '2017-08-30', '1587', 1166000, 1173055),
(1486, 90126, 2, 'Olitel_001588', 'Facturado', '2017-05-15', '1588', 4468800, 4480332),
(1487, 90127, 2, 'Olitel_001589', 'Facturado', '2017-05-19', '1589', 2984799, 2984799),
(1488, 90128, 2, 'Olitel_001590', 'Facturado', '2017-07-18', '1590', 1383200, 1384226),
(1489, 90129, 2, 'Olitel_001591', 'Facturado', '2018-02-10', '1591', 2140000, 2158932),
(1490, 10002, 1, 'Olitel_000632', 'Facturado', '2020-03-25', '632', 4400000, 0),
(1491, 90131, 2, 'Olitel_001593', 'Facturado', '2018-02-10', '1593', 532000, 539733),
(1492, 90132, 2, 'Olitel_001436', 'Facturado', '2017-06-20', '1436', 1862000, 1916523),
(1493, 90133, 2, 'Olitel_001595', 'Facturado', '2017-07-18', '1595', 665000, 1012201),
(1494, 90134, 2, 'Olitel_001596', 'Facturado', '2017-07-19', '1596', 532000, 533373),
(1495, 90135, 2, 'Olitel_001597', 'Facturado', '2017-07-18', '1597', 1310050, 1313022),
(1496, 90136, 2, 'Olitel_001598', 'Enviado', '2017-12-04', '1598', 4964895, 3216295),
(1497, 90137, 2, 'Olitel_001599', 'Enviado', '2017-06-22', '1599', 860510, 860312),
(1498, 90139, 2, 'Olitel_001600', 'Facturado', '2017-06-23', '1600', 4323749, 4323749),
(1499, 90140, 2, 'Olitel_001601', 'Facturado', '2017-07-31', '1601', 319200, 977423),
(1500, 90141, 2, 'Olitel_001602', 'Facturado', '2017-09-27', '1602', 665000, 666389),
(1501, 90142, 2, 'Olitel_001603', 'Facturado', '2017-08-02', '1603', 1489600, 1489733),
(1502, 90143, 2, 'Olitel_001604', 'Enviado', '2017-07-19', '1604', 1497314, 1496970),
(1503, 90144, 2, 'Olitel_001605', 'Enviado', '2017-07-13', '1605', 2296000, 2287805),
(1504, 90145, 2, 'Olitel_001606', 'Enviado', '2017-07-19', '1606', 3043800, 3032671),
(1505, 10003, 1, 'Olitel_000460', 'Facturado', '2020-03-25', '460', 2545000, 0),
(1506, 10003, 1, 'Olitel_000631', 'Facturado', '2020-03-25', '631', 4400000, 0),
(1507, 10004, 1, 'Olitel_000618', 'Enviado', '2019-12-29', '618', 4400000, 0),
(1508, 10004, 1, 'Olitel_000634', 'Enviado', '2020-03-25', '634', 4400000, 0),
(1509, 10005, 1, 'Olitel_000614', 'Facturado', '2019-11-29', '614', 4400000, 0),
(1510, 90147, 1, 'Olitel_000342', 'Enviado', '2020-04-16', '342', 1714000, 0),
(1511, 90147, 1, 'Olitel_000635', 'Enviado', '2020-04-16', '635', 4400000, 0),
(1512, 90176, 1, 'Olitel_000519', 'Enviado', '2020-04-16', '519', 3025000, 0),
(1513, 90176, 1, 'Olitel_000642', 'Enviado', '2020-04-16', '642', 4400000, 0),
(1514, 90225, 1, 'Olitel_000287', 'Enviado', '2020-04-08', '287', 1561000, 0),
(1515, 10002, 1, 'Olitel_000019', 'Facturado', '2020-04-16', '19', 55000, 0),
(1516, 10002, 1, 'Olitel_000640', 'Facturado', '2019-12-02', '640', 4400000, 0),
(1517, 10002, 1, 'Olitel_000641', 'Facturado', '2020-04-16', '641', 4400000, 0),
(1518, 10003, 1, 'Olitel_000067', 'Facturado', '2020-04-16', '67', 143000, 0),
(1519, 10003, 1, 'Olitel_000639', 'Facturado', '2020-04-16', '639', 4400000, 0),
(1520, 10004, 1, 'Olitel_000425', 'Enviado', '2020-04-16', '425', 2182000, 0);
INSERT INTO `informe_de_pago` (`ID_IP`, `CP`, `ID_TIPO`, `NRO_COTI`, `ESTADO`, `FECHAENVIOIP`, `NIP`, `VALOR_IP`, `VALOR_FACTURADO`) VALUES
(1521, 10004, 1, 'Olitel_000503', 'Enviado', '2020-03-25', '503', 2823000, 0),
(1522, 10004, 1, 'Olitel_000643', 'Enviado', '2020-04-16', '643', 4400000, 0),
(1523, 10005, 1, 'Olitel_000016', 'Facturado', '2020-04-16', '16', 44000, 0),
(1524, 10005, 1, 'Olitel_000630', 'Facturado', '2020-03-25', '630', 4400000, 0),
(1525, 10005, 1, 'Olitel_000638', 'Facturado', '2020-04-16', '638', 4400000, 0),
(1526, 90224, 1, 'Olitel_000031', 'Facturado', '2020-04-16', '31', 88000, 0),
(1527, 90224, 1, 'Olitel_000636', 'Facturado', '2020-03-25', '636', 4400000, 0),
(1528, 90224, 1, 'Olitel_000644', 'Facturado', '2020-04-16', '644', 4400000, 0),
(1529, 90225, 1, 'Olitel_000937', 'Enviado', '2020-04-08', '937', 13200000, 0),
(1530, 9, 1, 'Olitel_000511', 'Enviado', '2020-05-11', '511', 2893800, 0),
(1531, 9, 1, 'Olitel_000989', 'Enviado', '2020-04-27', '989', 19266633, 0),
(1532, 14, 1, 'Olitel_000190', 'Enviado', '2020-05-05', '190', 900000, 0),
(1533, 14, 1, 'Olitel_000302', 'Enviado', '2020-04-01', '302', 1616861, 0),
(1534, 5, 1, 'Olitel_000860', 'Enviado', '2020-04-07', '860', 9303325, 0),
(1535, 5, 1, 'Olitel_000984', 'Enviado', '2020-04-07', '984', 18832643, 0),
(1536, 10002, 1, 'Olitel_000236', 'Facturado', '2019-12-02', '236', 1278000, 0),
(1537, 10003, 1, 'Olitel_000238', 'Facturado', '2019-12-02', '238', 1331000, 0),
(1538, 10004, 1, 'Olitel_000203', 'Enviado', '2019-11-29', '203', 1010000, 0),
(1539, 10005, 1, 'Olitel_000141', 'Facturado', '2019-11-29', '141', 704000, 0),
(1540, 90812, 3, 'Olitel_000047', 'Enviado', '2020-05-05', '47', 125483, 0),
(1541, 90812, 3, 'Olitel_000048', 'Enviado', '2020-05-05', '48', 125483, 0),
(1542, 90812, 3, 'Olitel_000049', 'Enviado', '2020-05-05', '49', 125483, 0),
(1543, 90812, 3, 'Olitel_000050', 'Enviado', '2020-05-05', '50', 125483, 0),
(1544, 90812, 3, 'Olitel_000051', 'Enviado', '2020-05-05', '51', 125483, 0),
(1545, 90812, 3, 'Olitel_000052', 'Enviado', '2020-05-05', '52', 125483, 0),
(1546, 90812, 3, 'Olitel_000053', 'Enviado', '2020-05-05', '53', 125483, 0),
(1547, 90812, 3, 'Olitel_000054', 'Enviado', '2020-05-05', '54', 125483, 0),
(1548, 90812, 3, 'Olitel_000055', 'Enviado', '2020-05-05', '55', 125483, 0),
(1549, 90812, 3, 'Olitel_000056', 'Enviado', '2020-05-05', '56', 125483, 0),
(1550, 90812, 3, 'Olitel_000057', 'Enviado', '2020-05-05', '57', 125483, 0),
(1551, 90812, 3, 'Olitel_000058', 'Enviado', '2020-05-05', '58', 125483, 0),
(1552, 90812, 3, 'Olitel_000059', 'Enviado', '2020-05-05', '59', 125483, 0),
(1553, 2, 1, 'Olitel_000400', 'Facturado', '2019-12-02', '400', 2000000, 0),
(1554, 2, 1, 'Olitel_000401', 'Facturado', '2019-12-02', '401', 2000000, 0),
(1555, 2, 1, 'Olitel_000402', 'Facturado', '2020-02-03', '402', 2000000, 0),
(1556, 2, 1, 'Olitel_000403', 'Facturado', '2020-03-02', '403', 2000000, 0),
(1557, 2, 1, 'Olitel_000404', 'Facturado', '2020-04-01', '404', 2000000, 0),
(1558, 5, 1, 'Olitel_000733', 'Enviado', '2020-04-07', '733', 5649793, 0),
(1559, 90812, 3, 'Olitel_000060', 'Enviado', '2020-05-05', '60', 125483, 0),
(1560, 90812, 3, 'Olitel_000081', 'Enviado', '2020-05-22', '81', 218644, 0),
(1561, 90812, 3, 'Olitel_000082', 'Enviado', '2020-05-22', '82', 218644, 0),
(1562, 90813, 3, 'Olitel_000035', 'Enviado', '2020-02-06', '35', 125483, 0),
(1563, 90813, 3, 'Olitel_000037', 'Enviado', '2020-03-11', '37', 125483, 0),
(1564, 90813, 3, 'Olitel_000085', 'Enviado', '2020-05-05', '85', 125480, 0),
(1565, 90813, 3, 'Olitel_000093', 'Enviado', '2020-05-05', '93', 344127, 0),
(1566, 90813, 3, 'Olitel_000099', 'Enviado', '2020-04-13', '99', 376449, 0),
(1567, 9, 1, 'Olitel_000927', 'Enviado', '2020-05-08', '927', 12550187, 0),
(1568, 3, 1, 'Olitel_000996', 'Enviado', '2020-04-01', '996', 20170224, 0),
(1569, 5, 1, 'Olitel_000488', 'Enviado', '2020-05-05', '488', 3766529, 0),
(1570, 5, 1, 'Olitel_000917', 'Enviado', '2020-05-05', '917', 9416320, 0),
(1571, 6, 1, 'Olitel_000700', 'Enviado', '2020-05-05', '700', 4611333, 0),
(1572, 6, 1, 'Olitel_000895', 'Enviado', '2020-05-05', '895', 9988667, 0),
(1573, 7, 1, 'Olitel_000569', 'Enviado', '2020-05-05', '569', 4200000, 0),
(1574, 16, 1, 'Olitel_000889', 'Enviado', '2020-05-05', '889', 9860000, 0),
(1575, 16, 1, 'Olitel_001048', 'Enviado', '2020-05-05', '1048', 29750000, 0),
(1576, 3, 1, 'Olitel_000217', 'Enviado', '2020-04-01', '217', 1134961, 0),
(1577, 5, 1, 'Olitel_000411', 'Enviado', '2020-05-05', '411', 2033925, 0),
(1579, 15, 1, 'Olitel_000337', 'Enviado', '2020-05-05', '337', 1700000, 0),
(1580, 90811, 2, 'Olitel_000142', 'Enviado', '2020-04-29', '142', 705000, 0),
(1585, 8, 1, 'Olitel_000918', 'Enviado', '2020-05-08', '918', 11266620, 0),
(1588, 90811, 2, 'Olitel_000107', 'Enviado', '2020-04-29', '107', 445000, 0),
(1589, 90811, 2, 'Olitel_000315', 'Enviado', '2020-04-29', '315', 1665000, 0),
(1590, 90811, 2, 'Olitel_000418', 'Enviado', '2020-04-29', '418', 2080000, 0),
(1591, 90811, 2, 'Olitel_000427', 'Enviado', '2020-04-29', '427', 2260000, 0),
(1592, 90811, 2, 'Olitel_000513', 'Enviado', '2020-04-29', '513', 2910000, 0),
(1595, 90148, 2, 'Olitel_001609', 'Enviado', '2017-07-05', '1609', 4886100, 4827348),
(1596, 10001, 1, 'Olitel_000205', 'Enviado', '2020-05-18', '205', 1031000, 0),
(1597, 90150, 2, 'Olitel_001611', 'Facturado', '2017-12-04', '1611', 4164000, 4288394),
(1598, 90151, 2, 'Olitel_001612', 'Facturado', '2017-08-31', '1612', 399000, 399833),
(1599, 90152, 2, 'Olitel_001613', 'Facturado', '2018-03-14', '1613', 2294000, 2337665),
(1600, 10001, 1, 'Olitel_000583', 'Enviado', '2020-05-18', '583', 4400000, 0),
(1610, 5, 1, 'Olitel_000985', 'Enviado', '2020-05-05', '985', 18832643, 0),
(1612, 90811, 2, 'Olitel_000142', 'Enviado', '2020-04-29', '142', 705000, 0),
(1613, 90811, 2, 'Olitel_000448', 'Enviado', '2020-04-29', '448', 2450000, 0),
(1614, 9, 1, 'Olitel_000903', 'Enviado', '2020-05-08', '903', 10495248, 0),
(1615, 9, 1, 'Olitel_000906', 'Enviado', '2020-05-08', '906', 10523428, 0),
(1616, 9, 1, 'Olitel_001009', 'Enviado', '2020-05-08', '1009', 24485243, 0),
(1618, 14, 1, 'Olitel_000475', 'Enviado', '2020-04-01', '475', 2575000, 0),
(1619, 14, 1, 'Olitel_000476', 'Enviado', '2020-05-05', '476', 2575000, 0),
(1625, 90811, 2, 'Olitel_000565', 'Enviado', '2020-04-29', '565', 4135000, 0),
(1626, 5, 1, 'Olitel_000735', 'Enviado', '2020-05-05', '735', 5649793, 0),
(1634, 20000, 1, 'Olitel_000234', 'Enviado', '2020-05-14', '234', 1205000, 0),
(1635, 20000, 1, 'Olitel_000424', 'Enviado', '2020-04-29', '424', 2179000, 0),
(1636, 20000, 1, 'Olitel_000544', 'Enviado', '2020-04-29', '544', 3690323, 0),
(1637, 90158, 2, 'Olitel_001620', 'Facturado', '2018-03-14', '1620', 4991300, 5032000),
(1638, 90159, 2, 'Olitel_001621', 'Facturado', '2017-08-31', '1621', 319200, 319578),
(1639, 90160, 2, 'Olitel_001622', 'Facturado', '2017-08-31', '1622', 319200, 319578),
(1640, 90160, 2, 'Olitel_001623', 'Facturado', NULL, '1623', NULL, 0),
(1641, 90161, 2, 'Olitel_001624', 'Facturado', '2017-08-31', '1624', 399000, 399833),
(1642, 20000, 1, 'Olitel_000645', 'Enviado', '2020-04-29', '645', 4400000, 4522363),
(1643, 90163, 2, 'Olitel_001511', 'Enviado', '2019-01-16', '1511', 4125000, 0),
(1644, 90164, 2, 'Olitel_001627', 'Facturado', '2017-12-04', '1627', 1998750, 2634663),
(1645, 90165, 2, 'Olitel_001628', 'Enviado', '2017-08-24', '1628', 4894400, 4185721),
(1646, 20000, 1, 'Olitel_000653', 'Enviado', '2020-05-14', '653', 4400000, 0),
(1647, 90147, 1, 'Olitel_000184', 'Enviado', '2020-05-18', '184', 894000, 0),
(1648, 90168, 2, 'Olitel_001631', 'Facturado', '2017-12-04', '1631', 1998750, 1998750),
(1649, 90169, 2, 'Olitel_001632', 'Enviado', '2018-02-10', '1632', 2541250, 2159939),
(1650, 90176, 1, 'Olitel_000193', 'Enviado', '2020-05-18', '193', 920000, 0),
(1651, 90171, 2, 'Olitel_001634', 'Facturado', '2017-12-04', '1634', 2650000, 2680246),
(1652, 90172, 2, 'Olitel_001635', 'Facturado', '2017-12-04', '1635', 1465750, 1474135),
(1653, 90176, 1, 'Olitel_000648', 'Enviado', '2020-05-18', '648', 4400000, 0),
(1654, 90174, 2, 'Olitel_001637', 'Facturado', '2017-11-16', '1637', 399750, 402037),
(1655, 90175, 2, 'Olitel_001638', 'Facturado', '2017-11-27', '1638', 1332500, 1352739),
(1656, 10002, 1, 'Olitel_000017', 'Facturado', '2020-05-18', '17', 44000, 0),
(1657, 10003, 1, 'Olitel_000113', 'Facturado', '2020-05-18', '113', 533000, 0),
(1658, 10004, 1, 'Olitel_000090', 'Enviado', '2020-05-18', '90', 319000, 0),
(1659, 10005, 1, 'Olitel_000181', 'Facturado', '2020-05-18', '181', 831000, 0),
(1660, 20000, 1, 'Olitel_000387', 'Enviado', '2020-04-29', '387', 1358000, 0),
(1661, 20000, 1, 'Olitel_000436', 'Enviado', '2020-04-29', '436', 2329000, 0),
(1662, 20000, 1, 'Olitel_000637', 'Enviado', '2020-04-29', '637', 4400000, 0),
(1663, 90147, 1, 'Olitel_000647', 'Enviado', '2020-05-18', '647', 4400000, 0),
(1664, 90225, 1, 'Olitel_000376', 'Enviado', '2020-05-13', '376', 1893000, 0),
(1665, 90225, 1, 'Olitel_000938', 'Enviado', '2020-05-13', '938', 13200000, 0),
(1666, 90811, 2, 'Olitel_000770', 'Enviado', '2020-04-29', '770', 5360000, 0),
(1667, 2, 1, 'Olitel_000018', 'Facturado', '2020-05-07', '18', 44065, 0),
(1668, 2, 1, 'Olitel_000094', 'Facturado', '2020-05-07', '94', 352518, 0),
(1669, 2, 1, 'Olitel_000101', 'Facturado', '2020-05-07', '101', 380059, 0),
(1670, 2, 1, 'Olitel_000111', 'Facturado', '2020-05-07', '111', 515007, 0),
(1671, 9, 1, 'Olitel_000011', 'Enviado', '2020-06-05', '11', 4500, 0),
(1672, 9, 1, 'Olitel_000290', 'Enviado', '2020-06-05', '290', 1578976, 0),
(1673, 14, 1, 'Olitel_000303', 'Enviado', '2020-05-05', '303', 1616860, 0),
(1674, 9, 1, 'Olitel_000941', 'Enviado', '2020-06-05', '941', 13685894, 0),
(1675, 10002, 1, 'Olitel_000651', 'Facturado', '2020-05-18', '651', 4400000, 0),
(1676, 10003, 1, 'Olitel_000650', 'Facturado', '2020-05-18', '650', 4400000, 0),
(1677, 10004, 1, 'Olitel_000649', 'Enviado', '2020-05-18', '649', 4400000, 0),
(1678, 10005, 1, 'Olitel_000646', 'Facturado', '2020-05-18', '646', 4400000, 0),
(1679, 90224, 1, 'Olitel_000652', 'Facturado', '2020-05-18', '652', 4400000, 0),
(1680, 2, 1, 'Olitel_000087', 'Facturado', '2020-05-07', '87', 269897, 0),
(1681, 2, 1, 'Olitel_000405', 'Facturado', '2020-05-06', '405', 2000000, 0),
(1682, 14, 1, 'Olitel_000116', 'Enviado', '2019-12-12', '116', 541023, 0),
(1683, 14, 1, 'Olitel_000191', 'Enviado', '2020-06-01', '191', 900000, 0),
(1684, 14, 1, 'Olitel_000477', 'Enviado', '2020-06-01', '477', 2575000, 0),
(1685, 3, 1, 'Olitel_000731', 'Enviado', '2020-05-20', '731', 4976945, 0),
(1686, 3, 1, 'Olitel_000763', 'Enviado', '2020-05-20', '763', 5107437, 0),
(1687, 7, 1, 'Olitel_000570', 'Enviado', '2020-06-01', '570', 4200000, 0),
(1688, 14, 1, 'Olitel_000304', 'Enviado', '2020-06-01', '304', 1616861, 0),
(1689, 10001, 1, 'Olitel_000112', 'Enviado', '2020-06-08', '112', 528000, 0),
(1690, 10002, 1, 'Olitel_000232', 'Facturado', '2020-06-08', '232', 1192000, 0),
(1691, 10004, 1, 'Olitel_000348', 'Enviado', '2020-06-08', '348', 1739000, 0),
(1692, 10005, 1, 'Olitel_000095', 'Facturado', '2020-06-08', '95', 358000, 0),
(1693, 90224, 1, 'Olitel_000032', 'Facturado', '2020-06-08', '32', 99000, 0),
(1694, 90224, 1, 'Olitel_000660', 'Facturado', '2020-06-08', '660', 4400000, 0),
(1695, 90812, 3, 'Olitel_000061', 'Enviado', '2020-06-05', '61', 125483, 0),
(1696, 90812, 3, 'Olitel_000063', 'Enviado', '2020-06-03', '63', 125483, 0),
(1697, 90812, 3, 'Olitel_000064', 'Enviado', '2020-06-03', '64', 125486, 0),
(1698, 3, 1, 'Olitel_000525', 'Enviado', '2020-05-20', '525', 3133632, 0),
(1699, 3, 1, 'Olitel_000531', 'Enviado', '2020-05-20', '531', 3215793, 0),
(1700, 5, 1, 'Olitel_000482', 'Enviado', '2020-06-01', '482', 2598905, 0),
(1701, 5, 1, 'Olitel_000986', 'Enviado', '2020-06-01', '986', 18949342, 0),
(1702, 2, 1, 'Olitel_000088', 'Facturado', '2020-06-01', '88', 304782, 0),
(1703, 2, 1, 'Olitel_000406', 'Facturado', '2020-06-01', '406', 2000000, 0),
(1704, 3, 1, 'Olitel_000919', 'Enviado', '2020-05-20', '919', 11428542, 0),
(1705, 3, 1, 'Olitel_000923', 'Enviado', '2020-05-20', '923', 11728189, 0),
(1706, 5, 1, 'Olitel_000674', 'Enviado', '2020-06-01', '674', 3766529, 0),
(1707, 5, 1, 'Olitel_000861', 'Enviado', '2020-06-01', '861', 9416320, 0),
(1708, 6, 1, 'Olitel_000957', 'Enviado', '2020-06-01', '957', 14600000, 0),
(1709, 9, 1, 'Olitel_000904', 'Enviado', '2020-06-05', '904', 10495248, 0),
(1710, 9, 1, 'Olitel_000974', 'Enviado', '2020-06-05', '974', 17098408, 0),
(1711, 9, 1, 'Olitel_000983', 'Enviado', '2020-05-12', '983', 18533631, 0),
(1712, 14, 1, 'Olitel_000102', 'Enviado', '2020-06-02', '102', 383871, 0),
(1713, 10001, 1, 'Olitel_000584', 'Enviado', '2020-06-08', '584', 4400000, 0),
(1714, 10002, 1, 'Olitel_000656', 'Facturado', '2020-06-08', '656', 4400000, 0),
(1715, 10003, 1, 'Olitel_000655', 'Facturado', '2020-06-08', '655', 4400000, 0),
(1716, 10004, 1, 'Olitel_000658', 'Enviado', '2020-06-08', '658', 4400000, 0),
(1717, 10005, 1, 'Olitel_000654', 'Facturado', '2020-06-08', '654', 4400000, 0),
(1718, 20000, 1, 'Olitel_000385', 'Enviado', '2020-06-08', '385', 1970000, 0),
(1719, 20000, 1, 'Olitel_000661', 'Enviado', '2020-06-08', '661', 4400000, 0),
(1720, 90147, 1, 'Olitel_000278', 'Enviado', '2020-06-08', '278', 1487000, 0),
(1721, 90177, 2, 'Olitel_001640', 'Facturado', '2017-12-04', '1640', 1599000, 1608148),
(1722, 90179, 2, 'Olitel_001641', 'Facturado', '2017-10-13', '1641', 8290860, 8290860),
(1723, 90180, 2, 'Olitel_001642', 'Facturado', '2017-12-10', '1642', 9151170, 9151170),
(1724, 90181, 2, 'Olitel_001643', 'Facturado', '2017-12-04', '1643', 1197000, 1199250),
(1725, 90182, 2, 'Olitel_001644', 'Facturado', '2017-12-04', '1644', 4156768, 4157883),
(1726, 90183, 2, 'Olitel_001645', 'Facturado', '2018-02-10', '1645', 1203750, 1213510),
(1727, 90184, 2, 'Olitel_001529', 'Enviado', '2019-12-31', '1529', 4823070, 0),
(1728, 90185, 2, 'Olitel_001648', 'Facturado', '2017-11-22', '1648', 8506680, 8555345),
(1729, 90187, 2, 'Olitel_001649', 'Facturado', '2018-04-10', '1649', 2758250, 3297855),
(1730, 90188, 2, 'Olitel_001650', 'Facturado', '2017-08-11', '1650', 5326000, 5399848),
(1731, 90189, 2, 'Olitel_001651', 'Facturado', '2017-12-05', '1651', 265000, 286320),
(1732, 90190, 2, 'Olitel_001463', 'Enviado', '2017-12-04', '1463', 2025400, 0),
(1733, 90191, 2, 'Olitel_001653', 'Facturado', '2017-12-04', '1653', 666250, 1096330),
(1734, 90192, 2, 'Olitel_001654', 'Facturado', '2017-11-20', '1654', 12562513, 12562513),
(1735, 90193, 2, 'Olitel_001655', 'Facturado', '2018-02-10', '1655', 1076000, 1079970),
(1736, 90147, 1, 'Olitel_000659', 'Enviado', '2020-06-08', '659', 4400000, 0),
(1737, 90195, 2, 'Olitel_001657', 'Facturado', '2018-04-11', '1657', 807000, 1955497),
(1738, 90196, 2, 'Olitel_001658', 'Facturado', '2018-01-04', '1658', 267500, 1233372),
(1739, 90197, 2, 'Olitel_001484', 'Enviado', '2020-07-07', '1484', 668000, 0),
(1740, 90198, 2, 'Olitel_001660', 'Facturado', '2018-03-13', '1660', 4974000, 5983001),
(1741, 90199, 2, 'Olitel_001661', 'Facturado', '2018-03-13', '1661', 1271000, 1291876),
(1742, 90176, 1, 'Olitel_000429', 'Enviado', '2020-06-08', '429', 2263000, 0),
(1743, 90202, 2, 'Olitel_001663', 'Facturado', '2019-05-13', '1663', 2151875, 2179518),
(1744, 90203, 2, 'Olitel_001664', 'Facturado', '2018-07-19', '1664', 13348899, 13348899),
(1745, 90176, 1, 'Olitel_000657', 'Enviado', '2020-06-08', '657', 4400000, 0),
(1746, 90206, 2, 'Olitel_001666', 'Facturado', NULL, '1666', 753200, 784589),
(1747, 90207, 2, 'Olitel_001667', 'Facturado', '2018-04-10', '1667', NULL, 0),
(1748, 90225, 1, 'Olitel_000704', 'Enviado', '2020-06-05', '704', 4625000, 0),
(1749, 90225, 1, 'Olitel_000939', 'Enviado', '2020-06-05', '939', 13200000, 0),
(1750, 90210, 2, 'Olitel_001670', 'Facturado', '2018-07-19', '1670', 2021775, 2021775),
(1751, 90211, 2, 'Olitel_001469', 'Enviado', '2018-03-14', '1469', 539960, 0),
(1752, 5, 1, 'Olitel_000737', 'Enviado', '2020-06-01', '737', 5649739, 0),
(1753, 12, 3, 'Olitel_000486', 'Facturado', '2020-06-10', '486', 2000000, 0),
(1754, 90811, 2, 'Olitel_000243', 'Enviado', '2020-06-25', '243', 1390000, 0),
(1755, 90811, 2, 'Olitel_000289', 'Enviado', '2020-06-25', '289', 1570000, 0),
(1756, 9, 1, 'Olitel_000905', 'Enviado', '2020-06-05', '905', 10495248, 0),
(1757, 90218, 2, 'Olitel_001677', 'Facturado', '2018-04-11', '1677', 1344500, 1357532),
(1758, 90219, 2, 'Olitel_001678', 'Facturado', '2019-01-18', '1678', 2205994, 2205994),
(1759, 16, 1, 'Olitel_000890', 'Enviado', '2020-06-01', '890', 9860000, 0),
(1760, 90221, 2, 'Olitel_001440', 'Enviado', '2019-12-31', '1440', 1885500, 0),
(1761, 16, 1, 'Olitel_001049', 'Enviado', '2020-06-01', '1049', 29750000, 0),
(1762, 400001, 3, 'Olitel_000484', 'Facturado', '2020-06-30', '484', 2620000, 0),
(1763, 400001, 3, 'Olitel_000789', 'Facturado', '2020-06-11', '789', 6288000, 0),
(1764, 8, 1, 'Olitel_000960', 'Enviado', '2020-06-02', '960', 15070000, 0),
(1765, 14, 1, 'Olitel_000478', 'Enviado', '2020-07-03', '478', 2575000, 0),
(1766, 90812, 3, 'Olitel_000065', 'Enviado', '2020-07-07', '65', 125483, 0),
(1767, 9, 1, 'Olitel_001010', 'Enviado', '2020-07-06', '1010', 24485243, 0),
(1768, 9, 1, 'Olitel_001011', 'Enviado', '2020-06-05', '1011', 24495543, 0),
(1769, 14, 1, 'Olitel_000192', 'Enviado', '2020-07-03', '192', 900000, 0),
(1770, 90812, 3, 'Olitel_000062', 'Enviado', '2020-06-05', '62', 125483, 0),
(1771, 90812, 3, 'Olitel_000080', 'Enviado', '2020-06-05', '80', 218644, 0),
(1772, 9, 1, 'Olitel_000947', 'Enviado', '2020-07-06', '947', 13961432, 0),
(1773, 50002, 2, 'Olitel_001514', 'Facturado', NULL, '1514', 0, 0),
(1774, 90147, 1, 'Olitel_001313', 'Enviado', '2018-08-17', '1313', 700083, 0),
(1775, 90176, 1, 'Olitel_001105', 'Enviado', '2017-10-05', '1105', 4688917, 0),
(1776, 90176, 1, 'Olitel_001106', 'Enviado', '2017-12-13', '1106', NULL, 0),
(1777, 2, 1, 'Olitel_001327', 'Facturado', '2020-07-03', '1327', 2396583, 2396583),
(1778, 2, 1, 'Olitel_001368', 'Facturado', NULL, '1368', NULL, 0),
(1779, 3, 1, 'Olitel_001354', 'Enviado', '2020-07-03', '1354', 21606506, 3465195),
(1780, 3, 1, 'Olitel_001398', 'Enviado', '2020-08-04', '1398', 21585592, 3461846),
(1781, 5, 1, 'Olitel_001332', 'Enviado', '2020-07-03', '1332', 2561239, 0),
(1782, 5, 1, 'Olitel_001333', 'Enviado', '2020-07-03', '1333', 9416320, 0),
(1783, 5, 1, 'Olitel_001334', 'Enviado', '2020-07-03', '1334', 18832643, 0),
(1784, 5, 1, 'Olitel_001335', 'Enviado', '2020-07-03', '1335', 5649793, 0),
(1785, 5, 1, 'Olitel_001336', 'Enviado', '2020-07-03', '1336', 3766529, 0),
(1786, 5, 1, 'Olitel_001374', 'Enviado', NULL, '1374', NULL, 0),
(1787, 5, 1, 'Olitel_001375', 'Enviado', NULL, '1375', NULL, 0),
(1788, 5, 1, 'Olitel_001376', 'Enviado', NULL, '1376', NULL, 0),
(1789, 5, 1, 'Olitel_001377', 'Enviado', NULL, '1377', NULL, 0),
(1790, 5, 1, 'Olitel_001378', 'Enviado', NULL, '1378', NULL, 0),
(1791, 5, 1, 'Olitel_001385', 'Enviado', NULL, '1385', NULL, 0),
(1792, 6, 1, 'Olitel_001326', 'Enviado', '2020-07-03', '1326', 14600000, 0),
(1793, 6, 1, 'Olitel_001367', 'Enviado', NULL, '1367', NULL, 0),
(1794, 7, 1, 'Olitel_001325', 'Enviado', '2020-07-03', '1325', 4200000, 0),
(1795, 7, 1, 'Olitel_001365', 'Enviado', NULL, '1365', NULL, 0),
(1796, 8, 1, 'Olitel_001357', 'Enviado', '2020-07-03', '1357', 15070000, 0),
(1797, 8, 1, 'Olitel_001401', 'Enviado', NULL, '1401', NULL, 0),
(1798, 9, 1, 'Olitel_000993', 'Enviado', '2019-12-10', '993', 19643682, 0),
(1799, 9, 1, 'Olitel_001311', 'Enviado', '2020-06-05', '1311', 1578976, 1578976),
(1800, 9, 1, 'Olitel_001337', 'Enviado', '2020-08-06', '1337', 7278538, 7278538),
(1801, 9, 1, 'Olitel_001338', 'Enviado', '2020-08-06', '1338', 14089908, 14089902),
(1802, 9, 1, 'Olitel_001339', 'Enviado', '2020-07-06', '1339', 17098408, 0),
(1803, 9, 1, 'Olitel_001379', 'Enviado', NULL, '1379', NULL, 0),
(1804, 9, 1, 'Olitel_001380', 'Enviado', NULL, '1380', NULL, 0),
(1805, 9, 1, 'Olitel_001381', 'Enviado', NULL, '1381', NULL, 0),
(1806, 9, 1, 'Olitel_001382', 'Enviado', NULL, '1382', NULL, 0),
(1807, 11, 1, 'Olitel_001285', 'Enviado', '2019-07-25', '1285', 5012700, 0),
(1808, 14, 1, 'Olitel_001324', 'Enviado', '2020-07-03', '1324', 1616861, 808430),
(1809, 14, 1, 'Olitel_001359', 'Enviado', '2020-07-06', '1359', 1700000, 0),
(1810, 14, 1, 'Olitel_001364', 'Enviado', NULL, '1364', NULL, 0),
(1811, 14, 1, 'Olitel_001366', 'Enviado', NULL, '1366', NULL, 0),
(1812, 14, 1, 'Olitel_001373', 'Enviado', NULL, '1373', NULL, 0),
(1813, 14, 1, 'Olitel_001404', 'Enviado', NULL, '1404', NULL, 0),
(1814, 15, 1, 'Olitel_001319', 'Enviado', '2020-06-15', '1319', 2234272, 0),
(1815, 15, 1, 'Olitel_001358', 'Enviado', '2020-07-06', '1358', 3356000, 0),
(1816, 15, 1, 'Olitel_001403', 'Enviado', NULL, '1403', NULL, 0),
(1817, 16, 1, 'Olitel_000433', 'Enviado', NULL, '433', NULL, 0),
(1818, 16, 1, 'Olitel_001322', 'Enviado', '2020-07-03', '1322', 9860000, 0),
(1819, 16, 1, 'Olitel_001323', 'Enviado', '2020-07-03', '1323', 29750000, 0),
(1820, 16, 1, 'Olitel_001362', 'Enviado', NULL, '1362', NULL, 0),
(1821, 16, 1, 'Olitel_001363', 'Enviado', NULL, '1363', NULL, 0),
(1822, 10001, 1, 'Olitel_000738', 'Enviado', '2019-03-05', '738', 5040000, 0),
(1823, 10001, 1, 'Olitel_001341', 'Enviado', '2020-07-17', '1341', 4400000, 0),
(1824, 10001, 1, 'Olitel_001350', 'Enviado', '2020-07-17', '1350', 1024000, 0),
(1825, 10001, 1, 'Olitel_001384', 'Enviado', NULL, '1384', NULL, 0),
(1826, 10001, 1, 'Olitel_001394', 'Enviado', NULL, '1394', NULL, 0),
(1827, 10001, 1, 'Olitel_001411', 'Enviado', NULL, '1411', NULL, 0),
(1828, 10002, 1, 'Olitel_001314', 'Facturado', '2020-07-17', '1314', 77000, 77000),
(1829, 10002, 1, 'Olitel_001345', 'Facturado', '2020-07-17', '1345', 4400000, 4400000),
(1830, 10002, 1, 'Olitel_001370', 'Facturado', NULL, '1370', NULL, 0),
(1831, 10002, 1, 'Olitel_001389', 'Facturado', NULL, '1389', NULL, 0),
(1832, 10002, 1, 'Olitel_001412', 'Facturado', NULL, '1412', NULL, 0),
(1833, 10003, 1, 'Olitel_001321', 'Facturado', '2020-07-17', '1321', 454000, 454000),
(1834, 10003, 1, 'Olitel_001329', 'Facturado', '2020-07-17', '1329', 4400000, 4400000),
(1835, 10003, 1, 'Olitel_001347', 'Facturado', NULL, '1347', NULL, 0),
(1836, 10003, 1, 'Olitel_001361', 'Facturado', NULL, '1361', NULL, 0),
(1837, 10003, 1, 'Olitel_001369', 'Facturado', NULL, '1369', NULL, 0),
(1838, 10003, 1, 'Olitel_001413', 'Facturado', NULL, '1413', NULL, 0),
(1839, 10004, 1, 'Olitel_001340', 'Enviado', '2020-07-17', '1340', 4400000, 4400000),
(1840, 10004, 1, 'Olitel_001344', 'Enviado', '2020-07-17', '1344', 2691000, 2691000),
(1841, 10004, 1, 'Olitel_001383', 'Enviado', NULL, '1383', NULL, 0),
(1842, 10004, 1, 'Olitel_001388', 'Enviado', NULL, '1388', NULL, 0),
(1843, 10004, 1, 'Olitel_001414', 'Enviado', NULL, '1414', NULL, 0),
(1844, 10005, 1, 'Olitel_001320', 'Facturado', '2020-07-17', '1320', 4400000, 4400000),
(1845, 10005, 1, 'Olitel_001343', 'Facturado', '2020-07-17', '1343', 2567000, 2567000),
(1846, 10005, 1, 'Olitel_001360', 'Facturado', NULL, '1360', NULL, 0),
(1847, 10005, 1, 'Olitel_001387', 'Facturado', NULL, '1387', NULL, 0),
(1848, 10005, 1, 'Olitel_001415', 'Facturado', NULL, '1415', NULL, 0),
(1849, 20000, 1, 'Olitel_001355', 'Enviado', '2020-07-15', '1355', 4400000, 4400000),
(1850, 20000, 1, 'Olitel_001356', 'Enviado', '2020-07-15', '1356', 2353600, 2353600),
(1851, 20000, 1, 'Olitel_001399', 'Enviado', NULL, '1399', NULL, 0),
(1852, 20000, 1, 'Olitel_001400', 'Enviado', NULL, '1400', NULL, 0),
(1853, 20000, 2, 'Olitel_001838', 'Enviado', NULL, '1838', NULL, 0),
(1854, 20034, 2, 'Olitel_001456', 'Facturado', NULL, '1456', 0, 0),
(1855, 90228, 2, 'Olitel_001686', 'Facturado', '2019-01-18', '1686', 1004602, 1004602),
(1856, 90229, 2, 'Olitel_001512', 'Enviado', '2019-01-18', '1512', 1620000, 0),
(1857, 90231, 2, 'Olitel_001688', 'Facturado', '2018-08-01', '1688', NULL, 0),
(1858, 90232, 2, 'Olitel_001689', 'Facturado', '2018-04-08', '1689', 1877253, 1877253),
(1859, 90233, 2, 'Olitel_001690', 'Enviado', '2018-06-08', '1690', 270000, 0),
(1860, 90234, 2, 'Olitel_001495', 'Enviado', '2019-01-09', '1495', 3151500, 0),
(1861, 90236, 2, 'Olitel_001504', 'Enviado', '2020-01-02', '1504', 3739000, 0),
(1862, 90237, 2, 'Olitel_001694', 'Facturado', '2018-07-19', '1694', 731700, 736100),
(1863, 90238, 2, 'Olitel_001695', 'Enviado', '2018-07-29', '1695', 326400, 0),
(1864, 90239, 2, 'Olitel_001696', 'Enviado', '2018-07-29', '1696', 326400, 0),
(1865, 90240, 2, 'Olitel_001697', 'Facturado', '2018-07-09', '1697', 407626, 407626),
(1866, 90241, 2, 'Olitel_001698', 'Facturado', '2017-11-03', '1698', 4176998, 4181938),
(1867, 90242, 2, 'Olitel_001699', 'Facturado', '2018-02-01', '1699', 1505000, 1510025),
(1868, 90243, 2, 'Olitel_001700', 'Facturado', '2018-02-01', '1700', 1235850, 1239352),
(1869, 90244, 2, 'Olitel_001701', 'Facturado', '2018-02-01', '1701', 1300000, 1341291),
(1870, 90245, 2, 'Olitel_001702', 'Facturado', '2018-02-20', '1702', 1565226, 1565226),
(1871, 90246, 2, 'Olitel_001703', 'Facturado', '2018-05-31', '1703', 136000, 272630),
(1872, 90247, 2, 'Olitel_001704', 'Enviado', '2018-05-31', '1704', 136000, 0),
(1873, 90248, 2, 'Olitel_001705', 'Facturado', '2019-01-16', '1705', 4132650, 8265300),
(1874, 90249, 2, 'Olitel_001706', 'Facturado', '2018-07-17', '1706', 36269100, 36269100),
(1875, 90250, 2, 'Olitel_001707', 'Facturado', '2018-08-01', '1707', 2638400, 2658858),
(1876, 90251, 2, 'Olitel_001708', 'Facturado', '2018-07-29', '1708', 385696, 1752219),
(1877, 90252, 2, 'Olitel_001709', 'Enviado', '2018-07-29', '1709', 326400, 0),
(1878, 90254, 2, 'Olitel_001710', 'Enviado', '2018-12-07', '1710', 430650, 413367),
(1879, 90255, 2, 'Olitel_001711', 'Facturado', '2018-12-07', '1711', 412500, 431555),
(1880, 90256, 2, 'Olitel_001712', 'Facturado', '2017-08-04', '1712', 820440, 820440),
(1881, 90257, 2, 'Olitel_001713', 'Enviado', '2017-06-20', '1713', 1862000, 1200195),
(1882, 90258, 2, 'Olitel_001510', 'Enviado', '2019-01-16', '1510', 1650000, 0),
(1883, 90259, 2, 'Olitel_001716', 'Facturado', '2019-01-17', '1716', 1875000, 2179518),
(1884, 90260, 2, 'Olitel_001717', 'Facturado', '2019-01-16', '1717', 1494075, 3426509),
(1885, 90261, 2, 'Olitel_001718', 'Facturado', '2019-02-22', '1718', 3845875, 3845875),
(1886, 90264, 2, 'Olitel_001719', 'Facturado', '2019-01-09', '1719', 412500, 826973),
(1887, 90266, 2, 'Olitel_001720', 'Enviado', '2018-11-06', '1720', 1700000, 1700000),
(1888, 90266, 2, 'Olitel_001765', 'Enviado', '2019-09-12', '1765', 1400000, 0),
(1889, 90267, 2, 'Olitel_001748', 'Enviado', '2019-12-05', '1748', 1862190, 0),
(1890, 90268, 2, 'Olitel_001724', 'Enviado', '2019-01-09', '1724', 412500, 0),
(1891, 20040, 2, 'Olitel_001462', 'Facturado', '2017-03-30', '1462', 0, 0),
(1892, 90270, 2, 'Olitel_001485', 'Enviado', '2019-12-05', '1485', 2798750, 0),
(1893, 90271, 2, 'Olitel_001758', 'Enviado', '2020-07-07', '1758', 437000, 0),
(1894, 90272, 2, 'Olitel_001729', 'Enviado', '2019-01-09', '1729', 533500, 0),
(1895, 90273, 2, 'Olitel_001730', 'Enviado', '2019-01-18', '1730', 850000, 850000),
(1896, 90273, 2, 'Olitel_001766', 'Enviado', '2019-09-12', '1766', 1400000, 0),
(1897, 31004, 2, 'Olitel_001737', 'Facturado', '2019-12-24', '1737', NULL, 0),
(1898, 90275, 2, 'Olitel_001441', 'Enviado', '2019-12-05', '1441', 1327500, 0),
(1900, 90277, 2, 'Olitel_001759', 'Enviado', '2020-06-10', '1759', 434550, 0),
(1901, 90278, 2, 'Olitel_001505', 'Enviado', '2019-01-16', '1505', 3417700, 0),
(1902, 90279, 2, 'Olitel_001738', 'Facturado', '2019-01-09', '1738', 136500, 136500),
(1903, 90280, 2, 'Olitel_001739', 'Facturado', '2019-03-13', '1739', 2757493, 2757493),
(1904, 90281, 2, 'Olitel_001541', 'Enviado', '2019-06-06', '1541', 4812500, 0),
(1905, 90282, 2, 'Olitel_001913', 'Enviado', '2020-06-04', '1913', 7410600, 0),
(1906, 90283, 2, 'Olitel_001804', 'Enviado', '2020-03-11', '1804', 3333750, 0),
(1907, 90284, 2, 'Olitel_001805', 'Enviado', '2020-07-31', '1805', 1521250, 0),
(1908, 90285, 2, 'Olitel_001806', 'Enviado', '2020-06-25', '1806', 1144550, 0),
(1909, 90286, 2, 'Olitel_001807', 'Enviado', '2019-12-11', '1807', 1451250, 0),
(1910, 90287, 2, 'Olitel_001821', 'Enviado', '2020-05-15', '1821', 2333000, 0),
(1911, 90288, 2, 'Olitel_001809', 'Facturado', NULL, '1809', NULL, 0),
(1914, 90289, 2, 'Olitel_001933', 'Enviado', '2020-05-19', '1933', 2418750, 0),
(1917, 90293, 2, 'Olitel_001934', 'Enviado', '2020-07-09', '1934', 8785800, 0),
(1918, 90294, 2, 'Olitel_001813', 'Enviado', '2020-06-05', '1813', 8978750, 8978750),
(1919, 90295, 2, 'Olitel_001823', 'Facturado', NULL, '1823', NULL, 0),
(1920, 90800, 2, 'Olitel_001824', 'Enviado', '2020-07-31', '1824', 2393750, 0),
(1921, 90801, 2, 'Olitel_001491', 'Enviado', '2019-12-09', '1491', 1010550, 0),
(1922, 90802, 2, 'Olitel_001492', 'Enviado', '2019-12-09', '1492', 1277550, 0),
(1923, 90803, 2, 'Olitel_001833', 'Enviado', '2019-12-06', '1833', 1935688, 0),
(1924, 90804, 2, 'Olitel_001715', 'Enviado', '2019-12-04', '1715', 1165000, 0),
(1925, 90805, 2, 'Olitel_001834', 'Enviado', '2020-07-31', '1834', 1308750, 0),
(1926, 90806, 2, 'Olitel_001497', 'Facturado', NULL, '1497', NULL, 0),
(1927, 90807, 2, 'Olitel_001835', 'Enviado', '2020-06-25', '1835', 3291250, 0),
(1928, 90808, 2, 'Olitel_001499', 'Facturado', NULL, '1499', NULL, 0),
(1929, 90809, 2, 'Olitel_001500', 'Enviado', '2019-12-06', '1500', 1626938, 0),
(1930, 90810, 2, 'Olitel_001503', 'Enviado', '2019-12-09', '1503', 553000, 0),
(1931, 33101, 1, 'Olitel_001297', 'Facturado', NULL, '1297', NULL, 0),
(1932, 33101, 1, 'Olitel_001300', 'Facturado', NULL, '1300', NULL, 0),
(1933, 33101, 1, 'Olitel_001304', 'Facturado', NULL, '1304', NULL, 0),
(1934, 33101, 2, 'Olitel_001506', 'Facturado', NULL, '1506', NULL, 0),
(1935, 40001, 2, 'Olitel_001481', 'Facturado', NULL, '1481', NULL, 0),
(1936, 40003, 2, 'Olitel_001508', 'Facturado', NULL, '1508', NULL, 0),
(1937, 40005, 2, 'Olitel_001691', 'Facturado', NULL, '1691', NULL, 0),
(1938, 40006, 2, 'Olitel_001763', 'Facturado', NULL, '1763', NULL, 0),
(1939, 40007, 2, 'Olitel_001788', 'Facturado', NULL, '1788', NULL, 0),
(1940, 40009, 2, 'Olitel_001791', 'Facturado', NULL, '1791', NULL, 0),
(1941, 50003, 2, 'Olitel_001515', 'Facturado', NULL, '1515', 0, 0),
(1942, 90117, 2, 'Olitel_001580', 'Facturado', NULL, '1580', 0, 0),
(1943, 90146, 2, 'Olitel_001607', 'Facturado', NULL, '1607', 0, 0),
(1944, 90147, 1, 'Olitel_001328', 'Enviado', '2020-07-17', '1328', 775000, 0),
(1945, 90147, 1, 'Olitel_001346', 'Enviado', '2020-07-17', '1346', 4400000, 0),
(1946, 90147, 1, 'Olitel_001390', 'Enviado', NULL, '1390', NULL, 0),
(1947, 90147, 1, 'Olitel_001391', 'Enviado', NULL, '1391', NULL, 0),
(1948, 90147, 2, 'Olitel_001608', 'Enviado', NULL, '1608', 0, 0),
(1949, 90149, 2, 'Olitel_001610', 'Facturado', NULL, '1610', 0, 0),
(1950, 90156, 2, 'Olitel_001617', 'Facturado', NULL, '1617', NULL, 0),
(1951, 90157, 2, 'Olitel_001619', 'Facturado', NULL, '1619', NULL, 0),
(1952, 90166, 2, 'Olitel_001629', 'Facturado', NULL, '1629', 0, 0),
(1953, 90167, 2, 'Olitel_001630', 'Facturado', NULL, '1630', 0, 0),
(1954, 90170, 2, 'Olitel_001633', 'Facturado', NULL, '1633', 0, 0),
(1955, 90173, 2, 'Olitel_001636', 'Facturado', NULL, '1636', 0, 0),
(1956, 90176, 1, 'Olitel_001330', 'Enviado', '2020-07-17', '1330', 4400000, 0),
(1957, 90176, 1, 'Olitel_001348', 'Enviado', '2020-07-17', '1348', 1417000, 0),
(1958, 90176, 1, 'Olitel_001371', 'Enviado', NULL, '1371', NULL, 0),
(1959, 90176, 1, 'Olitel_001392', 'Enviado', NULL, '1392', NULL, 0),
(1960, 90176, 2, 'Olitel_001639', 'Enviado', NULL, '1639', NULL, 0),
(1961, 90194, 2, 'Olitel_001656', 'Facturado', NULL, '1656', 0, 0),
(1962, 90201, 2, 'Olitel_001662', 'Facturado', NULL, '1662', 0, 0),
(1963, 90205, 2, 'Olitel_001665', 'Facturado', NULL, '1665', NULL, 0),
(1964, 90208, 2, 'Olitel_001668', 'Facturado', NULL, '1668', NULL, 0),
(1965, 90209, 2, 'Olitel_001669', 'Facturado', NULL, '1669', 0, 0),
(1966, 90213, 2, 'Olitel_001672', 'Facturado', NULL, '1672', NULL, 0),
(1967, 90214, 2, 'Olitel_001673', 'Facturado', NULL, '1673', NULL, 0),
(1968, 90215, 2, 'Olitel_001674', 'Facturado', NULL, '1674', NULL, 0),
(1969, 90216, 2, 'Olitel_001675', 'Facturado', NULL, '1675', NULL, 0),
(1970, 90217, 2, 'Olitel_001676', 'Facturado', NULL, '1676', NULL, 0),
(1971, 90220, 2, 'Olitel_001679', 'Facturado', NULL, '1679', NULL, 0),
(1972, 90222, 2, 'Olitel_001681', 'Facturado', NULL, '1681', NULL, 0),
(1973, 90224, 1, 'Olitel_001349', 'Facturado', '2020-07-17', '1349', 4686000, 4686000),
(1974, 90224, 1, 'Olitel_001393', 'Facturado', NULL, '1393', NULL, 0),
(1975, 90224, 2, 'Olitel_001682', 'Facturado', NULL, '1682', NULL, 0),
(1976, 90225, 1, 'Olitel_001292', 'Enviado', '2019-12-02', '1292', 407000, 0),
(1977, 90225, 1, 'Olitel_001331', 'Enviado', '2020-07-06', '1331', 13200000, 0),
(1978, 90225, 1, 'Olitel_001351', 'Enviado', '2020-07-06', '1351', 2787000, 0),
(1979, 90225, 1, 'Olitel_001372', 'Enviado', NULL, '1372', NULL, 0),
(1980, 90225, 1, 'Olitel_001395', 'Enviado', NULL, '1395', NULL, 0),
(1981, 90225, 2, 'Olitel_001683', 'Enviado', NULL, '1683', NULL, 0),
(1982, 90226, 2, 'Olitel_001684', 'Enviado', NULL, '1684', NULL, 0),
(1983, 90227, 2, 'Olitel_001685', 'Enviado', NULL, '1685', NULL, 0),
(1984, 90269, 2, 'Olitel_001725', 'Facturado', NULL, '1725', NULL, 0),
(1985, 90274, 2, 'Olitel_001732', 'Facturado', NULL, '1732', NULL, 0),
(1986, 90811, 2, 'Olitel_001342', 'Enviado', '2020-07-07', '1342', 1730000, 0),
(1987, 90811, 2, 'Olitel_001386', 'Enviado', NULL, '1386', NULL, 0),
(1988, 90812, 3, 'Olitel_001308', 'Enviado', '2020-04-13', '1308', 376449, 0),
(1989, 90812, 3, 'Olitel_001316', 'Enviado', '2020-06-05', '1316', 627415, 0),
(1990, 90812, 3, 'Olitel_001352', 'Enviado', '2020-07-07', '1352', 250966, 0),
(1991, 90812, 3, 'Olitel_001396', 'Enviado', NULL, '1396', NULL, 0),
(1992, 90813, 3, 'Olitel_001317', 'Enviado', '2020-06-05', '1317', 250966, 0),
(1993, 90814, 2, 'Olitel_001836', 'Facturado', NULL, '1836', NULL, 0),
(1994, 90815, 2, 'Olitel_001837', 'Facturado', '2020-09-16', '1837', 5871250, 5871250),
(1995, 90816, 2, 'Olitel_001844', 'Facturado', NULL, '1844', NULL, 2592500),
(1996, 90817, 2, 'Olitel_001910', 'Enviado', '2020-06-10', '1910', 538000, 0),
(1997, 90818, 2, 'Olitel_001845', 'Facturado', NULL, '1845', NULL, 0),
(1998, 90819, 2, 'Olitel_001846', 'Facturado', NULL, '1846', NULL, 0),
(1999, 90820, 3, 'Olitel_001915', 'Enviado', '2020-10-08', '1915', 1981482, 0),
(2000, 90821, 2, 'Olitel_001858', 'Facturado', NULL, '1858', NULL, 0),
(2001, 90822, 2, 'Olitel_001859', 'Enviado', '2020-07-21', '1859', 2031000, 0),
(2002, 90823, 3, 'Olitel_001918', 'Facturado', NULL, '1918', NULL, 0),
(2003, 90824, 3, 'Olitel_001919', 'Facturado', NULL, '1919', NULL, 0),
(2004, 90813, 3, 'Olitel_001353', 'Enviado', '2020-07-07', '1353', 125483, 0),
(2005, 90826, 3, 'Olitel_001924', 'Facturado', '2020-07-31', '1924', 31637991, 15195932),
(2006, 90827, 3, 'Olitel_001925', 'Facturado', NULL, '1925', NULL, 0),
(2007, 90828, 3, 'Olitel_001926', 'Enviado', NULL, '1926', NULL, 0),
(2008, 90829, 2, 'Olitel_001900', 'Enviado', '2020-06-09', '1900', 2889000, 0),
(2009, 90830, 2, 'Olitel_001901', 'Facturado', '2020-08-19', '1901', 2650000, 2650000),
(2010, 90831, 2, 'Olitel_001902', 'Facturado', '2020-08-19', '1902', 200000, 200000),
(2011, 90832, 2, 'Olitel_001911', 'Facturado', NULL, '1911', NULL, 0),
(2012, 90833, 2, 'Olitel_001912', 'Facturado', '2020-06-22', '1912', 368000, 368000),
(2013, 90834, 2, 'Olitel_001916', 'Facturado', NULL, '1916', NULL, 0),
(2014, 90835, 2, 'Olitel_001917', 'Facturado', NULL, '1917', NULL, 0),
(2015, 90836, 2, 'Olitel_001927', 'Facturado', '2020-07-31', '1927', 646500, 646500),
(2016, 90837, 2, 'Olitel_001928', 'Facturado', NULL, '1928', NULL, 0),
(2017, 90838, 3, 'Olitel_001936', 'Facturado', NULL, '1936', NULL, 0),
(2021, 200004, 2, 'Olitel_001746', 'Enviado', '2019-12-05', '1746', 4449015, 0),
(2022, 200010, 2, 'Olitel_001418', 'Facturado', NULL, '1418', NULL, 0),
(2023, 200120, 2, 'Olitel_001423', 'Enviado', '2020-09-03', '1423', 2697500, 2395000),
(2024, 200190, 2, 'Olitel_001430', 'Facturado', '2020-08-26', '1430', 1403750, 1403750),
(2025, 200191, 2, 'Olitel_001437', 'Facturado', '2017-03-30', '1437', 2845136, 2887839),
(2026, 200240, 2, 'Olitel_001444', 'Facturado', '2017-02-16', '1444', 12295000, 12246119),
(2027, 200240, 2, 'Olitel_001932', 'Facturado', NULL, '1932', NULL, 0),
(2028, 310010, 3, 'Olitel_001482', 'Enviado', '2019-09-27', '1482', 803198, 0),
(2029, 310020, 3, 'Olitel_001733', 'Enviado', '2019-09-04', '1733', 1024015, 0),
(2030, 310030, 3, 'Olitel_001721', 'Enviado', '2019-09-05', '1721', 758087, 0),
(2031, 310050, 3, 'Olitel_001442', 'Enviado', '2019-11-15', '1442', 423864, 0),
(2032, 310060, 3, 'Olitel_001487', 'Enviado', '2020-02-27', '1487', 423864, 0),
(2033, 310070, 3, 'Olitel_001489', 'Enviado', '2019-11-13', '1489', 423864, 0),
(2034, 310080, 3, 'Olitel_001551', 'Enviado', '2019-09-24', '1551', 369059, 0),
(2035, 310090, 3, 'Olitel_001726', 'Enviado', '2019-09-26', '1726', 369059, 0),
(2036, 310100, 3, 'Olitel_001754', 'Enviado', '2019-09-24', '1754', 449103, 0),
(2037, 310110, 3, 'Olitel_001760', 'Enviado', '2019-10-24', '1760', 735014, 0),
(2038, 310120, 3, 'Olitel_001445', 'Enviado', '2019-05-22', '1445', 125483, 0),
(2039, 310130, 3, 'Olitel_001466', 'Enviado', '2019-05-22', '1466', 421260, 0),
(2040, 310140, 3, 'Olitel_001471', 'Enviado', '2020-04-01', '1471', 342002, 0),
(2041, 310150, 3, 'Olitel_001473', 'Enviado', '2019-05-22', '1473', 125483, 0),
(2042, 310160, 3, 'Olitel_001475', 'Enviado', '2019-05-22', '1475', 125483, 0),
(2043, 310170, 3, 'Olitel_001767', 'Enviado', '2019-12-27', '1767', 342002, 0),
(2044, 310180, 3, 'Olitel_001860', 'Enviado', '2020-04-15', '1860', 395303, 0),
(2045, 310210, 3, 'Olitel_001841', 'Enviado', '2019-12-24', '1841', 218644, 0),
(2046, 310210, 3, 'Olitel_001842', 'Enviado', '2020-04-22', '1842', 404905, 0),
(2047, 310220, 3, 'Olitel_001854', 'Facturado', '2020-04-20', '1854', 484015, 484015),
(2048, 320010, 3, 'Olitel_001501', 'Enviado', '2019-11-15', '1501', 476132, 0),
(2049, 320020, 3, 'Olitel_001477', 'Enviado', '2019-11-15', '1477', 476132, 0),
(2050, 90813, 3, 'Olitel_001397', 'Enviado', NULL, '1397', NULL, 0),
(2051, 90825, 4, 'Olitel_001318', 'Facturado', NULL, '1318', NULL, 0),
(2052, 400001, 3, 'Olitel_001402', 'Facturado', NULL, '1402', NULL, 0),
(2053, 500010, 4, 'Olitel_001941', 'Enviado', NULL, '1941', NULL, 0),
(2054, 500051, 4, 'Olitel_001770', 'Enviado', '2020-06-16', '1770', 2820766, 0),
(2055, 500052, 4, 'Olitel_001771', 'Enviado', '2020-06-16', '1771', 11184396, 0),
(2056, 500053, 4, 'Olitel_001772', 'Enviado', '2020-06-16', '1772', 12926000, 0),
(2057, 500054, 4, 'Olitel_001775', 'Enviado', '2020-06-25', '1775', 490568, 0),
(2058, 500055, 4, 'Olitel_001776', 'Enviado', '2020-06-16', '1776', 7971730, 0),
(2059, 500056, 4, 'Olitel_001778', 'Enviado', '2020-06-16', '1778', 571742, 0),
(2060, 500057, 4, 'Olitel_001779', 'Enviado', '2020-06-16', '1779', 1593417, 0),
(2061, 500058, 4, 'Olitel_001780', 'Enviado', '2020-06-16', '1780', 6504180, 0),
(2062, 500059, 4, 'Olitel_001781', 'Enviado', '2020-06-16', '1781', 9522030, 0),
(2063, 500061, 4, 'Olitel_001865', 'Enviado', '2020-06-15', '1865', 875131, 0),
(2064, 500062, 4, 'Olitel_001866', 'Enviado', '2020-06-15', '1866', 245316, 0),
(2065, 500063, 4, 'Olitel_001867', 'Enviado', '2020-06-15', '1867', 731761, 0),
(2066, 500064, 4, 'Olitel_001868', 'Enviado', '2020-06-25', '1868', 731761, 0),
(2067, 500065, 4, 'Olitel_001872', 'Enviado', '2020-06-15', '1872', 1285170, 0),
(2068, 500066, 4, 'Olitel_001873', 'Enviado', '2020-06-15', '1873', 7928839, 0),
(2069, 500067, 4, 'Olitel_001874', 'Enviado', '2020-06-15', '1874', 1518900, 0),
(2070, 500068, 4, 'Olitel_001875', 'Enviado', '2020-06-15', '1875', 1216634, 0),
(2071, 500069, 4, 'Olitel_001876', 'Enviado', '2020-06-15', '1876', 245316, 0),
(2072, 500091, 4, 'Olitel_001939', 'Enviado', '2020-07-07', '1939', 2254360, 0),
(2073, 500092, 4, 'Olitel_001938', 'Enviado', '2020-07-07', '1938', 763728, 0),
(2080, 902870, 2, 'Olitel_001822', 'Enviado', '2020-05-15', '1822', 610000, 0),
(2081, 902890, 2, 'Olitel_001810', 'Enviado', '2020-05-19', '1810', 787500, 0),
(2082, 902930, 2, 'Olitel_001811', 'Enviado', '2020-06-23', '1811', 900000, 0),
(2083, 902950, 2, 'Olitel_001935', 'Facturado', NULL, '1935', NULL, 0),
(2084, 908031, 2, 'Olitel_001825', 'Enviado', '2020-06-11', '1825', 375000, 0),
(2086, 908200, 3, 'Olitel_001914', 'Enviado', '2020-04-20', '1914', 495371, 0),
(2087, 908261, 3, 'Olitel_001922', 'Enviado', '2020-06-25', '1922', 1923990, 0),
(2088, 908262, 3, 'Olitel_001923', 'Facturado', '2020-06-25', '1923', 63000, 63000),
(2091, 3101101, 3, 'Olitel_001761', 'Enviado', '2020-01-20', '1761', 247163, 0),
(2092, 5000510, 4, 'Olitel_001782', 'Enviado', '2020-06-16', '1782', 4295298, 0),
(2093, 5000511, 4, 'Olitel_001783', 'Enviado', '2020-06-16', '1783', 578582, 0),
(2094, 5000512, 4, 'Olitel_001785', 'Enviado', '2020-06-16', '1785', 138558, 0),
(2095, 5000513, 4, 'Olitel_001774', 'Enviado', '2020-06-25', '1774', 277116, 0),
(2096, 5000514, 4, 'Olitel_001773', 'Enviado', '2020-06-25', '1773', 490568, 0),
(2097, 5000515, 4, 'Olitel_001777', 'Enviado', '2020-06-16', '1777', 1686000, 0),
(2098, 5000516, 4, 'Olitel_001784', 'Enviado', '2020-06-16', '1784', 634802, 0),
(2099, 5000517, 4, 'Olitel_001786', 'Enviado', '2020-07-20', '1786', 245284, 0),
(2100, 5000610, 4, 'Olitel_001877', 'Enviado', '2020-06-15', '1877', 731761, 0),
(2101, 5000611, 4, 'Olitel_001879', 'Enviado', '2020-06-15', '1879', 167025, 0),
(2102, 5000612, 4, 'Olitel_001880', 'Enviado', '2020-06-10', '1880', 735948, 0),
(2103, 5000613, 4, 'Olitel_001881', 'Enviado', '2020-06-10', '1881', 2135017, 0),
(2104, 5000614, 4, 'Olitel_001882', 'Enviado', '2020-06-10', '1882', 731761, 0),
(2105, 5000615, 4, 'Olitel_001883', 'Enviado', '2020-06-10', '1883', 485180, 0),
(2106, 5000616, 4, 'Olitel_001884', 'Enviado', '2020-06-10', '1884', 274270, 0),
(2107, 5000617, 4, 'Olitel_001885', 'Enviado', '2020-06-10', '1885', 701628, 0),
(2108, 5000618, 4, 'Olitel_001886', 'Enviado', '2020-06-10', '1886', 2135017, 0),
(2109, 5000619, 4, 'Olitel_001887', 'Enviado', '2020-06-10', '1887', 735948, 0),
(2110, 5000620, 4, 'Olitel_001888', 'Enviado', '2020-06-10', '1888', 1285170, 0),
(2111, 5000621, 4, 'Olitel_001889', 'Enviado', '2020-06-11', '1889', 1285170, 0),
(2112, 5000622, 4, 'Olitel_001890', 'Enviado', '2020-06-11', '1890', 799880, 0),
(2120, 908041, 2, 'Olitel_001714', 'Enviado', '2019-12-04', '1714', 330000, 0),
(2126, 5000623, 4, 'Olitel_001891', 'Enviado', '2020-04-24', '1891', 5031928, 0),
(2127, 5000624, 4, 'Olitel_001892', 'Enviado', '2020-04-24', '1892', 3658805, 0),
(2128, 5000625, 4, 'Olitel_001893', 'Enviado', '2020-04-24', '1893', 731761, 0),
(2129, 5000626, 4, 'Olitel_001894', 'Enviado', '2020-04-24', '1894', 6425850, 0),
(2130, 5000627, 4, 'Olitel_001895', 'Enviado', '2020-04-24', '1895', 2165150, 0),
(2131, 5000628, 4, 'Olitel_001896', 'Enviado', '2020-04-24', '1896', 1455540, 0),
(2132, 5000629, 4, 'Olitel_001897', 'Enviado', '2020-04-24', '1897', 822810, 0),
(2133, 5000630, 4, 'Olitel_001898', 'Enviado', '2020-04-24', '1898', 1285170, 0),
(2134, 5000631, 4, 'Olitel_001899', 'Enviado', '2020-04-24', '1899', 1717212, 0),
(2135, 5000632, 4, 'Olitel_001871', 'Enviado', '2020-06-25', '1871', 731761, 0),
(2136, 5000633, 4, 'Olitel_001870', 'Enviado', '2020-06-25', '1870', 1285170, 0),
(2137, 5000634, 4, 'Olitel_001869', 'Enviado', '2020-06-25', '1869', 759450, 0),
(2138, 5000635, 4, 'Olitel_001878', 'Enviado', '2020-06-15', '1878', 731761, 0),
(2139, 5000636, 4, 'Olitel_001863', 'Enviado', '2020-07-20', '1863', 5275096, 0),
(2140, 5000637, 4, 'Olitel_001862', 'Enviado', '2020-07-20', '1862', 5191224, 0),
(2141, 90814, 2, 'C_102_2020', 'Facturado', '2020-08-19', '1942', 4168750, 4168750),
(2144, 9, 1, '', 'Enviado', '2020-08-04', '1943', 24495543, 24495543),
(2146, 9, 1, '', 'Enviado', '2020-08-04', '1944', 15203784, 15203784),
(2147, 5, 1, '', 'Enviado', '2020-08-04', '1945', 39144651, 34127849),
(2148, 15, 1, '', 'Enviado', '2020-08-04', '1946', 3428386, 3428386),
(2149, 5000649, 2, '', 'Facturado', '2020-08-12', '1947', 3508139, 3508139),
(2150, 90826, 1, '', 'Facturado', '2020-08-27', '1948', 11015562, 11015562),
(2151, 5000650, 3, '', 'Facturado', '2020-08-28', '1949', 900966, 900966),
(2152, 90812, 3, '', 'Enviado', '2020-08-10', '1950', 125483, 125483),
(2153, 90812, 3, '', 'Enviado', '2020-08-19', '1951', 579610, 579610),
(2154, 90830, 3, '', 'Facturado', '2020-08-10', '1952', 250000, 250000),
(2155, 90831, 3, '', 'Facturado', '2020-08-10', '1953', 600000, 600000),
(2156, 500017, 1, '', 'Enviado', '2020-08-06', '1954', 9406324, 9406324),
(2157, 500093, 4, '', 'Facturado', '2020-08-06', '1955', 4678790, 4678790),
(2158, 500018, 4, '', 'Enviado', '2020-08-06', '1956', 1273125, 1273125),
(2159, 7, 1, '', 'Enviado', '2020-08-01', '1957', 4200000, 4200000),
(2160, 14, 1, '', 'Enviado', '2020-08-01', '1958', 1616861, 808430),
(2161, 5000661, 2, '', 'Facturado', '0000-00-00', '1959', 1941000, 1941000),
(2162, 14, 1, '', 'Enviado', '2020-09-01', '1960', 900000, 900000),
(2163, 7, 1, '', 'Enviado', '2020-09-01', '1961', 4200000, 4200000),
(2164, 16, 1, '', 'Enviado', '2020-09-01', '1962', 39610000, 39610000),
(2165, 8, 1, '', 'Enviado', '2020-09-01', '1963', 15070000, 15070000),
(2166, 6, 1, '', 'Enviado', '2020-09-01', '1964', 14600000, 14600000),
(2167, 14, 1, '', 'Enviado', '2020-09-01', '1965', 2575000, 2575000),
(2168, 14, 1, '', 'Enviado', '2020-09-01', '1966', 1616861, 1616861),
(2169, 14, 1, '', 'Enviado', '2020-09-01', '1967', 1700000, 1700000),
(2170, 3, 1, '', 'Enviado', '2020-09-01', '1968', 21575334, 12619530),
(2171, 14, 1, '', 'Enviado', '2020-09-01', '1969', 1596774, 2250000),
(2172, 5, 1, '', 'Enviado', '2020-09-02', '1970', 36832368, 13896381),
(2173, 90812, 3, '', 'Enviado', '2020-09-01', '1971', 376449, 376449),
(2174, 90813, 3, '', 'Enviado', '2020-09-01', '1972', 878381, 0),
(2175, 90811, 2, '', 'Enviado', '2020-09-02', '1973', 1170000, 0),
(2176, 500019, 4, '', 'Facturado', '2020-08-06', '1974', 1358000, 1358000),
(2177, 908233, 3, '', 'Facturado', '2020-08-18', '1975', 9199062, 9199062),
(2178, 908241, 3, '', 'Facturado', '2020-08-18', '1976', 3048170, 3048170),
(2179, 9, 1, '', 'Enviado', '2020-09-04', '1977', 23259894, 23259894),
(2180, 16, 1, '', 'Enviado', '2020-08-01', '1978', 39610000, 39610000),
(2181, 15, 1, '', 'Enviado', '2020-09-07', '1979', 3569390, 3569390),
(2182, 2, 1, '', 'Facturado', '2020-09-07', '1980', 1290323, 1290323),
(2183, 90225, 1, '', 'Enviado', '2020-09-07', '1981', 5037000, 4400000),
(2184, 90226, 1, '', 'Enviado', '2020-09-07', '1982', 5181000, 4400000),
(2185, 90227, 1, '', 'Enviado', '2020-09-07', '1983', 4564000, 4400000),
(2186, 10001, 1, '', 'Enviado', '2020-08-12', '1984', 4510000, 4510000),
(2187, 90176, 1, '', 'Enviado', '2020-08-12', '1985', 1183500, 1183500),
(2188, 9, 1, '', 'Enviado', '2020-09-09', '1986', 27127551, 27127551),
(2189, 9, 1, '', 'Enviado', '2020-09-09', '1987', 24022938, 16711438),
(2190, 9, 1, '', 'Enviado', '2020-09-09', '1988', 13065869, 13065869),
(2191, 9, 1, '', 'Enviado', '2020-09-09', '1989', 13961432, 13961432),
(2193, 5000652, 3, '', 'Enviado', '2020-09-11', '1990', 3602947, 0),
(2194, 6, 1, '', 'Enviado', '2020-08-01', '1991', 14600000, 14600000),
(2195, 14, 1, '', 'Enviado', '2020-08-01', '1992', 1700000, 1700000),
(2196, 90225, 1, '', 'Enviado', '2020-08-10', '1993', 5273000, 5273000),
(2197, 90226, 1, '', 'Enviado', '2020-08-10', '1994', 4972000, 4972000),
(2198, 90227, 1, '', 'Enviado', '2020-08-10', '1995', 5040000, 5040000),
(2199, 90176, 1, '', 'Enviado', '2020-08-12', '1996', 4400000, 4400000),
(2200, 90147, 1, '', 'Enviado', '2020-08-12', '1997', 4400000, 4400000),
(2201, 20000, 1, '', 'Enviado', '2020-09-15', '1998', 7747000, 0),
(2202, 90147, 1, '', 'Enviado', '2020-09-15', '1999', 6145000, 1745000),
(2203, 90176, 1, '', 'Enviado', '2020-09-15', '2000', 7057500, 2657500),
(2204, 10004, 1, '', 'Enviado', '2020-09-15', '2001', 6802000, 0),
(2205, 908151, 2, '', 'Facturado', '2020-09-16', '2002', 1731250, 1731250),
(2206, 5000667, 2, '', 'Facturado', '2020-09-17', '2003', 1725000, 1725000),
(2207, 8, 1, '', 'Enviado', '2020-08-01', '2004', 15070000, 15070000),
(2209, 14, 1, '', 'Enviado', '2020-08-01', '2005', 2575000, 2575000),
(2210, 12, 3, '', 'Facturado', '2020-09-22', '2006', 2159000, 2159000),
(2211, 908301, 3, '', 'Facturado', '2020-09-22', '2007', 1000000, 1000000),
(2212, 5000665, 3, '', 'Enviado', '2020-09-22', '2008', 1620000, 0),
(2213, 5000663, 3, '', 'Enviado', '2020-09-22', '2009', 1514564, 0),
(2214, 908232, 3, '', 'Facturado', '2020-08-05', '2010', 2202438, 2202438),
(2215, 20000, 1, '', 'Enviado', '2020-08-10', '2011', 5777000, 1377000),
(2216, 14, 1, '', 'Enviado', '2020-10-01', '2012', 2250000, 2250000),
(2217, 500020, 4, '', 'Facturado', '2020-08-12', '2013', 562728, 562728),
(2218, 14, 1, '', 'Enviado', '2020-10-01', '2014', 900000, 900000),
(2219, 7, 1, '', 'Enviado', '2020-10-01', '2015', 4200000, 4200000),
(2220, 16, 1, '', 'Enviado', '2020-10-01', '2016', 39610000, 39610000),
(2221, 8, 1, '', 'Enviado', '2020-10-01', '2017', 15070000, 15070000),
(2222, 6, 1, '', 'Enviado', '2020-10-01', '2018', 14600000, 14600000),
(2223, 14, 1, '', 'Enviado', '2020-10-01', '2019', 2575000, 2575000),
(2224, 14, 1, '', 'Enviado', '2020-10-01', '2020', 1616861, 808431),
(2225, 14, 1, '', 'Enviado', '2020-10-01', '2021', 1700000, 1700000),
(2226, 3, 1, '', 'Enviado', '2020-10-01', '2022', 21595119, 3463376),
(2227, 5, 1, '', 'Enviado', '2020-10-05', '2023', 40942165, 22026880),
(2228, 10001, 1, '', 'Enviado', '2020-10-01', '2024', 880000, 0),
(2229, 10002, 1, '', 'Facturado', '2020-10-01', '2025', 880000, 0),
(2230, 10003, 1, '', 'Facturado', '2020-10-01', '2026', 880000, 0),
(2231, 10005, 1, '', 'Facturado', '2020-10-01', '2027', 880000, 0),
(2232, 90224, 1, '', 'Facturado', '2020-10-01', '2028', 880000, 0),
(2233, 90828, 1, '', 'Enviado', '2020-10-06', '2029', 1682330, 0),
(2234, 90147, 1, '', 'Enviado', '2020-10-06', '2030', 7154000, 7154000),
(2235, 90176, 1, '', 'Enviado', '2020-10-06', '2031', 5558500, 5558500),
(2236, 90225, 1, '', 'Enviado', '2020-10-06', '2032', 5571000, 1171000),
(2237, 90226, 1, '', 'Enviado', '2020-10-06', '2033', 5085500, 685500),
(2238, 90227, 1, '', 'Enviado', '2020-10-06', '2034', 4863370, 463370),
(2239, 9, 1, '', 'Enviado', '2020-10-06', '2035', 27741363, 27741363),
(2240, 9, 1, '', 'Enviado', '2020-10-06', '2036', 23325724, 7719142),
(2241, 9, 1, '', 'Enviado', '2020-10-06', '2037', 13065869, 0),
(2242, 9, 1, '', 'Enviado', '2020-10-06', '2038', 15475622, 15475622),
(2243, 15, 1, '', 'Enviado', '2020-10-06', '2039', 3669689, 3669689),
(2244, 90812, 1, '', 'Enviado', '2020-10-07', '2040', 125483, 125483),
(2245, 90813, 1, '', 'Enviado', '2020-10-07', '2041', 1380313, 0),
(2246, 90811, 1, '', 'Enviado', '2020-10-07', '2042', 670000, 0),
(2247, 500017, 1, '', 'Enviado', '2020-10-07', '2043', 3055500, 3055500),
(2248, 500018, 4, '', 'Enviado', '2020-10-07', '2044', 1018500, 1018500),
(2249, 10002, 1, '', 'Facturado', '2020-08-12', '2045', 4532000, 4532000),
(2250, 10003, 1, '', 'Facturado', '2020-08-12', '2046', 4939000, 4939000);
INSERT INTO `informe_de_pago` (`ID_IP`, `CP`, `ID_TIPO`, `NRO_COTI`, `ESTADO`, `FECHAENVIOIP`, `NIP`, `VALOR_IP`, `VALOR_FACTURADO`) VALUES
(2251, 90224, 1, '', 'Facturado', '2020-08-12', '2047', 4521000, 4521000),
(2252, 2, 1, '', 'Facturado', '2020-08-04', '2048', 2284218, 2284218),
(2253, 10005, 1, '', 'Facturado', '2020-08-12', '2049', 4400000, 4400000),
(2254, 10004, 1, '', 'Enviado', '2020-08-12', '2050', 6286000, 6286000),
(2255, 90812, 3, '', 'Enviado', '2020-08-10', '2051', 376449, 250966),
(2256, 5000660, 2, '', 'Facturado', '2020-10-15', '2052', 2780000, 2780000),
(2257, 5000654, 3, '', 'Enviado', '2020-10-15', '2053', 4652905, 0),
(2258, 20000, 1, '', 'Enviado', '2020-10-16', '2054', 7699000, 0),
(2259, 10004, 1, '', 'Enviado', '2020-10-16', '2055', 6931000, 0),
(2260, 90841, 2, '', 'Enviado', '2020-10-16', '2056', 2816375, 0),
(2261, 90812, 3, '', 'Enviado', '2020-10-19', '2057', 250966, 250966),
(2262, 90840, 2, '', 'Enviado', '2020-10-20', '2058', 1471250, 0),
(2263, 90839, 2, '', 'Enviado', '2020-10-20', '2059', 457000, 0),
(2264, 5000666, 2, '', 'Enviado', '2020-10-20', '2060', 907000, 0),
(2265, 90842, 2, '', 'Enviado', '2020-10-20', '2061', 2028150, 0),
(2266, 90844, 2, '', 'Enviado', '2020-10-20', '2062', 343440, 0),
(2267, 5000672, 3, '', 'Enviado', '2020-10-22', '2063', 5161494, 0),
(2268, 500010, 4, '', 'Enviado', '2020-10-22', '2064', 2547535, 2292910),
(2269, 500011, 4, '', 'Facturado', '2020-10-22', '2065', 822882, 822882),
(2270, 500012, 4, '', 'Enviado', '2020-10-22', '2066', 5600880, 2240700),
(2271, 500016, 4, '', 'Enviado', '2020-10-22', '2067', 3953998, 2087925),
(2272, 5000638, 4, '', 'Facturado', '2020-07-27', '2068', 591500, 591500),
(2273, 14, 1, '', 'Enviado', '2020-11-02', '2069', 900000, 0),
(2274, 7, 1, '', 'Enviado', '2020-11-02', '2070', 4200000, 0),
(2275, 16, 1, '', 'Enviado', '2020-11-02', '2071', 26199000, 0),
(2276, 8, 1, '', 'Enviado', '2020-11-02', '2072', 15070000, 0),
(2277, 6, 1, '', 'Enviado', '2020-11-02', '2073', 14600000, 0),
(2278, 14, 1, '', 'Enviado', '2020-11-02', '2074', 2575000, 2575000),
(2279, 14, 1, '', 'Enviado', '2020-11-02', '2075', 1616861, 0),
(2280, 14, 1, '', 'Enviado', '2020-11-02', '2076', 793333, 0),
(2281, 14, 1, '', 'Enviado', '2020-11-02', '2077', 2250000, 0),
(2282, 5000676, 3, '', 'Enviado', '2020-11-05', '2078', 2600000, 0),
(2283, 90225, 1, '', 'Enviado', '2020-11-05', '2079', 4642000, 0),
(2284, 90226, 1, '', 'Enviado', '2020-11-05', '2080', 4775000, 0),
(2285, 90227, 1, '', 'Enviado', '2020-11-05', '2081', 4559500, 0),
(2286, 90826, 3, '', 'Facturado', '2020-08-03', '2082', 1072150, 1072150),
(2287, 3, 1, '', 'Enviado', '2020-11-05', '2083', 21645258, 0),
(2288, 5, 1, '', 'Enviado', '2020-11-05', '2084', 39887537, 0),
(2289, 90147, 1, '', 'Enviado', '2020-11-05', '2085', 6305000, 0),
(2290, 90176, 1, '', 'Enviado', '2020-11-05', '2086', 5880000, 0),
(2291, 15, 1, '', 'Enviado', '2020-11-05', '2087', 3561665, 0),
(2292, 50006, 4, '', 'Enviado', '2020-11-06', '2088', 11764984, 0),
(2293, 50005, 4, '', 'Enviado', '2020-11-06', '2089', 20205375, 0),
(2294, 50009, 4, '', 'Enviado', '2020-11-06', '2090', 112718, 0),
(2295, 500018, 4, '', 'Enviado', '2020-11-06', '2091', 2121875, 0),
(2296, 500017, 4, '', 'Enviado', '2020-11-06', '2092', 149626, 0),
(2297, 9, 1, '', 'Enviado', '2020-11-06', '2093', 19733018, 0),
(2298, 9, 1, '', 'Enviado', '2020-11-06', '2094', 13065869, 0),
(2299, 9, 1, '', 'Enviado', '2020-11-06', '2095', 17998443, 0),
(2300, 90294, 2, '', 'Enviado', '2020-11-09', '2096', 836250, 0),
(2301, 5000662, 2, '', 'Enviado', '2020-11-09', '2097', 1037750, 0),
(2302, 90812, 3, '', 'Enviado', '2020-11-09', '2098', 376449, 250966),
(2303, 90813, 3, '', 'Enviado', '2020-11-09', '2099', 1631279, 0),
(2304, 908311, 3, '', 'Enviado', '2020-10-16', '20100', 2250000, 500000),
(2305, 5000679, 3, '', 'Enviado', '2020-11-09', '20101', 1640047, 0),
(2306, 90811, 2, '', 'Enviado', '2020-11-11', '20102', 360000, 0),
(2307, 5000681, 2, '', 'Enviado', '2020-11-09', '20103', 2847625, 0),
(2308, 5000668, 2, '', 'Enviado', '2020-11-09', '20104', 1800000, 0);

-- --------------------------------------------------------

--
-- Estructura de tabla para la tabla `involucrados_en_cc`
--

CREATE TABLE `involucrados_en_cc` (
  `ID_CC` int(11) NOT NULL,
  `ID_CARGO` int(11) NOT NULL,
  `ID_PERSONAS` int(11) NOT NULL
) ENGINE=InnoDB DEFAULT CHARSET=utf8 COLLATE=utf8_spanish_ci;

-- --------------------------------------------------------

--
-- Estructura de tabla para la tabla `jefe_entel`
--

CREATE TABLE `jefe_entel` (
  `ID_JDE` int(11) NOT NULL,
  `NOM_JDE` char(200) COLLATE utf8_spanish_ci NOT NULL
) ENGINE=InnoDB DEFAULT CHARSET=utf8 COLLATE=utf8_spanish_ci;

--
-- Volcado de datos para la tabla `jefe_entel`
--

INSERT INTO `jefe_entel` (`ID_JDE`, `NOM_JDE`) VALUES
(1, 'Hector Badilla'),
(2, 'Flavio Gomez'),
(3, 'Alejandro Toledo'),
(4, 'Alejandro Arro'),
(5, 'German Rojas'),
(6, 'Leonardo Caddeo'),
(7, 'Alejandro Guzman'),
(8, 'Patricio Retamales'),
(9, 'Mauricio Diaz'),
(10, 'Alexis Pino'),
(11, 'Jose Valenzuela'),
(12, 'Carlos Gallenguillos'),
(13, 'Patricio Quezada'),
(14, 'Andres Cerda'),
(15, 'Patricio Corvalan'),
(1000, 'Sin información');

-- --------------------------------------------------------

--
-- Estructura de tabla para la tabla `linea_de_negocio`
--

CREATE TABLE `linea_de_negocio` (
  `ID_LINEA` int(11) NOT NULL,
  `NOM_LINEA` char(25) COLLATE utf8_spanish_ci NOT NULL
) ENGINE=InnoDB DEFAULT CHARSET=utf8 COLLATE=utf8_spanish_ci;

--
-- Volcado de datos para la tabla `linea_de_negocio`
--

INSERT INTO `linea_de_negocio` (`ID_LINEA`, `NOM_LINEA`) VALUES
(1, 'Administración'),
(2, 'Instalaciones'),
(3, 'Servicios'),
(4, 'Venta de Productos');

-- --------------------------------------------------------

--
-- Estructura de tabla para la tabla `oc`
--

CREATE TABLE `oc` (
  `ID_OC` int(11) NOT NULL,
  `ID_FACT` int(11) NOT NULL,
  `NOC` bigint(11) NOT NULL
) ENGINE=InnoDB DEFAULT CHARSET=utf8 COLLATE=utf8_spanish_ci;

--
-- Volcado de datos para la tabla `oc`
--

INSERT INTO `oc` (`ID_OC`, `ID_FACT`, `NOC`) VALUES
(7, 1698, 6000198536),
(8, 1698, 6000198629),
(9, 1698, 6000199288),
(10, 1698, 6000199309),
(11, 1698, 6000199384),
(12, 1699, 6000196431),
(13, 1699, 6000199384),
(14, 1699, 6000199755),
(15, 1699, 6000199619),
(16, 1700, 605121083137),
(17, 1702, 6051210119258),
(18, 1703, 6051210831379),
(19, 1705, 3310211632),
(20, 1705, 3310211634),
(21, 1706, 3310212025),
(22, 1725, 3310212160),
(23, 1725, 3310212355),
(24, 1725, 3310212367),
(25, 1726, 3310204150),
(26, 1727, 3310212207),
(27, 1727, 3310212327),
(28, 1728, 3310207448),
(29, 1728, 3310212492),
(30, 1728, 3310212526),
(31, 1729, 3310212452),
(32, 1729, 3310212454),
(33, 1729, 3310212456),
(34, 1729, 3310212457),
(35, 1730, 6000200173),
(36, 1730, 6000200332),
(37, 1730, 6000200333),
(38, 1730, 6000200371),
(39, 1731, 3310212726),
(40, 1733, 3310213259),
(41, 1734, 6000199361),
(42, 1732, 3310212824),
(43, 1732, 3310212825),
(44, 1732, 3310212826),
(45, 1732, 3310213053),
(46, 1732, 3310213053),
(47, 1732, 3310213055),
(48, 1732, 3310213239),
(49, 1732, 3310213284),
(50, 1732, 3310213300),
(51, 1735, 6000199384),
(52, 1736, 6000200546),
(53, 1736, 6000200547),
(54, 1736, 6000200548),
(55, 1737, 3310212246),
(56, 1737, 3310212301),
(57, 1737, 3310212735),
(58, 1741, 6000200779),
(59, 1742, 6000200917),
(60, 1742, 6000200983),
(61, 1743, 6000201046),
(62, 1744, 6000200202),
(63, 1744, 6000200216),
(64, 1744, 6000200561),
(65, 1744, 600020105),
(66, 1745, 3310213591),
(67, 1745, 3310213592),
(68, 1745, 3310213593),
(69, 1745, 3310213692),
(70, 1745, 3310213693),
(71, 1745, 3310213695),
(72, 1745, 3310213696),
(73, 1745, 3310213697),
(74, 1745, 3310213698),
(75, 1745, 3310213698),
(76, 1745, 3310213817),
(77, 1745, 3310213818),
(78, 1745, 3310213819),
(79, 1738, 3310212700),
(80, 1738, 3310213059),
(81, 1738, 3310213059),
(82, 1738, 3310213538),
(83, 1738, 3310213539),
(84, 1738, 3310213541),
(85, 1738, 3310213551),
(86, 1738, 3310213555),
(87, 1738, 3310213686),
(88, 1738, 3310213686),
(89, 1738, 3310213687),
(90, 1746, 6051043723),
(92, 1748, 605121011929),
(93, 1749, 605121011929),
(94, 1754, 6051043128),
(95, 1753, 605121011930),
(96, 1752, 605121011930),
(97, 1751, 605121011930),
(98, 1750, 605121011934),
(99, 1755, 3310196606),
(100, 1756, 3310213908),
(101, 1756, 3310213909),
(102, 1756, 3310213921),
(103, 1756, 3310214007),
(104, 1756, 3310214008),
(105, 1757, 3310213771),
(106, 1757, 3310213902),
(107, 1757, 3310213903),
(108, 1757, 3310213905),
(109, 1757, 3310213993),
(110, 1757, 3310213995),
(111, 1757, 3310213996),
(112, 1757, 3310213998),
(113, 1757, 3310213999),
(114, 1757, 33310214000),
(115, 1758, 3310214581),
(116, 1759, 6000201300),
(117, 1759, 6000201435),
(118, 1760, 6000201485),
(119, 1761, 3310212473),
(120, 1761, 3310212722),
(121, 1761, 3310214732),
(122, 1762, 3310214193),
(123, 1762, 3310214195),
(124, 1762, 3310214743),
(125, 1762, 3310214825),
(126, 1763, 3310214695),
(127, 1763, 3310214936),
(128, 1764, 6000201532),
(129, 1765, 6000201663),
(130, 1766, 3310215171),
(131, 1766, 3310215173),
(132, 1769, 3310215190),
(133, 1769, 3310215275),
(134, 1769, 3310215355),
(135, 1769, 3310215356),
(136, 1769, 3310215398),
(137, 1769, 3310215405),
(138, 1769, 3310215583),
(139, 1770, 6000201591),
(140, 1770, 6000201700),
(141, 1770, 6000201789),
(142, 1770, 6000201793),
(143, 1771, 6000201877),
(144, 1772, 6051211863181),
(145, 1773, 60510435131),
(146, 1774, 6051210831375),
(147, 1775, 6051210119257),
(148, 1776, 6051211836021),
(149, 1777, 6051211835981),
(150, 1778, 605121183599),
(151, 1779, 6051211863182),
(152, 1780, 3310215785),
(153, 1780, 3310215797),
(154, 1781, 3310215822),
(155, 1781, 3310215824),
(156, 1781, 3310215825),
(157, 1781, 3310215840),
(158, 1781, 3310215841),
(159, 1782, 6000202060),
(160, 1783, 3310216311),
(161, 1783, 3310215809),
(162, 1783, 3310215805),
(163, 1784, 6000202329),
(164, 1785, 6000201675),
(165, 1785, 6000202047),
(166, 1785, 6000199384);

-- --------------------------------------------------------

--
-- Estructura de tabla para la tabla `pago_fact`
--

CREATE TABLE `pago_fact` (
  `ID_IP` int(11) NOT NULL,
  `ID_FACT` int(11) NOT NULL
) ENGINE=InnoDB DEFAULT CHARSET=utf8 COLLATE=utf8_spanish_ci;

--
-- Volcado de datos para la tabla `pago_fact`
--

INSERT INTO `pago_fact` (`ID_IP`, `ID_FACT`) VALUES
(1, 1012),
(2, 724),
(3, 1471),
(4, 827),
(6, 310),
(7, 310),
(8, 310),
(9, 310),
(10, 310),
(11, 310),
(12, 310),
(13, 841),
(14, 352),
(15, 352),
(16, 352),
(17, 352),
(18, 352),
(19, 352),
(20, 352),
(22, 352),
(23, 842),
(24, 898),
(27, 898),
(30, 898),
(31, 898),
(35, 898),
(36, 898),
(38, 312),
(39, 312),
(41, 356),
(42, 356),
(56, 502),
(59, 356),
(60, 356),
(61, 231),
(63, 317),
(64, 317),
(65, 286),
(67, 286),
(68, 286),
(69, 286),
(70, 286),
(71, 286),
(72, 286),
(81, 1025),
(83, 664),
(84, 664),
(85, 664),
(86, 664),
(87, 664),
(88, 664),
(89, 664),
(90, 664),
(91, 664),
(94, 893),
(98, 662),
(99, 828),
(100, 313),
(101, 313),
(102, 313),
(103, 313),
(109, 91),
(110, 91),
(113, 313),
(114, 313),
(115, 313),
(116, 313),
(117, 91),
(120, 91),
(122, 829),
(123, 340),
(124, 340),
(125, 340),
(126, 340),
(127, 340),
(128, 340),
(129, 340),
(130, 340),
(131, 537),
(132, 537),
(133, 537),
(134, 537),
(135, 537),
(136, 537),
(137, 537),
(145, 199),
(147, 199),
(152, 537),
(153, 537),
(158, 199),
(160, 772),
(161, 772),
(165, 772),
(166, 772),
(167, 211),
(168, 211),
(169, 211),
(170, 211),
(171, 211),
(172, 211),
(173, 211),
(174, 211),
(175, 719),
(177, 1053),
(178, 252),
(179, 252),
(180, 252),
(181, 252),
(182, 252),
(183, 252),
(184, 252),
(185, 1026),
(186, 831),
(187, 722),
(188, 773),
(189, 773),
(194, 773),
(197, 810),
(198, 810),
(203, 832),
(204, 1027),
(205, 153),
(206, 153),
(207, 153),
(210, 912),
(217, 775),
(220, 1054),
(221, 386),
(222, 386),
(227, 386),
(230, 833),
(231, 736),
(235, 215),
(236, 210),
(237, 210),
(239, 210),
(242, 434),
(243, 434),
(246, 155),
(248, 155),
(249, 155),
(250, 155),
(251, 155),
(252, 155),
(254, 155),
(255, 536),
(256, 536),
(257, 536),
(258, 536),
(259, 536),
(260, 536),
(261, 536),
(263, 536),
(265, 691),
(266, 691),
(267, 691),
(268, 691),
(269, 691),
(270, 813),
(273, 246),
(274, 246),
(275, 246),
(276, 246),
(277, 246),
(278, 246),
(283, 818),
(311, 246),
(312, 726),
(314, 1064),
(316, 818),
(327, 834),
(333, 834),
(335, 728),
(336, 846),
(343, 274),
(344, 160),
(345, 160),
(348, 206),
(357, 1065),
(360, 815),
(361, 815),
(364, 811),
(368, 908),
(369, 908),
(370, 908),
(371, 561),
(373, 835),
(375, 1023),
(376, 870),
(377, 532),
(378, 532),
(379, 161),
(381, 161),
(383, 767),
(385, 820),
(389, 1066),
(390, 862),
(396, 1031),
(409, 364),
(410, 364),
(411, 364),
(456, 110),
(457, 110),
(458, 110),
(459, 293),
(460, 293),
(461, 293),
(462, 866),
(463, 836),
(464, 836),
(465, 162),
(466, 162),
(467, 162),
(470, 162),
(471, 162),
(474, 216),
(475, 216),
(476, 875),
(482, 146),
(483, 146),
(484, 146),
(485, 1061),
(487, 548),
(488, 548),
(492, 1004),
(499, 864),
(500, 864),
(501, 817),
(502, 817),
(506, 892),
(513, 549),
(515, 497),
(521, 497),
(522, 428),
(523, 428),
(526, 428),
(527, 874),
(529, 788),
(530, 550),
(532, 925),
(533, 837),
(534, 837),
(535, 867),
(536, 913),
(542, 295),
(543, 295),
(544, 572),
(545, 572),
(546, 108),
(547, 108),
(549, 1067),
(550, 297),
(551, 297),
(552, 297),
(553, 466),
(554, 856),
(555, 1001),
(556, 527),
(557, 527),
(558, 914),
(563, 244),
(564, 244),
(566, 551),
(568, 551),
(569, 551),
(570, 164),
(571, 164),
(572, 164),
(573, 164),
(574, 838),
(580, 838),
(581, 838),
(582, 821),
(583, 197),
(584, 197),
(586, 197),
(587, 467),
(588, 467),
(589, 221),
(590, 23),
(591, 23),
(592, 23),
(593, 23),
(594, 23),
(595, 23),
(596, 23),
(597, 23),
(598, 23),
(599, 100),
(600, 100),
(600, 352),
(601, 100),
(602, 100),
(603, 100),
(610, 100),
(611, 100),
(612, 100),
(645, 1020),
(646, 426),
(647, 524),
(648, 524),
(649, 298),
(650, 298),
(654, 2),
(656, 2),
(659, 553),
(663, 839),
(665, 2),
(669, 2),
(672, 699),
(673, 699),
(674, 468),
(675, 240),
(676, 25),
(677, 25),
(678, 25),
(679, 177),
(680, 177),
(681, 163),
(682, 163),
(683, 163),
(684, 163),
(685, 163),
(686, 163),
(687, 877),
(688, 877),
(689, 879),
(690, 879),
(691, 878),
(692, 26),
(693, 26),
(694, 26),
(695, 26),
(696, 26),
(697, 26),
(698, 26),
(699, 26),
(700, 26),
(701, 26),
(702, 26),
(703, 26),
(704, 26),
(705, 26),
(706, 26),
(707, 26),
(708, 26),
(709, 26),
(710, 785),
(711, 539),
(712, 539),
(713, 175),
(714, 761),
(715, 83),
(716, 83),
(717, 83),
(718, 83),
(719, 83),
(720, 83),
(721, 83),
(722, 169),
(723, 169),
(724, 169),
(729, 330),
(730, 330),
(731, 251),
(732, 251),
(733, 251),
(734, 251),
(735, 251),
(736, 251),
(737, 251),
(739, 251),
(740, 251),
(741, 200),
(742, 200),
(743, 200),
(744, 200),
(745, 200),
(746, 200),
(750, 869),
(751, 869),
(752, 869),
(753, 869),
(763, 251),
(777, 143),
(778, 143),
(779, 143),
(781, 143),
(783, 148),
(785, 71),
(786, 71),
(788, 143),
(789, 143),
(790, 143),
(791, 143),
(792, 143),
(796, 143),
(798, 143),
(800, 71),
(803, 106),
(804, 106),
(805, 106),
(806, 106),
(807, 106),
(808, 106),
(809, 106),
(810, 106),
(811, 106),
(812, 106),
(813, 106),
(814, 123),
(815, 123),
(816, 123),
(817, 123),
(818, 123),
(819, 123),
(820, 123),
(821, 999),
(822, 999),
(823, 249),
(824, 249),
(825, 249),
(826, 249),
(827, 249),
(828, 249),
(829, 249),
(830, 249),
(831, 249),
(832, 249),
(833, 249),
(834, 249),
(835, 249),
(836, 249),
(837, 249),
(838, 249),
(839, 249),
(840, 249),
(841, 249),
(842, 249),
(844, 249),
(845, 249),
(846, 249),
(847, 331),
(848, 331),
(849, 331),
(851, 756),
(853, 756),
(854, 75),
(855, 75),
(856, 182),
(858, 419),
(861, 114),
(862, 114),
(863, 114),
(864, 114),
(865, 114),
(866, 114),
(867, 114),
(868, 114),
(869, 114),
(870, 114),
(871, 114),
(872, 114),
(873, 114),
(874, 114),
(875, 114),
(878, 114),
(879, 72),
(880, 72),
(881, 72),
(882, 72),
(883, 72),
(884, 72),
(885, 72),
(886, 72),
(887, 72),
(888, 72),
(889, 72),
(1232, 1305),
(1259, 1726),
(1266, 1697),
(1271, 1330),
(1272, 1330),
(1275, 1334),
(1276, 1335),
(1278, 724),
(1279, 1338),
(1281, 1305),
(1282, 1305),
(1283, 1341),
(1284, 1342),
(1285, 1343),
(1288, 1345),
(1291, 1347),
(1293, 1347),
(1302, 23),
(1307, 1365),
(1324, 426),
(1369, 1755),
(1389, 1376),
(1396, 1748),
(1396, 1749),
(1396, 1750),
(1397, 1750),
(1397, 1751),
(1397, 1752),
(1397, 1753),
(1397, 1754),
(1400, 1378),
(1401, 1305),
(1402, 1380),
(1403, 1378),
(1404, 1305),
(1408, 1386),
(1409, 1387),
(1412, 1380),
(1413, 1384),
(1414, 1378),
(1423, 1395),
(1428, 1401),
(1447, 1388),
(1462, 1386),
(1463, 1424),
(1464, 1425),
(1466, 1427),
(1467, 1338),
(1468, 1429),
(1469, 1430),
(1470, 1334),
(1472, 1305),
(1473, 1434),
(1474, 1435),
(1475, 1384),
(1476, 1386),
(1477, 1384),
(1479, 1439),
(1480, 1440),
(1481, 1441),
(1482, 1334),
(1483, 1384),
(1484, 1444),
(1485, 1445),
(1486, 1446),
(1487, 1307),
(1488, 1441),
(1489, 1449),
(1491, 1449),
(1492, 1744),
(1493, 1452),
(1494, 1440),
(1495, 1445),
(1496, 1334),
(1497, 1341),
(1498, 1476),
(1499, 1458),
(1500, 1459),
(1501, 1429),
(1502, 1461),
(1503, 1462),
(1504, 1462),
(1595, 1464),
(1597, 1334),
(1598, 1459),
(1599, 434),
(1637, 1472),
(1638, 1473),
(1639, 1473),
(1641, 1459),
(1644, 1478),
(1645, 1479),
(1648, 1334),
(1649, 911),
(1651, 1334),
(1652, 1334),
(1654, 1334),
(1655, 1485),
(1721, 1334),
(1722, 1487),
(1723, 1487),
(1724, 1334),
(1725, 231),
(1726, 1491),
(1728, 1469),
(1729, 1495),
(1730, 911),
(1731, 1334),
(1733, 536),
(1734, 1487),
(1735, 911),
(1737, 664),
(1738, 536),
(1740, 1505),
(1741, 691),
(1743, 1507),
(1744, 1508),
(1746, 1485),
(1750, 1512),
(1757, 1458),
(1758, 1515),
(1777, 1756),
(1779, 1732),
(1779, 1736),
(1780, 1732),
(1780, 1736),
(1799, 1728),
(1800, 1725),
(1801, 1738),
(1808, 1732),
(1828, 1745),
(1829, 1762),
(1833, 1745),
(1834, 1745),
(1839, 1745),
(1840, 1745),
(1844, 1745),
(1845, 1745),
(1849, 1745),
(1850, 1745),
(1855, 1517),
(1858, 1520),
(1862, 1524),
(1865, 772),
(1866, 1528),
(1867, 1531),
(1868, 827),
(1869, 1531),
(1870, 1532),
(1871, 722),
(1873, 1495),
(1874, 1536),
(1875, 691),
(1876, 1538),
(1878, 1540),
(1879, 1540),
(1880, 1542),
(1881, 1517),
(1883, 1507),
(1884, 1507),
(1885, 1515),
(1886, 1548),
(1887, 1549),
(1895, 1427),
(1902, 875),
(1903, 1565),
(1918, 1693),
(1973, 1745),
(1994, 1695),
(1995, 1697),
(2005, 1771),
(2005, 1782),
(2009, 1698),
(2010, 1698),
(2012, 1693),
(2015, 1693),
(2023, 1737),
(2024, 1737),
(2025, 231),
(2026, 1327),
(2047, 1699),
(2088, 1782),
(2141, 1692),
(2144, 1694),
(2146, 1725),
(2147, 1694),
(2147, 1696),
(2148, 1696),
(2149, 1704),
(2149, 1712),
(2149, 1713),
(2149, 1714),
(2149, 1715),
(2150, 1782),
(2151, 1699),
(2152, 1699),
(2153, 1698),
(2154, 1699),
(2155, 1699),
(2156, 1700),
(2156, 1701),
(2156, 1707),
(2156, 1708),
(2156, 1709),
(2156, 1710),
(2156, 1711),
(2157, 1702),
(2157, 1717),
(2157, 1718),
(2157, 1719),
(2157, 1720),
(2157, 1721),
(2157, 1722),
(2158, 1703),
(2158, 1723),
(2159, 1705),
(2160, 1705),
(2160, 1732),
(2161, 1706),
(2162, 1728),
(2163, 1756),
(2164, 1738),
(2165, 1730),
(2166, 1738),
(2167, 1730),
(2168, 1732),
(2168, 1758),
(2169, 1738),
(2170, 1736),
(2170, 1738),
(2171, 1742),
(2172, 1738),
(2172, 1742),
(2173, 1744),
(2176, 1716),
(2177, 1724),
(2178, 1724),
(2179, 1738),
(2180, 1725),
(2181, 1743),
(2182, 1763),
(2183, 1733),
(2183, 1762),
(2184, 1733),
(2184, 1762),
(2185, 1733),
(2185, 1762),
(2186, 1727),
(2187, 1727),
(2188, 1738),
(2189, 1738),
(2189, 1783),
(2190, 1769),
(2191, 1741),
(2194, 1728),
(2195, 1728),
(2196, 1729),
(2197, 1729),
(2198, 1729),
(2199, 1729),
(2200, 1729),
(2202, 1762),
(2202, 1766),
(2203, 1762),
(2203, 1766),
(2205, 1761),
(2206, 1731),
(2207, 1730),
(2209, 1730),
(2210, 1734),
(2211, 1735),
(2214, 1737),
(2215, 1745),
(2215, 1757),
(2216, 1742),
(2217, 1746),
(2218, 1763),
(2219, 1769),
(2220, 1780),
(2221, 1764),
(2222, 1769),
(2223, 1770),
(2224, 1769),
(2224, 1783),
(2225, 1769),
(2226, 1769),
(2226, 1770),
(2227, 1769),
(2227, 1770),
(2234, 1781),
(2235, 1781),
(2236, 1781),
(2237, 1781),
(2238, 1781),
(2239, 1780),
(2240, 1783),
(2242, 1760),
(2243, 1770),
(2244, 1759),
(2247, 1772),
(2248, 1772),
(2249, 1757),
(2250, 1757),
(2251, 1757),
(2252, 1756),
(2253, 1757),
(2254, 1757),
(2255, 1759),
(2256, 1761),
(2261, 1765),
(2268, 1774),
(2268, 1776),
(2269, 1774),
(2269, 1775),
(2270, 1777),
(2270, 1779),
(2271, 1778),
(2271, 1779),
(2272, 1773),
(2278, 1784),
(2286, 1782),
(2302, 1785),
(2304, 1785);

-- --------------------------------------------------------

--
-- Estructura de tabla para la tabla `personas`
--

CREATE TABLE `personas` (
  `RUT` char(10) COLLATE utf8_spanish_ci NOT NULL,
  `NOM_PERSONAS` char(30) COLLATE utf8_spanish_ci NOT NULL,
  `ID_PERSONAS` int(11) NOT NULL,
  `ID_ROL` int(11) NOT NULL,
  `CLAVE` char(10) COLLATE utf8_spanish_ci NOT NULL,
  `ACTIVO` char(3) COLLATE utf8_spanish_ci DEFAULT NULL
) ENGINE=InnoDB DEFAULT CHARSET=utf8 COLLATE=utf8_spanish_ci;

--
-- Volcado de datos para la tabla `personas`
--

INSERT INTO `personas` (`RUT`, `NOM_PERSONAS`, `ID_PERSONAS`, `ID_ROL`, `CLAVE`, `ACTIVO`) VALUES
('156124966', 'Anita Guevara', 1, 3, 'Oli2020', 'si'),
('265679145', 'Hector Padilla', 2, 2, 'Oli2020', 'si'),
('152677758', 'Andres Retamal', 3, 2, 'Oli2020', 'si'),
('152532474', 'Fernando Pinilla', 4, 2, 'Oli2020', 'si'),
('331788090', 'Bernardo Ojeda', 5, 2, 'Oli2020', 'si'),
('160964669', 'Julio Antonio Olivares', 6, 3, 'Oli2020', 'si'),
('136245198', 'Julio Alejandro Olivares', 7, 2, 'Oli2020', 'si'),
('111111111', 'Jhoan Cardenas', 8, 2, 'Oli2020', 'si'),
('171517303', 'Juan Cavieres', 9, 2, 'Oli2020', 'si'),
('141512145', 'Isaac Soto', 10, 2, 'Oli2020', 'si'),
('13282406-1', 'Hugo Ripetti', 12, 2, 'Oli2020', 'si'),
('265086446', 'Eusebio Diaz', 13, 2, 'Oli2020', 'si'),
('177664790', 'Alvaro Cortes', 14, 2, 'Oli2020', 'si'),
('11111111-1', 'Luis Vasquez', 15, 2, 'Oli2020', 'si'),
('11111111-1', 'Sebastian Carmona', 16, 2, 'Oli2020', 'si'),
('11111111-1', 'Ursula Hernández', 17, 2, 'Oli2020', 'si'),
('136241737', 'Edgardo Iturra', 18, 2, 'Oli2020', 'si'),
('11111111-1', 'Pedro Lobos', 19, 2, 'Oli2020', 'si'),
('11111111-1', 'Adan Godoy', 20, 2, 'Oli2020', 'si'),
('11111111-1', 'Adolfo Salazar', 21, 2, 'Oli2020', 'si'),
('11111111-1', 'Alejandro Arro', 22, 2, 'Oli2020', 'si'),
('11111111-1', 'Argenis Padilla', 23, 2, 'Oli2020', 'si'),
('11111111-1', 'Bastian Morales', 24, 2, 'Oli2020', 'si'),
('11111111-1', 'Bruno Contreras', 25, 2, 'Oli2020', 'si'),
('11111111-1', 'Bryan Ureta', 26, 2, 'Oli2020', 'si'),
('11111111-1', 'Carlos Carrasco', 27, 2, 'Oli2020', 'si'),
('11111111-1', 'Cesar Seguel', 28, 2, 'Oli2020', 'si'),
('11111111-1', 'Christofer Berrocal', 29, 2, 'Oli2020', 'si'),
('11111111-1', 'Daniel Gonzalez', 30, 2, 'Oli2020', 'si'),
('11111111-1', 'Daniel Salazar', 31, 2, 'Oli2020', 'si'),
('11111111-1', 'Demicio Garrido', 32, 2, 'Oli2020', 'si'),
('11111111-1', 'Edison Gomez', 33, 2, 'Oli2020', 'si'),
('11111111-1', 'Eugenio Suárez', 34, 2, 'Oli2020', 'si'),
('11111111-1', 'Francisco Muñoz', 36, 2, 'Oli2020', 'si'),
('11111111-1', 'Francisco Sanchez', 37, 2, 'Oli2020', 'si'),
('11111111-1', 'Gabriel Ruz', 38, 2, 'Oli2020', 'si'),
('11111111-1', 'Gonzalo Quiroga', 39, 2, 'Oli2020', 'si'),
('11111111-1', 'Ignacio Ibañez', 40, 2, 'Oli2020', 'si'),
('11111111-1', 'Jairo Sanchez', 41, 2, 'Oli2020', 'si'),
('11111111-1', 'Juan Aldana', 43, 2, 'Oli2020', 'si'),
('11111111-1', 'Juan Escalona', 44, 2, 'Oli2020', 'si'),
('11111111-1', 'Juan Hernandez', 45, 2, 'Oli2020', 'si'),
('11111111-1', 'Juan Martinez', 46, 2, 'Oli2020', 'si'),
('11111111-1', 'Juan Montecino', 47, 2, 'Oli2020', 'si'),
('11111111-1', 'Juan Nuñez', 48, 2, 'Oli2020', 'si'),
('11111111-1', 'Luis Alcantara', 49, 2, 'Oli2020', 'si'),
('11111111-1', 'Luis Fuentes', 50, 2, 'Oli2020', 'si'),
('11111111-1', 'Luis Ibaceta', 51, 2, 'Oli2020', 'si'),
('11111111-1', 'Luis Jimenez', 52, 2, 'Oli2020', 'si'),
('11111111-1', 'Luis Leal', 53, 2, 'Oli2020', 'si'),
('11111111-1', 'Manuel Poblete', 54, 2, 'Oli2020', 'si'),
('11111111-1', 'Marcos Bravo', 55, 2, 'Oli2020', 'si'),
('11111111-1', 'Mariano Escobedo', 56, 2, 'Oli2020', 'si'),
('11111111-1', 'Mauro Vargas', 57, 2, 'Oli2020', 'si'),
('11111111-1', 'Nelson Contreras', 58, 2, 'Oli2020', 'si'),
('11111111-1', 'Nelson Ramirez', 59, 2, 'Oli2020', 'si'),
('11111111-1', 'Nicolás Gallardo', 60, 2, 'Oli2020', 'si'),
('11111111-1', 'Nicolas Meza', 61, 2, 'Oli2020', 'si'),
('11111111-1', 'Orlando Correa', 62, 2, 'Oli2020', 'si'),
('11111111-1', 'Patricio Aravena', 63, 2, 'Oli2020', 'si'),
('11111111-1', 'Patricio Corvalan', 64, 2, 'Oli2020', 'si'),
('11111111-1', 'Patricio Sanchez', 65, 2, 'Oli2020', 'si'),
('11111111-1', 'Patricio Urrutia', 66, 2, 'Oli2020', 'si'),
('11111111-1', 'Raul Barria', 67, 2, 'Oli2020', 'si'),
('11111111-1', 'René Montilla', 68, 2, 'Oli2020', 'si'),
('11111111-1', 'Roberto Leiva', 69, 2, 'Oli2020', 'si'),
('11111111-1', 'Rodrigo Jara', 70, 2, 'Oli2020', 'si'),
('11111111-1', 'Rodrigo Nuñez', 71, 2, 'Oli2020', 'si'),
('11111111-1', 'Ruben Santibañez', 72, 2, 'Oli2020', 'si'),
('11111111-1', 'Sandro Soto', 73, 2, 'Oli2020', 'si'),
('11111111-1', 'Sergio Hernández', 74, 2, 'Oli2020', 'si'),
('197462647', 'Ytza Bruna', 75, 3, 'Oli2020', 'si'),
('11111111', 'Sin información', 76, 1, '111111115', NULL),
('268475273', 'kristina El-Ghory', 77, 3, 'Oli2020', 'si'),
('26047185-6', 'Jenibeth Garcia', 79, 3, 'Oli2020', 'si'),
('260471856', 'Jenibeth Garcia', 80, 2, 'Oli2020', 'si'),
('0260471856', 'Jenibeth Garcia', 81, 1, 'Oli2020', 'si');

-- --------------------------------------------------------

--
-- Estructura de tabla para la tabla `region`
--

CREATE TABLE `region` (
  `ID_REGION` int(11) NOT NULL,
  `NOM_REGION` char(30) COLLATE utf8_spanish_ci NOT NULL
) ENGINE=InnoDB DEFAULT CHARSET=utf8 COLLATE=utf8_spanish_ci;

--
-- Volcado de datos para la tabla `region`
--

INSERT INTO `region` (`ID_REGION`, `NOM_REGION`) VALUES
(1, 'XV - Arica y Parinacota'),
(2, 'I - Tarapacá'),
(3, 'II - Antofagasta'),
(4, 'III - Atacama'),
(5, 'IV - Coquimbo'),
(6, 'V - Valparaiso'),
(7, 'RM - Metropolitana de Santiago'),
(8, 'VI - Libertador General Bernar'),
(9, 'VII - Maule'),
(10, 'XVI - Ñuble'),
(11, 'VIII - Biobío'),
(12, 'IX - La Araucanía'),
(13, 'XIV - Los Ríos'),
(14, 'X - Los Lagos'),
(15, 'XI - Aysén del General Carlos'),
(16, 'XII - Magallanes y de la Antár'),
(1000, 'Sin información');

-- --------------------------------------------------------

--
-- Estructura de tabla para la tabla `rol`
--

CREATE TABLE `rol` (
  `ID_ROL` int(11) NOT NULL,
  `NOM_ROL` char(200) COLLATE utf8_spanish_ci NOT NULL
) ENGINE=InnoDB DEFAULT CHARSET=utf8 COLLATE=utf8_spanish_ci;

--
-- Volcado de datos para la tabla `rol`
--

INSERT INTO `rol` (`ID_ROL`, `NOM_ROL`) VALUES
(1, 'Administrador'),
(2, 'Normal'),
(3, 'Cobranza');

-- --------------------------------------------------------

--
-- Estructura de tabla para la tabla `sitio`
--

CREATE TABLE `sitio` (
  `ID_SITIO` int(11) NOT NULL,
  `CP` int(11) DEFAULT NULL,
  `NOM_SITIO` char(150) COLLATE utf8_spanish_ci NOT NULL
) ENGINE=InnoDB DEFAULT CHARSET=utf8 COLLATE=utf8_spanish_ci;

-- --------------------------------------------------------

--
-- Estructura de tabla para la tabla `supentel`
--

CREATE TABLE `supentel` (
  `ID_SUPENTEL` int(11) NOT NULL,
  `NOM_SUPENTEL` char(50) COLLATE utf8_spanish_ci NOT NULL
) ENGINE=InnoDB DEFAULT CHARSET=utf8 COLLATE=utf8_spanish_ci;

--
-- Volcado de datos para la tabla `supentel`
--

INSERT INTO `supentel` (`ID_SUPENTEL`, `NOM_SUPENTEL`) VALUES
(1, 'Alex Curihuinca'),
(2, 'Alfonso Alvarado'),
(3, 'Andres Cerda'),
(4, 'Benjamin Hernandez'),
(5, 'Bruno Contreras'),
(6, 'Carlos Aguilar Castro'),
(7, 'Carlos Arce'),
(8, 'Carlos Sersen'),
(9, 'Carolina Toro'),
(10, 'Claudio Espinoza'),
(11, 'Cristobal Segura'),
(12, 'Daniel Salazar'),
(13, 'Daniel Sepulveda'),
(14, 'David Parra'),
(15, 'David Rojas'),
(16, 'Demicio Garrido'),
(17, 'Edgardo Iturra'),
(18, 'Esteban Zapata'),
(19, 'Fabian Gonzalez'),
(20, 'Flavio Gomez'),
(21, 'Franco Fernandez'),
(22, 'Franklin Urra'),
(23, 'Gabriel Ruz'),
(24, 'Gonzalo Quiroga'),
(25, 'Gonzalo Ubilla'),
(26, 'Gustavo Varela'),
(27, 'Hector Badilla'),
(28, 'Hector Vega'),
(29, 'Hugo Vidal'),
(30, 'Ignacio Ibañez'),
(31, 'Ignacio Rachner'),
(32, 'Ignacio Zepeda'),
(33, 'Jorge Martinez'),
(34, 'Jorge Rojas Contreras'),
(35, 'Jose Ochoa'),
(36, 'Juan Acevedo'),
(37, 'Juan Escalona'),
(38, 'Juan Montecinos'),
(39, 'Juan Nuñez'),
(40, 'Juan Reyes'),
(41, 'Juan Rojas'),
(42, 'Leonardo Caddeo'),
(43, 'Luis Cruz'),
(44, 'Luis Dominguez'),
(45, 'Luis Ibaceta'),
(46, 'Luis Leal'),
(47, 'Luis Venegas'),
(48, 'Marcial Muñoz'),
(49, 'Marco Ortiz'),
(50, 'Marco Ulloa'),
(51, 'Mauricio Nuñez'),
(52, 'Michael Zuñiga'),
(53, 'Miguel Rivera'),
(54, 'Monica Feria'),
(55, 'Nestor Videla'),
(56, 'Nicolas Fuenzalida'),
(57, 'Nicolas Garcia'),
(58, 'Nicolas Meza'),
(59, 'Orlando Correa'),
(60, 'Oscar Obreque'),
(61, 'Patricio Aravena'),
(62, 'Patricio Barrera'),
(63, 'Patricio Quezada'),
(64, 'Patricio Urrutia'),
(65, 'Pedro Ortiz'),
(66, 'Ramiro Ramirez'),
(67, 'Raymi Cruz'),
(68, 'Rene Gutierrez'),
(69, 'Reyner Campos'),
(70, 'Ricardo Victoriano'),
(71, 'Richard Astorga'),
(72, 'Richard Jofre'),
(73, 'Roberto Epuyao'),
(74, 'Rodolfo Silva'),
(75, 'Rodrigo Herrera'),
(76, 'Rodrigo Nuñez'),
(77, 'Ruben Cifuentes'),
(78, 'Tania Medina'),
(79, 'Victor Quezada'),
(80, 'Washington Hernandez'),
(81, 'Carlos Zurita'),
(82, 'Patricio Corvalan'),
(1000, 'Sin información');

-- --------------------------------------------------------

--
-- Estructura de tabla para la tabla `tipo`
--

CREATE TABLE `tipo` (
  `ID_TIPO` int(11) NOT NULL,
  `NOM_TIPO` char(30) COLLATE utf8_spanish_ci NOT NULL
) ENGINE=InnoDB DEFAULT CHARSET=utf8 COLLATE=utf8_spanish_ci;

--
-- Volcado de datos para la tabla `tipo`
--

INSERT INTO `tipo` (`ID_TIPO`, `NOM_TIPO`) VALUES
(1, 'Por Proyecto'),
(2, 'Servicio Fijo Mensual');

-- --------------------------------------------------------

--
-- Estructura de tabla para la tabla `tipo_informe`
--

CREATE TABLE `tipo_informe` (
  `ID_TIPO` int(11) NOT NULL,
  `NOMBRE` char(50) COLLATE utf8_spanish_ci NOT NULL
) ENGINE=InnoDB DEFAULT CHARSET=utf8 COLLATE=utf8_spanish_ci;

--
-- Volcado de datos para la tabla `tipo_informe`
--

INSERT INTO `tipo_informe` (`ID_TIPO`, `NOMBRE`) VALUES
(1, 'IP'),
(2, 'LPU'),
(3, 'LPU X Cliente'),
(4, 'Acceptance Certificate');

--
-- Índices para tablas volcadas
--

--
-- Indices de la tabla `agrupacion`
--
ALTER TABLE `agrupacion`
  ADD PRIMARY KEY (`ID_AGRUP`);

--
-- Indices de la tabla `cargo`
--
ALTER TABLE `cargo`
  ADD PRIMARY KEY (`ID_CARGO`);

--
-- Indices de la tabla `cargo_de_persona`
--
ALTER TABLE `cargo_de_persona`
  ADD PRIMARY KEY (`ID_CARGO`,`ID_PERSONAS`),
  ADD KEY `FK_RELATIONSHIP_2` (`ID_PERSONAS`);

--
-- Indices de la tabla `centro_de_costo`
--
ALTER TABLE `centro_de_costo`
  ADD PRIMARY KEY (`ID_CC`),
  ADD KEY `FK_RELATIONSHIP_19` (`ID_AGRUP`),
  ADD KEY `FK_RELATIONSHIP_20` (`ID_LINEA`),
  ADD KEY `FK_RELATIONSHIP_21` (`ID_DETALLE`);

--
-- Indices de la tabla `ciudad`
--
ALTER TABLE `ciudad`
  ADD PRIMARY KEY (`ID_CIUDAD`),
  ADD KEY `FK_RELATIONSHIP_22` (`ID_REGION`);

--
-- Indices de la tabla `cliente`
--
ALTER TABLE `cliente`
  ADD PRIMARY KEY (`ID_CL`);

--
-- Indices de la tabla `comprometidos`
--
ALTER TABLE `comprometidos`
  ADD PRIMARY KEY (`CP`,`ID_CARGO`,`ID_PERSONAS`),
  ADD KEY `FK_RELATIONSHIP_5` (`ID_CARGO`,`ID_PERSONAS`);

--
-- Indices de la tabla `concepto`
--
ALTER TABLE `concepto`
  ADD PRIMARY KEY (`CP`),
  ADD KEY `FK_RELATIONSHIP_10` (`ID_TIPO`),
  ADD KEY `FK_RELATIONSHIP_24` (`ID_SUPENTEL`),
  ADD KEY `FK_RELATIONSHIP_25` (`ID_JDE`),
  ADD KEY `FK_RELATIONSHIP_26` (`ID_CIUDAD`),
  ADD KEY `FK_RELATIONSHIP_27` (`ID_EO_COB`),
  ADD KEY `FK_RELATIONSHIP_7` (`ID_CC`);

--
-- Indices de la tabla `detalle`
--
ALTER TABLE `detalle`
  ADD PRIMARY KEY (`ID_DETALLE`);

--
-- Indices de la tabla `estado_cobranza`
--
ALTER TABLE `estado_cobranza`
  ADD PRIMARY KEY (`ID_EO_COB`);

--
-- Indices de la tabla `factura`
--
ALTER TABLE `factura`
  ADD PRIMARY KEY (`ID_FACT`),
  ADD KEY `FK_RELATIONSHIP_12` (`ID_CL`);

--
-- Indices de la tabla `informe_de_pago`
--
ALTER TABLE `informe_de_pago`
  ADD PRIMARY KEY (`ID_IP`),
  ADD KEY `FK_RELATIONSHIP_17` (`CP`),
  ADD KEY `FK_RELATIONSHIP_18` (`ID_TIPO`);

--
-- Indices de la tabla `involucrados_en_cc`
--
ALTER TABLE `involucrados_en_cc`
  ADD PRIMARY KEY (`ID_CC`,`ID_CARGO`,`ID_PERSONAS`),
  ADD KEY `FK_RELATIONSHIP_8` (`ID_CARGO`,`ID_PERSONAS`);

--
-- Indices de la tabla `jefe_entel`
--
ALTER TABLE `jefe_entel`
  ADD PRIMARY KEY (`ID_JDE`);

--
-- Indices de la tabla `linea_de_negocio`
--
ALTER TABLE `linea_de_negocio`
  ADD PRIMARY KEY (`ID_LINEA`);

--
-- Indices de la tabla `oc`
--
ALTER TABLE `oc`
  ADD PRIMARY KEY (`ID_OC`),
  ADD KEY `FK_RELATIONSHIP_13` (`ID_FACT`);

--
-- Indices de la tabla `pago_fact`
--
ALTER TABLE `pago_fact`
  ADD PRIMARY KEY (`ID_IP`,`ID_FACT`),
  ADD KEY `FK_RELATIONSHIP_29` (`ID_FACT`);

--
-- Indices de la tabla `personas`
--
ALTER TABLE `personas`
  ADD PRIMARY KEY (`ID_PERSONAS`),
  ADD KEY `FK_RELATIONSHIP_23` (`ID_ROL`);

--
-- Indices de la tabla `region`
--
ALTER TABLE `region`
  ADD PRIMARY KEY (`ID_REGION`);

--
-- Indices de la tabla `rol`
--
ALTER TABLE `rol`
  ADD PRIMARY KEY (`ID_ROL`);

--
-- Indices de la tabla `sitio`
--
ALTER TABLE `sitio`
  ADD PRIMARY KEY (`ID_SITIO`),
  ADD KEY `FK_RELATIONSHIP_28` (`CP`);

--
-- Indices de la tabla `supentel`
--
ALTER TABLE `supentel`
  ADD PRIMARY KEY (`ID_SUPENTEL`);

--
-- Indices de la tabla `tipo`
--
ALTER TABLE `tipo`
  ADD PRIMARY KEY (`ID_TIPO`);

--
-- Indices de la tabla `tipo_informe`
--
ALTER TABLE `tipo_informe`
  ADD PRIMARY KEY (`ID_TIPO`);

--
-- AUTO_INCREMENT de las tablas volcadas
--

--
-- AUTO_INCREMENT de la tabla `agrupacion`
--
ALTER TABLE `agrupacion`
  MODIFY `ID_AGRUP` int(11) NOT NULL AUTO_INCREMENT, AUTO_INCREMENT=29;

--
-- AUTO_INCREMENT de la tabla `cargo`
--
ALTER TABLE `cargo`
  MODIFY `ID_CARGO` int(11) NOT NULL AUTO_INCREMENT, AUTO_INCREMENT=4;

--
-- AUTO_INCREMENT de la tabla `centro_de_costo`
--
ALTER TABLE `centro_de_costo`
  MODIFY `ID_CC` int(11) NOT NULL AUTO_INCREMENT, AUTO_INCREMENT=56;

--
-- AUTO_INCREMENT de la tabla `ciudad`
--
ALTER TABLE `ciudad`
  MODIFY `ID_CIUDAD` int(11) NOT NULL AUTO_INCREMENT, AUTO_INCREMENT=1001;

--
-- AUTO_INCREMENT de la tabla `cliente`
--
ALTER TABLE `cliente`
  MODIFY `ID_CL` int(11) NOT NULL AUTO_INCREMENT, AUTO_INCREMENT=3;

--
-- AUTO_INCREMENT de la tabla `concepto`
--
ALTER TABLE `concepto`
  MODIFY `CP` int(11) NOT NULL AUTO_INCREMENT, AUTO_INCREMENT=5000693;

--
-- AUTO_INCREMENT de la tabla `detalle`
--
ALTER TABLE `detalle`
  MODIFY `ID_DETALLE` int(11) NOT NULL AUTO_INCREMENT, AUTO_INCREMENT=9;

--
-- AUTO_INCREMENT de la tabla `estado_cobranza`
--
ALTER TABLE `estado_cobranza`
  MODIFY `ID_EO_COB` int(11) NOT NULL AUTO_INCREMENT, AUTO_INCREMENT=10;

--
-- AUTO_INCREMENT de la tabla `factura`
--
ALTER TABLE `factura`
  MODIFY `ID_FACT` int(11) NOT NULL AUTO_INCREMENT, AUTO_INCREMENT=1786;

--
-- AUTO_INCREMENT de la tabla `informe_de_pago`
--
ALTER TABLE `informe_de_pago`
  MODIFY `ID_IP` int(11) NOT NULL AUTO_INCREMENT, AUTO_INCREMENT=2309;

--
-- AUTO_INCREMENT de la tabla `jefe_entel`
--
ALTER TABLE `jefe_entel`
  MODIFY `ID_JDE` int(11) NOT NULL AUTO_INCREMENT, AUTO_INCREMENT=1001;

--
-- AUTO_INCREMENT de la tabla `linea_de_negocio`
--
ALTER TABLE `linea_de_negocio`
  MODIFY `ID_LINEA` int(11) NOT NULL AUTO_INCREMENT, AUTO_INCREMENT=5;

--
-- AUTO_INCREMENT de la tabla `oc`
--
ALTER TABLE `oc`
  MODIFY `ID_OC` int(11) NOT NULL AUTO_INCREMENT, AUTO_INCREMENT=167;

--
-- AUTO_INCREMENT de la tabla `personas`
--
ALTER TABLE `personas`
  MODIFY `ID_PERSONAS` int(11) NOT NULL AUTO_INCREMENT, AUTO_INCREMENT=82;

--
-- AUTO_INCREMENT de la tabla `region`
--
ALTER TABLE `region`
  MODIFY `ID_REGION` int(11) NOT NULL AUTO_INCREMENT, AUTO_INCREMENT=1001;

--
-- AUTO_INCREMENT de la tabla `rol`
--
ALTER TABLE `rol`
  MODIFY `ID_ROL` int(11) NOT NULL AUTO_INCREMENT, AUTO_INCREMENT=4;

--
-- AUTO_INCREMENT de la tabla `sitio`
--
ALTER TABLE `sitio`
  MODIFY `ID_SITIO` int(11) NOT NULL AUTO_INCREMENT;

--
-- AUTO_INCREMENT de la tabla `supentel`
--
ALTER TABLE `supentel`
  MODIFY `ID_SUPENTEL` int(11) NOT NULL AUTO_INCREMENT, AUTO_INCREMENT=1001;

--
-- AUTO_INCREMENT de la tabla `tipo`
--
ALTER TABLE `tipo`
  MODIFY `ID_TIPO` int(11) NOT NULL AUTO_INCREMENT, AUTO_INCREMENT=3;

--
-- AUTO_INCREMENT de la tabla `tipo_informe`
--
ALTER TABLE `tipo_informe`
  MODIFY `ID_TIPO` int(11) NOT NULL AUTO_INCREMENT, AUTO_INCREMENT=5;

--
-- Restricciones para tablas volcadas
--

--
-- Filtros para la tabla `cargo_de_persona`
--
ALTER TABLE `cargo_de_persona`
  ADD CONSTRAINT `FK_RELATIONSHIP_2` FOREIGN KEY (`ID_PERSONAS`) REFERENCES `personas` (`ID_PERSONAS`),
  ADD CONSTRAINT `FK_RELATIONSHIP_3` FOREIGN KEY (`ID_CARGO`) REFERENCES `cargo` (`ID_CARGO`);

--
-- Filtros para la tabla `centro_de_costo`
--
ALTER TABLE `centro_de_costo`
  ADD CONSTRAINT `FK_RELATIONSHIP_19` FOREIGN KEY (`ID_AGRUP`) REFERENCES `agrupacion` (`ID_AGRUP`),
  ADD CONSTRAINT `FK_RELATIONSHIP_20` FOREIGN KEY (`ID_LINEA`) REFERENCES `linea_de_negocio` (`ID_LINEA`),
  ADD CONSTRAINT `FK_RELATIONSHIP_21` FOREIGN KEY (`ID_DETALLE`) REFERENCES `detalle` (`ID_DETALLE`);

--
-- Filtros para la tabla `ciudad`
--
ALTER TABLE `ciudad`
  ADD CONSTRAINT `FK_RELATIONSHIP_22` FOREIGN KEY (`ID_REGION`) REFERENCES `region` (`ID_REGION`);

--
-- Filtros para la tabla `comprometidos`
--
ALTER TABLE `comprometidos`
  ADD CONSTRAINT `FK_RELATIONSHIP_5` FOREIGN KEY (`ID_CARGO`,`ID_PERSONAS`) REFERENCES `cargo_de_persona` (`ID_CARGO`, `ID_PERSONAS`),
  ADD CONSTRAINT `FK_RELATIONSHIP_6` FOREIGN KEY (`CP`) REFERENCES `concepto` (`CP`);

--
-- Filtros para la tabla `concepto`
--
ALTER TABLE `concepto`
  ADD CONSTRAINT `FK_RELATIONSHIP_10` FOREIGN KEY (`ID_TIPO`) REFERENCES `tipo` (`ID_TIPO`),
  ADD CONSTRAINT `FK_RELATIONSHIP_24` FOREIGN KEY (`ID_SUPENTEL`) REFERENCES `supentel` (`ID_SUPENTEL`),
  ADD CONSTRAINT `FK_RELATIONSHIP_25` FOREIGN KEY (`ID_JDE`) REFERENCES `jefe_entel` (`ID_JDE`),
  ADD CONSTRAINT `FK_RELATIONSHIP_26` FOREIGN KEY (`ID_CIUDAD`) REFERENCES `ciudad` (`ID_CIUDAD`),
  ADD CONSTRAINT `FK_RELATIONSHIP_27` FOREIGN KEY (`ID_EO_COB`) REFERENCES `estado_cobranza` (`ID_EO_COB`),
  ADD CONSTRAINT `FK_RELATIONSHIP_7` FOREIGN KEY (`ID_CC`) REFERENCES `centro_de_costo` (`ID_CC`);

--
-- Filtros para la tabla `factura`
--
ALTER TABLE `factura`
  ADD CONSTRAINT `FK_RELATIONSHIP_12` FOREIGN KEY (`ID_CL`) REFERENCES `cliente` (`ID_CL`);

--
-- Filtros para la tabla `informe_de_pago`
--
ALTER TABLE `informe_de_pago`
  ADD CONSTRAINT `FK_RELATIONSHIP_17` FOREIGN KEY (`CP`) REFERENCES `concepto` (`CP`),
  ADD CONSTRAINT `FK_RELATIONSHIP_18` FOREIGN KEY (`ID_TIPO`) REFERENCES `tipo_informe` (`ID_TIPO`);

--
-- Filtros para la tabla `involucrados_en_cc`
--
ALTER TABLE `involucrados_en_cc`
  ADD CONSTRAINT `FK_RELATIONSHIP_8` FOREIGN KEY (`ID_CARGO`,`ID_PERSONAS`) REFERENCES `cargo_de_persona` (`ID_CARGO`, `ID_PERSONAS`),
  ADD CONSTRAINT `FK_RELATIONSHIP_9` FOREIGN KEY (`ID_CC`) REFERENCES `centro_de_costo` (`ID_CC`);

--
-- Filtros para la tabla `oc`
--
ALTER TABLE `oc`
  ADD CONSTRAINT `FK_RELATIONSHIP_13` FOREIGN KEY (`ID_FACT`) REFERENCES `factura` (`ID_FACT`);

--
-- Filtros para la tabla `pago_fact`
--
ALTER TABLE `pago_fact`
  ADD CONSTRAINT `FK_RELATIONSHIP_29` FOREIGN KEY (`ID_FACT`) REFERENCES `factura` (`ID_FACT`),
  ADD CONSTRAINT `FK_RELATIONSHIP_30` FOREIGN KEY (`ID_IP`) REFERENCES `informe_de_pago` (`ID_IP`);

--
-- Filtros para la tabla `personas`
--
ALTER TABLE `personas`
  ADD CONSTRAINT `FK_RELATIONSHIP_23` FOREIGN KEY (`ID_ROL`) REFERENCES `rol` (`ID_ROL`);

--
-- Filtros para la tabla `sitio`
--
ALTER TABLE `sitio`
  ADD CONSTRAINT `FK_RELATIONSHIP_28` FOREIGN KEY (`CP`) REFERENCES `concepto` (`CP`);
COMMIT;

/*!40101 SET CHARACTER_SET_CLIENT=@OLD_CHARACTER_SET_CLIENT */;
/*!40101 SET CHARACTER_SET_RESULTS=@OLD_CHARACTER_SET_RESULTS */;
/*!40101 SET COLLATION_CONNECTION=@OLD_COLLATION_CONNECTION */;
